economy,Country,YR2010,YR2011,YR2012,YR2013,YR2014,YR2015,YR2016,YR2017,YR2018,YR2019,YR2020,YR2021,YR2022,YR2023
ZWE,Zimbabwe,1.54405999183655,,6.07020998001099,5.99597978591919,6.13835000991821,,,2.00339007377625,2.05048990249634,,,,,0.384771297211919
ZMB,Zambia,3.41600445393739,3.35772272046971,3.69500242842903,3.71820710892018,5.15225706811611,4.62433004379272,3.74792003631592,3.72964000701904,4.73974990844727,4.4182401844799,3.94374100561712,3.11363465307753,3.65884092023983,4.07374933049157
YEM,"Yemen, Rep.",,,,,,,,,,,,,,
PSE,West Bank and Gaza,6.19167995452881,5.33527994155884,4.74210977554321,4.89467000961304,,4.66321992874146,4.98296022415161,4.72153997421265,,,,5.43442010879517,,
VIR,Virgin Islands (U.S.),,,,,,,,,,,,,,
VNM,Viet Nam,4.04593992233276,3.7802300453186,4.40817022323608,4.52833986282349,3.54012312110584,3.41660449674943,3.46906995773315,3.41865686539527,3.29537010192871,3.08499832693462,3.21652900152514,2.94517488804327,2.88738689372749,
VEN,"Venezuela, RB",,,,,,,,,,,,,,0.0031300000846386
VUT,Vanuatu,,,,,5.18195009231567,5.60338020324707,7.67742589514444,4.5334300994873,8.60634669948001,1.77407002449036,2.17358994483948,10.1102406419734,10.7033456499063,7.58135986328125
UZB,Uzbekistan,,,,5.74190998077393,5.71323013305664,5.49444007873535,5.38089990615845,4.48249006271362,4.83589298172277,6.29534678547216,4.44021987915039,4.13580989837646,5.23477171022152,5.47287597270024
URY,Uruguay,,4.14937019348145,4.09353338283242,4.23892021179199,4.26735019683838,4.20636987686157,4.36420011520386,4.41787004470825,4.60361003875732,4.62833976745605,4.54292011260986,4.46065998077393,4.5073299407959,4.81125020980835
USA,United States,,,,,,4.93063020706177,4.78327989578247,5.09296989440918,4.89502000808716,4.95746994018555,5.39531993865967,5.42038011550903,,
GBR,United Kingdom,5.69867992401123,5.57218980789185,,5.52530002593994,5.60134983062744,5.55452013015747,5.42795991897583,5.45256996154785,5.20437002182007,5.26115989685059,5.43935012817383,5.90682983398438,,
ARE,United Arab Emirates,,,,,,,,,,3.86020994186401,3.98417997360229,3.89403009414673,,
UKR,Ukraine,,5.93770980834961,6.44269990921021,6.41989994049072,5.87493991851807,5.33951727495092,5.00977993011475,5.41707992553711,5.3199200630188,5.44129991531372,5.38231992721558,5.14011001586914,,
UGA,Uganda,1.72739994525909,2.29890990257263,1.79746997356415,1.87114000320435,1.91472005844116,2.32152009010315,2.13789010047913,2.25363993644714,2.13052010536194,2.30828081242322,2.57222181308255,2.63593612308533,2.56105027176925,
TUV,Tuvalu,,,,,,,,,,,14.5482776139014,15.5155119679441,13.7621912480198,12.8456897735596
TCA,Turks and Caicos Islands,,3.16663368961357,2.69749326490282,2.80478695053816,2.74654631561921,3.09325003623962,2.90744573120893,2.47278207606746,2.72622990608215,2.47054004669189,2.46213795190062,3.88573002815247,3.28261995315552,2.68765461969981
TKM,Turkmenistan,,,3.04924988746643,,,,,,,3.12054991722107,3.76267004013061,3.8489100933075,3.58004999160767,2.71291995048523
TUR,Turkiye,,4.221519947052,4.38721990585327,4.34481000900269,4.41258001327515,4.30550003051758,4.62773990631104,4.32368993759155,4.29729986190796,4.44776010513306,4.03382015228271,3.53787994384766,3.09572005271912,
TUN,Tunisia,5.96306991577148,,5.95086002349854,,,6.22044992446899,,,,6.17373240410185,7.26507545467782,6.67984656240779,6.8049896073928,6.73398856321206
TTO,Trinidad and Tobago,4.21155458844183,3.85078840215008,3.57398000577018,3.75275872925405,3.59013796983043,4.42459330779419,4.21428227509361,3.3293687903123,3.47141762674052,3.55386116245268,4.2576699256897,3.00432991981506,2.67331004142761,3.01114988327026
TON,Tonga,,,,,,,,4.63626808288478,4.71514397196975,4.86170396202671,5.04883511346915,5.162544372426,5.31016278046634,
TGO,Togo,2.95977997779846,3.07750010490417,3.37651991844177,3.17475008964539,3.4237699508667,3.71097993850708,3.6624801158905,3.76526999473572,4.09162998199463,4.20164196626882,4.08528017372931,4.22702442483079,3.77811083266775,4.14281885166484
TLS,Timor-Leste,11.1065797805786,10.1935195922852,7.16214990615845,5.66632986068726,7.51430988311768,8.46706962585449,8.12837982177734,7.17093992233276,6.848060131073,4.17968913742937,3.65287360437751,2.97389404101318,,5.24052834781801
THA,Thailand,3.50844001770019,4.80555009841919,4.53670978546143,4.12402009963989,3.91917751852112,3.86397622727286,3.76761756770937,3.46532147640365,3.19769395901619,3.02221411183282,3.15314171737183,2.98212428478268,2.61187022798634,2.52122219628772
TZA,Tanzania,4.54169988632202,4.57789905920015,4.22964300342458,4.63769446369719,3.38488006591797,4.19486548285076,4.10196721791864,4.4305100440979,3.69960999488831,3.59683638888648,3.23097255920833,3.11515335288784,3.2382450375764,3.25853222146531
TJK,Tajikistan,4.00675010681152,3.93511009216309,4.01803016662598,5.29397617900035,5.59398898966753,4.96774005889893,5.73094142576332,5.54471764262202,5.38508736377556,5.48427628435415,5.13516829187823,4.38253082077599,5.39829770599001,5.43682120015444
SYR,Syrian Arab Republic,,,,,,,,,,,,,,
CHE,Switzerland,4.80210018157959,4.85663986206055,4.89862012863159,4.91392993927002,4.93057012557983,4.99559020996094,4.98163986206055,5.01765012741089,4.93008995056152,5.01438999176025,5.27676010131836,5.03708982467651,4.92419004440308,
SWE,Sweden,6.56318998336792,6.40656995773315,7.57456016540527,7.64657020568848,7.62924003601074,7.49443006515503,7.63990020751953,7.63850021362305,7.69824981689453,7.66306018829346,7.95333003997803,7.60224008560181,7.31909990310669,
SUR,Suriname,,,,,,5.53479610522553,5.64051904970974,5.45861311514349,4.92259355761269,6.77857289012664,4.58425708265782,4.13154972947739,3.43460841988051,2.86623341491363
SDN,Sudan,,,,,,,,,,,,,,
VCT,St. Vincent and the Grenadines,4.80839014053345,,,,,4.95614634835429,5.45265007019043,5.37974977493286,5.22357988357544,,5.46376310406546,,7.07575034584772,6.4582691706334
MAF,St. Martin (French part),,,,,,,,,,,,,,
LCA,St. Lucia,3.4828999042511,3.5988199710846,3.29098010063171,3.87661004066467,3.89142990112305,3.88088011741638,5.2095799446106,3.6273152206015,3.33276009559631,3.27266001701355,3.61517000198364,5.86197746335882,4.64235019683838,2.74212002754211
KNA,St. Kitts and Nevis,2.54554015619203,2.49706527276352,2.49200145387318,3.26205857202123,2.85307503792741,2.54938006401062,3.00076147453842,2.77100327979144,3.03524983830349,2.72889566429639,3.10568635584663,2.78379011154175,3.5579615526858,3.49726171629099
LKA,Sri Lanka,1.66177999973297,1.74292004108429,1.45342004299164,1.5645899772644,1.85859000682831,2.10998010635376,3.22929000854492,2.59316992759705,1.98781001567841,,1.55792392223723,1.50650579603928,1.20397218661186,1.82774571561927
ESP,Spain,4.8360800743103,4.71897983551025,4.46011018753052,4.32851982116699,4.27524995803833,4.24902009963989,4.19328022003174,4.17845010757446,4.15046977996826,4.20255994796753,4.85116004943848,4.81315994262695,4.58553981781006,
SSD,South Sudan,1.04533007934585,0.962890028953552,1.57674938085481,1.02450001239777,1.23246002197266,1.46555995941162,1.56539228959694,,,,,,,
ZAF,South Africa,5.13497018814087,5.28898000717163,5.52323007583618,5.35071992874146,5.48977994918823,5.48285007476807,5.4442400932312,5.59867000579834,5.64401006698608,5.9115800857544,6.17067003250122,6.5551700592041,6.15599012374878,6.12346982955933
SOM,"Somalia, Fed. Rep.",,,,,,,,,4.00990834307e-06,5.73281247182e-06,6.12054361034e-06,6.75308344309e-06,7.21674775437e-06,8.14262404011e-06
SLB,Solomon Islands,7.47837018966675,,,,,,,,,,9.64354620369343,8.33232704380039,8.48737829731105,8.29349080062944
SVN,Slovenia,5.59362983703613,5.58290004730225,5.6702299118042,5.46767997741699,5.34328985214233,4.95528984069824,4.84419012069702,4.82381010055542,4.97948980331421,4.93479013442993,5.41901016235352,5.39167022705078,5.28065013885498,
SVK,Slovak Republic,4.04704999923706,3.90686988830566,3.85490989685059,4.06078004837036,4.20446014404297,4.56416988372803,3.88375997543335,3.91876006126404,3.93534994125366,4.26779985427856,4.720290184021,4.71646976470947,4.65508985519409,
SXM,Sint Maarten (Dutch part),,,4.61834872782909,,3.06759489680727,,,,,,,,4.27420508508285,3.92363832601723
SGP,Singapore,3.08044004440308,3.03077006340027,3.07085990905762,2.85435009002686,3.01358665503678,2.99161870509909,2.94466258946576,2.87916382421742,2.85660004615784,2.72951006889343,2.6869900226593,2.82470989227295,2.48891997337341,2.14826011657715
SLE,Sierra Leone,1.65470004081726,1.71206998825073,1.84204995632172,1.52128994464874,1.7022500038147,3.21786273563993,1.86107003688812,2.97943997383118,4.46809005737305,4.65362977981567,5.35125017166138,5.59958982467651,4.91130018234253,2.62455277942046
SYC,Seychelles,,3.62995004653931,2.54216003417969,3.61840009689331,3.95247006416321,4.91460990905762,4.0213098526001,3.34617325657655,3.59446940668662,3.5588555711461,4.18704837049316,4.86547351368626,3.65858904774836,4.45409960547034
SRB,Serbia,,4.0735502243042,,,,,3.50274991989136,3.56539011001587,3.43663001060486,3.45865988731384,,3.14615988731384,3.08255004882812,3.40377998352051
SEN,Senegal,0.544770002365112,4.90302991867065,4.77698993682861,5.68656015396118,5.72907018661499,5.4563798904419,5.11309003829956,4.74007987976074,5.11019992828369,5.03527021408081,5.6869797706604,5.61201000213623,5.98753976821899,6.16277045366329
SAU,Saudi Arabia,,,,,,,,,,,,,,5.11466979980469
STP,Sao Tome and Principe,9.9882698059082,8.79410245042467,6.92846012115479,6.68509006500244,4.4321699142456,4.69794988632202,6.11515998840332,5.87489986419678,5.62454986572266,6.10573891896978,5.02931173372591,5.53985041124283,5.19392101712613,5.0288576428727
SMR,San Marino,2.62883996963501,2.70296001434326,,3.26723534651899,3.19357628015873,3.11914279579368,3.02697977142855,3.36997008323669,3.55516004562378,3.37969994544983,3.4246199131012,3.10892009735107,2.89753007888794,
WSM,Samoa,,4.77426341839114,4.89170722777607,4.61486064947671,5.41392159958726,4.42452121728174,3.98114991188049,4.18871569584785,4.47214854040471,4.58404753905646,4.50316850152178,5.2162847162306,6.15978780645853,6.1096302676416
RWA,Rwanda,4.63126993179321,4.38346004486084,4.42103004455566,4.7421498298645,4.19644021987915,3.64711999893189,3.43483996391296,3.1247398853302,3.07375001907349,3.23821222605582,3.33309745728459,5.58984994888306,4.74623012542725,4.92004013061523
RUS,Russian Federation,4.08974230526824,3.71261270253186,3.79310011863708,3.76382994651794,4.01387977600098,3.83402991294861,3.76044011116028,4.68990993499756,4.67819976806641,3.69561429198336,4.01641864383637,3.99480697864774,4.05402755323777,4.16454853394225
ROU,Romania,3.41647005081177,2.91359996795654,2.8234601020813,3.06785011291504,3.12494993209839,3.10693001747131,3.0255401134491,3.11819005012512,3.31710004806519,3.55761003494263,3.57969999313354,3.31561994552612,3.2788200378418,
QAT,Qatar,4.53965997695923,4.01223993301392,3.50744009017944,4.07384014129639,3.60535001754761,,,2.96745991706848,,2.80378007888794,3.2336699962616,,,
PRI,Puerto Rico (US),,,,6.48108005523682,6.07265996932983,3.34032241682023,2.78358429967595,2.72538873126429,2.60388715714737,3.32791002069889,4.28663184360846,3.7296700261025,3.86129930773508,4.26898753959873
PRT,Portugal,5.40498018264771,5.11688995361328,4.94226980209351,5.2652997970581,5.12006998062134,4.8942699432373,,5.02685022354126,4.67940998077393,4.62753009796143,4.86408996582031,4.77342987060547,4.55159997940063,
POL,Poland,5.08126020431519,4.82903003692627,4.83311986923218,4.99780988693237,4.93859004974365,4.78747987747192,4.62726020812988,4.54247999191284,4.55985021591187,4.62736988067627,4.80081987380981,4.61998987197876,4.31372976303101,
PHL,Philippines,,,,,2.66454238129968,2.83052303785203,3.30128109042443,3.96384087403915,3.85502760745456,3.40748649142134,3.85829051308063,3.87249754784633,3.57960089528426,3.6236863467978
PER,Peru,2.86730003356934,2.6635000705719,2.92276000976562,3.29729008674622,3.69599008560181,3.96933007240295,3.81316995620727,3.93130993843079,3.71392011642456,3.822429895401,4.25937986373901,3.92721009254456,3.83315992355347,4.23516988754272
PRY,Paraguay,2.7707200050354,3.69282007217407,3.668790102005,2.67871193892232,2.59655894629063,3.33377822870463,3.4349799156189,3.09062070242279,3.2961960606943,3.48983027194334,3.93615007400513,3.41070008277893,3.39619994163513,3.40649008750915
PNG,Papua New Guinea,,,,,,1.62515691017505,0.853806396301458,1.96493005752563,1.8748300075531,0.761761143914634,0.898018542083257,0.713984905932403,0.643376920751815,0.782122804685732
PAN,Panama,,3.07034993171692,,,3.08107995986939,3.26552009582519,3.32278990745544,3.37834000587463,3.4524199962616,3.28122011579173,4.30487012863159,3.71198010444641,3.37781000137329,2.47225999832153
PLW,Palau,,,,,,,,,,,3.47118076238812,3.94417105804533,3.57620133415525,3.52595777106229
PAK,Pakistan,2.05268001556396,2.00100994110107,1.97879004478455,2.23698997497559,2.2043399810791,2.38609004020691,2.66804003715515,2.57616996765137,2.33216949688293,2.21492004394531,2.05718240718423,1.68746129213991,1.97300945756988,1.94658005237579
OMN,Oman,,,,4.35383987426758,,,,5.99594020843506,4.58565998077393,5.06363010406494,6.87768983840942,,4.30123996734619,
NOR,Norway,6.71042013168335,6.41490983963013,7.32766008377075,7.43906021118164,7.64403009414673,7.52334976196289,7.98444986343384,7.84598016738892,7.59563016891479,7.8645601272583,8.3728199005127,6.9602198600769,5.45586013793945,
MNP,Northern Mariana Islands,,,,,,,,,,,,,,
MKD,North Macedonia,,,,,,,,,,,,,,
NGA,Nigeria,,,0.549233086121929,0.534206768008091,0.470742539133469,0.436954905120644,0.393045646249364,0.396354013591345,0.419998493796127,0.358479005206684,0.35963763718498,0.381919104397325,0.348516707890877,0.319069049792343
NER,Niger,2.7219500541687,3.07762002944946,3.1868200302124,3.68952989578247,5.10368013381958,4.48669004440308,2.95843005180359,2.57818007469177,3.44956994056702,3.53358621816013,3.81906792754322,3.82175828133515,3.71231832079626,4.07412707618114
NIC,Nicaragua,4.48424005508423,,,,4.08329010009766,4.07843017578125,4.08114004135132,4.35767984390259,4.47380693256251,4.59991969121332,4.58034059162685,4.08717467298944,3.80001496174069,2.86578989028931
NZL,New Zealand,,,,5.88855981826782,5.80853986740112,5.70734977722168,5.50559997558594,5.28000020980835,5.19308996200562,5.17797994613647,5.65149021148682,5.54822015762329,5.22557020187378,5.27568006515503
NCL,New Caledonia,,,,,,,,,,,,,,
NLD,Netherlands,5.45634984970093,5.41595983505249,5.36694002151489,5.48417997360229,5.40205001831055,5.27802991867065,5.38952016830444,5.08747005462646,5.26723003387451,5.0559401512146,5.29139995574951,5.37661981582642,5.17918014526367,
NPL,Nepal,3.63172006607056,3.84261989593506,3.29736995697021,3.01811003684998,3.47213006019592,3.25902009010315,3.90320992469788,4.76722002029419,4.43445014953613,3.89212886881753,4.24355670934502,4.42801034633091,4.13645081690396,3.95641148036706
NRU,Nauru,,,,,4.47278425925926,6.25260294117647,4.82214626865672,6.27397517241379,5.05296627218935,5.71828171428571,5.90502903225807,5.16034,5.91827971698113,5.67543983459473
NAM,Namibia,8.24330043792725,8.02137930818109,9.24281237985165,8.59541659523254,3.66711166353218,9.8507685020388,10.5927948535144,1.39524534605831,8.88112249415185,9.32253195522987,9.27799879073429,10.3914477380895,9.3919470845238,
MMR,Myanmar,,0.787440001964569,,,,,,2.16652989387512,1.99249005317688,1.99976003170013,,,,
MOZ,Mozambique,5.24539789470058,5.53052494030773,5.5575098991394,6.03576993942261,6.39920843528224,5.91515660575298,5.80086994171143,5.48664999008179,5.38976001739502,5.99969523584354,6.17059556957808,6.34063583505687,5.97607342054314,
MAR,Morocco,,,5.55294838577208,,5.48276036642721,5.133369043677,5.08530197423073,4.73564982004448,4.96022713486949,5.0032567210502,6.28428263644307,5.64273401285138,5.91224674061277,6.02096928801329
MNE,Montenegro,,,,,,,,,,,,,,
MNG,Mongolia,4.64510011672974,4.60902976989746,5.19520998001099,4.94077014923096,4.71484994888306,4.22361993789673,5.18310022354126,4.06897020339966,,,,,,3.65764999389648
MCO,Monaco,1.31735002994537,1.58989000320435,1.78004002571106,1.33440005779266,1.02186000347137,,1.37126004695892,1.45816004276276,,1.15896999835968,,1.41926002502441,1.17105996608734,1.73223996162415
MDA,Moldova,7.5922999382019,7.13638019561768,6.98338985443115,5.90975516494477,6.33806991577148,5.76665405944246,5.67208003997803,5.71016979217529,5.53887987136841,6.22576999664307,6.6012601852417,5.82405996322632,6.11053991317749,6.62547016143799
FSM,"Micronesia, Fed. Sts.",,,11.7192291367391,12.3438831906748,12.2281680903257,12.407919883728,13.814728,12.6815821727019,9.94274464285714,10.6931682741117,11.5591397849462,,,
MEX,Mexico,4.93695020675659,4.90405988693237,4.88348007202148,4.50858020782471,5.06808996200562,5.05087995529175,4.75795984268188,4.39752006530762,4.13945007324219,,4.49967002868652,4.23823022842407,4.0658597946167,
MUS,Mauritius,3.55147004127502,3.33207011222839,3.41820001602173,3.56775999069214,4.81514978408813,4.75847005844116,4.88207006454468,4.87887001037598,4.67447996139526,4.54195022583008,4.35243988037109,4.67151021957397,4.84085988998413,4.56763982772827
MRT,Mauritania,,2.33102011680603,2.15821003913879,2.29354000091553,2.55796423507035,2.82956598871445,1.94405996799469,,,1.82317996025085,1.802649974823,1.891970038414,1.38966000080109,4.71521997451782
MHL,Marshall Islands,,,,,,,,,,9.88208961486816,13.8350374540234,15.1824411727819,7.70088005065918,
MLT,Malta,6.20798015594482,7.57771015167236,6.24788999557495,7.40672016143799,6.84973001480103,4.91352987289429,4.95570993423462,4.34281015396118,,4.79941987991333,,4.93089008331299,4.71973991394043,
MLI,Mali,3.34388995170593,3.75423002243042,3.47949004173279,3.28465008735657,3.64819002151489,3.80152010917664,3.09477996826172,3.78976988792419,3.55817008018494,3.55504989624023,3.95445990562439,4.36370992660522,4.04512227529275,4.18465094218116
MDV,Maldives,3.63328003883362,3.08072996139526,3.34085988998413,3.3882999420166,3.0885899066925,3.8685998916626,3.66123008728027,3.82268559882407,3.85681779847259,4.12356944795488,5.84760793108804,4.61379747500137,4.67344315449896,5.16706374664829
MYS,Malaysia,4.96645021438599,5.76293992996216,5.73902988433838,5.48120021820068,5.21263980865479,4.89486980438232,4.75192022323608,4.6753101348877,4.47865009307861,4.15776014328003,3.91176009178162,4.26109393398867,3.49933781956284,3.51480007171631
MWI,Malawi,2.43236994743347,2.85346007347107,2.52861185625253,3.72170996665955,3.32569003105164,3.85398006439209,3.28257989883423,2.76899003982544,3.32295989990234,,,,2.74888371105811,
MDG,Madagascar,2.28856151148168,2.38168001174927,2.34067010879517,1.77693998813629,2.3812301158905,2.21011996269226,2.68719005584717,2.70137416707567,2.84409999847412,3.01338389897728,3.25443385103636,3.19807542117225,3.06772823003204,3.04770386693564
MAC,"Macao SAR, China",2.61848998069763,2.67528009414673,3.32516002655029,2.05048990249634,2.04853010177612,3.00247001647949,3.09952998161316,2.70949006080627,2.7334098815918,3.0654399394989,6.38948011398315,5.10697984695435,6.05706977844238,3.50183010101318
LUX,Luxembourg,,,3.87815999984741,,3.85569000244141,3.76792001724243,,3.48645997047424,3.66211009025574,3.73606991767883,3.85349988937378,3.71989011764526,3.70599007606506,
LTU,Lithuania,5.36880016326904,5.15469980239868,4.78232002258301,4.62416982650757,4.5076699256897,4.21646022796631,4.01143980026245,3.81236004829407,3.85628008842468,3.9415500164032,4.47348022460938,4.23977994918823,4.25285005569458,
LIE,Liechtenstein,,2.55604004859924,,,,,,,,,,,,
LBY,Libya,,,,,,,,,,,,,,
LBR,Liberia,,,1.77711999416351,1.69078004360199,2.20005011558533,2.11587468207978,2.11479684223088,2.66330003738403,2.50391006469727,2.16508193926132,2.13601415111746,2.4235999584198,2.2760960068702,2.2665256232687
LSO,Lesotho,,,,,,7.64272055728181,7.55247411216023,8.1553201675415,7.28360986709595,,,,,7.29011355590957
LBN,Lebanon,1.61330997943878,1.65251994132996,2.14902997016907,2.43396997451782,,,2.17820270841405,2.21606844423238,2.6165251225734,2.51957250612723,2.4354185601396,,1.33151427628711,1.50416361108086
LVA,Latvia,5.14355993270874,5.24315977096558,6.83852005004883,7.24962997436523,5.47479009628296,5.46670007705688,4.82350015640259,4.52905988693237,4.39430999755859,4.58675003051758,4.99749994277954,4.76752996444702,4.31920003890991,
LAO,Lao PDR,1.70978999137878,1.70801997184753,1.82147002220154,3.23380994796753,2.93780994415283,2.73689787884215,2.77442976110388,2.49797261414021,2.33501229018316,2.12201393748998,1.91597273223857,1.85949176876536,1.46083440434069,1.23375160355741
KGZ,Kyrgyz Republic,5.81883001327515,6.79061985015869,7.38423013687134,6.78020000457764,5.53159999847412,5.98550987243652,6.58615016937256,6.02618980407715,5.55267000198364,5.08025979995728,5.7331600189209,5.16667985916138,7.16884382244099,6.82694680798777
KWT,Kuwait,,,,,,,5.95593958839578,6.35444222156987,6.39165256830382,6.72789551402991,6.24513034913966,7.76246706467929,6.58236499988891,5.0262608311279
XKX,Kosovo,,,,,,,,,,,,,,
KOR,"Korea, Rep.",,,,,,4.45423984527588,4.33309984207153,4.32823991775513,4.45807981491089,4.68465995788574,4.8017201423645,4.86627006530762,5.81446981430054,
PRK,"Korea, Dem. People's Rep.",,,,,,,,,,,,,,
KIR,Kiribati,,,12.499488,12.0902942583732,11.513136036036,10.7683901960784,11.646473381295,11.4761649484536,12.9204194888179,14.5197413461539,16.2303756141975,13.9871516883117,14.7860312820513,16.39053
KEN,Kenya,4.81548976898193,4.70012998580933,4.93121004104614,4.83721017837524,4.7172999382019,4.74350023269653,4.89518022537231,4.96308994293213,5.10761976242065,5.37359210998097,5.04574892454155,4.89040202257195,4.51101801829815,3.96229304413263
KAZ,Kazakhstan,3.58735481721566,3.6143401736456,3.90163701288194,3.44564886564109,3.42903954512824,2.7885799407959,2.97810006141663,2.75081992149353,2.61595010757446,2.8569700717926,4.44620380169618,4.38569397571466,4.36185360851405,4.84984016418457
JOR,Jordan,3.16850989003323,3.59900580598478,3.63716008451231,3.78372228032099,3.76692408663556,3.71272133351629,3.45282006263733,3.21305990219116,2.95461988449097,2.98846006393433,3.55303483980158,3.13837003707886,3.15300011634827,3.51486315596325
JPN,Japan,3.59951996803284,3.60527992248535,3.41945004463196,3.40875005722046,3.41529989242554,3.31221008300781,3.14643001556396,3.13057994842529,3.07782006263733,3.15533995628357,3.30628991127014,3.33563995361328,,
JAM,Jamaica,6.37060022354126,6.26664018630981,6.11246013641357,6.25108003616333,6.01586008071899,5.45522022247315,5.31461000442505,5.26016998291016,5.41380977630615,5.16364002227783,5.38065828197341,5.63123989105225,5.35435009002685,5.65453693979426
ITA,Italy,4.31625986099243,4.09430980682373,4.03481006622315,4.12192010879517,4.04026985168457,4.05422019958496,3.795490026474,4.02662992477417,4.24093008041382,4.07843017578125,4.41802978515625,4.17118978500366,4.0698299407959,
ISR,Israel,5.4214301109314,5.44327020645142,5.57541990280151,5.78606986999512,5.70907020568848,5.81091022491455,5.82047986984253,6.0248498916626,6.08776998519897,6.08409023284912,6.50303983688354,6.16908979415894,5.93496990203857,
IMN,Isle of Man,,,,,,,,,,,,,,
IRL,Ireland,6.04836988449097,5.77199983596802,5.70777988433838,5.23177003860474,4.73554992675781,3.62438011169434,3.65882992744446,3.37737989425659,3.30347990989685,3.22984004020691,3.19163990020752,2.904629945755,,
IRQ,Iraq,,,,,,,,,,,,,,
IRN,"Iran, Islamic Rep.",3.70918011665344,3.48497009277344,2.93899989128113,2.85279011726379,2.61668992042542,2.62911009788513,3.17396998405456,3.45956993103027,3.61979007720947,3.24005007743835,3.20495009422302,,2.6699800491333,2.82443290958712
IDN,Indonesia,2.81227993965149,3.18944001197815,3.40748000144958,3.35904002189636,3.28800988197327,3.58360004425049,1.21023452496964,1.05324382490056,0.994436460846179,0.964399077622927,1.01593221347809,1.03221750658374,0.863943349575907,1.27517088245674
IND,India,3.377690076828,3.79618000984192,3.8675000667572,3.84467005729675,3.89878023242693,4.11457014083862,4.25407981872559,4.30544996261597,4.36373996734619,3.89732003211975,4.29335021972656,4.62949991226196,4.09865814174589,
ISL,Iceland,6.9442400932312,6.78997993469238,7.58223009109497,7.44868993759155,7.6414098739624,7.4579701423645,7.43219995498657,7.58385992050171,7.56349992752075,7.60129976272583,8.58382987976074,8.20907974243164,7.28923988342285,
HUN,Hungary,4.72375011444092,4.5631799697876,4.14249992370605,4.18921995162964,4.60187005996704,4.49539995193481,4.61547994613647,4.64757013320923,4.62343978881836,4.22488021850586,4.1535701751709,4.68406009674072,3.81258988380432,
HKG,"Hong Kong SAR, China",3.51003003120422,3.41822004318237,3.50960993766785,3.76031994819641,3.57255005836487,3.26212000846863,3.29269003868103,3.30989003181458,3.32624006271362,3.81017994880676,4.40562009811401,4.00030994415283,3.72866010665894,3.80327010154724
HND,Honduras,,,6.29972793577391,5.87492990493774,7.0901198387146,6.41297006607056,6.09509492079297,5.74434396129576,6.05646991729736,5.98198266311593,6.09801328648889,5.88160201792279,4.48280030802056,4.54962037172702
HTI,Haiti,,,,,1.75226998329163,1.85497999191284,1.38776004314423,1.49846994876862,1.63715994358063,1.08414978067408,1.11353641558643,1.24275181117048,1.02689812206798,0.964648012977964
GUY,Guyana,2.40938997268677,2.50669002532959,2.24131989479065,,4.36033010482788,3.89569997787476,4.73775005340576,4.6647801399231,4.45058012008667,,,,,
GNB,Guinea-Bissau,1.68220996856689,1.76593005657196,1.8863799571991,2.01027011871338,,,,,,,,,,
GIN,Guinea,2.55118989944458,2.28742003440857,1.83370995521545,2.63421010971069,2.42281007766724,2.51713991165161,2.54450011253357,2.3203399181366,2.38432002067566,1.85812997817993,2.44806003570557,2.04074820610586,2.00722302981184,1.72470879088585
GTM,Guatemala,2.84864997863769,2.96865010261536,3.00524997711182,2.88808989524841,2.98562002182007,3.03032994270325,2.94474005699158,2.95009994506836,3.13193988800049,3.19297003746033,3.29485011100769,3.091059923172,3.20823001861572,3.10633993148804
GUM,Guam,,,,,,,,,,,,,,
GRD,Grenada,5.07508233496978,5.48532342071091,5.07225880686028,,4.47756594772942,4.23861035989182,,3.17379999160767,3.55919341882594,,,4.09030334217367,4.03767284869161,5.12544845968893
GRL,Greenland,,,,,,,,,,,,,,
GRC,Greece,,,,,,3.68239998817444,,3.46778011322021,3.57627010345459,3.55062007904053,,,3.37547993659973,
GIB,Gibraltar,,,,,,,,,,,,,,
GHA,Ghana,5.54059982299805,8.14097023010254,7.91913986206055,4.57646989822388,4.39978981018066,4.4340500831604,4.3945198059082,3.53362989425659,3.8861300945282,3.15307114842573,3.40915991351725,3.4005042684722,2.90963831638452,
DEU,Germany,4.99525022506714,4.88583993911743,4.83153009414673,4.83911991119385,4.82582998275757,4.76157999038696,4.74631023406982,4.77830982208252,4.88400983810425,5.02757978439331,5.51600980758667,5.36734008789062,5.23916006088257,
GEO,Georgia,2.76179333360622,2.5149199962616,1.86033999919891,2.8330966857175,2.94113947736272,3.10870368877345,3.52338004112244,3.52442002296448,3.46094989776611,3.82985997200012,3.80951130708125,3.59441995620727,3.75498008728027,3.70918011665344
GMB,"Gambia, The",2.56322002410889,2.50116991996765,2.63756990432739,1.81839001178741,2.23094010353088,2.16002988815308,2.0244300365448,2.45919445096525,2.36543989181519,2.80809703332656,2.88734569797808,3.04477694635226,2.89168744551701,2.80838156544977
GAB,Gabon,3.07808995246887,2.987459897995,3.01340007781982,3.02971005439758,2.66667008399963,2.82435985823512,2.66773089670199,3.55570801059931,3.071542956299,2.87430983233369,3.39874087928788,2.7007928993976,2.20773650357931,2.31594287726056
PYF,French Polynesia,,,,,,,,,,,,,,
FRA,France,,,,,,,,5.46482992172241,5.42540979385376,5.36638021469116,5.65872001647949,5.41742992401123,5.32435989379883,
FIN,Finland,6.504310131073,6.45624017715454,7.1715497970581,7.15288019180298,7.13832998275757,7.07199001312256,6.90873003005981,6.40826988220215,6.31771993637085,6.45300006866455,6.6812801361084,6.58820009231567,6.37603998184204,
FJI,Fiji,,4.17305994033813,4.46150592221937,3.88288998603821,3.76960923580896,4.80931781024695,4.83590249175322,4.65119160575452,4.79706049383602,5.15273175975853,5.80519512902055,4.8526862712935,3.93839539074194,4.24679790890603
FRO,Faroe Islands,,,,,,,,,,,,,,
ETH,Ethiopia,4.49659013748169,5.48576021194458,5.56678009033203,4.4985499382019,4.60201978683472,4.73791868878759,5.06151399998447,5.49905076025271,5.22011189522399,4.48086946127054,4.0905654220699,4.06524874309096,3.73649512188829,2.9272447768927
SWZ,Eswatini,6.11837005615234,6.86432981491089,5.59328219778155,5.08461029694871,7.3573899269104,5.35494723006471,5.43355309210979,6.177914116856,5.73687354676617,5.69914824136892,5.32546270122803,5.28714899285221,5.57274175738511,5.00431592836751
EST,Estonia,5.51753997802734,4.99514007568359,4.67340993881226,4.78006982803345,4.32586002349854,5.05127000808716,5.05511999130249,4.86288022994995,5.13962984085083,5.16415023803711,5.44180011749268,5.21514987945557,5.20733976364136,
ERI,Eritrea,,,,,,,,,,,,,,
GNQ,Equatorial Guinea,,,,,,,,,,,,,,
SLV,El Salvador,4.04807996749878,3.89854001998901,3.7124400138855,3.80149006843567,3.82416009902954,3.90987992286682,3.82523989677429,3.7252299785614,3.60575008392334,3.38710999488831,3.66088008880615,3.57766008377075,3.25634002685547,3.17218995094299
EGY,"Egypt, Arab Rep.",,,,,,,,,,,,,,
ECU,Ecuador,4.60028982162476,4.74424982070923,4.65310001373291,4.92997980117798,5.21020984649658,5.10570001602173,4.46397668804552,4.60667733499397,4.6250260585881,4.2457799911499,4.26103019714355,3.64776992797852,3.59897994995117,3.89365005493164
DOM,Dominican Republic,1.88728788680129,1.87925755786153,,3.62818152019188,3.62243443144513,3.60400277306673,3.85049560792469,3.92026752279272,3.92849467476802,4.04276873126053,4.51769850778985,3.58043271614957,3.61088872070271,3.7606477375256
DMA,Dominica,,,4.52896287885139,4.35428103166344,4.33216630134647,3.40711998939514,5.12971951862684,4.71605005720456,5.1536046272165,5.53449010848999,4.69630002975464,5.71689183034862,6.04314243406571,4.69423746286593
DJI,Djibouti,4.49022006988525,,6.35127551762696,4.64782533103312,4.38407521258509,3.59894990921021,3.92226004600525,3.73344993591309,3.75143003463745,,,,,
DNK,Denmark,8.55025005340576,8.47716045379639,7.24570989608765,8.46864032745361,7.63833999633789,,7.71534013748169,7.3700098991394,7.32746982574463,7.27587985992432,7.38573980331421,6.95915985107422,6.35586977005005,
CZE,Czechia,3.99341988563538,4.2078800201416,4.19049978256226,4.02132987976074,3.93603992462158,5.71913003921509,5.50080013275146,3.75573992729187,4.21541023254395,4.46737003326416,4.62503004074097,4.65163993835449,4.30291986465454,
CYP,Cyprus,6.52559995651245,6.52042007446289,,6.46747016906738,6.42111015319824,6.30491018295288,6.11811017990112,5.69961977005005,,5.16293001174927,5.56462001800537,5.08243989944458,4.73588991165161,
CUW,Curacao,,5.64725392834695,5.38283590387706,5.11633014678955,5.95464718602819,5.95011209033324,6.23495389518939,5.91444785594951,5.93873270793721,5.81155632881729,7.11645238834347,6.18160236726664,6.08167033605813,5.30074159005788
CUB,Cuba,12.8373098373413,,11.5516604913797,10.67169596101,9.6074568445536,8.9633578559392,9.01309318032688,8.44413540438793,8.02498461098619,9.04700486137163,11.5248184008093,9.3858620562531,8.44086351669284,
HRV,Croatia,4.20651006698608,4.10584020614624,,4.50127983093262,,,,3.87207007408142,3.92432999610901,3.94555997848511,4.40854978561401,4.0916600227356,,
CIV,Cote d'Ivoire,3.24651002883911,2.86576008796692,3.4344699382782,3.45860004425049,3.31416988372803,3.49412989616394,3.93593001365662,3.73654007911682,3.21164989471436,3.4130699634552,3.78674006462097,3.32718992233276,3.51197004318237,3.42617011070252
CRI,Costa Rica,6.56574010848999,6.37988996505737,6.58239984512329,6.68739986419678,6.67952013015747,6.87349987030029,6.89395999908447,7.06980991363525,6.76991987228394,6.73808002471924,6.62898015975952,6.24841976165771,,
COG,"Congo, Rep.",5.6867299079895,2.64652978173867,2.73923061622047,5.0138814089415,3.18256998062134,3.13882994651794,4.87114096878621,4.17236995697021,2.77167010307312,3.24716413970868,4.22208879466149,3.31281536274069,2.72738253259215,3.34005209256916
COD,"Congo, Dem. Rep.",1.5249799489975,,,2.06221008300781,1.95142996311188,2.17043995857239,2.1186900138855,1.45494997501373,,,2.62263835311571,2.66048474102788,2.84466514463005,
COM,Comoros,,2.8304500579834,2.74783992767334,2.3827600479126,2.74472999572754,2.5450599193573,,,,,2.37805076679617,2.27485390045927,2.43164424110924,2.34146896682989
COL,Colombia,4.83382987976074,4.46608018875122,4.37038993835449,4.87855005264282,4.62945985794067,4.47038984298706,4.47721004486084,4.53551006317139,4.44910001754761,4.51069021224976,5.26166009902954,,,
CHN,China,,,,,,,,,,,,,,4.00127983093262
CHL,Chile,4.18953990936279,4.0617299079895,,4.54814004898071,4.75167989730835,4.90390014648438,5.3664698600769,5.43278980255127,5.473060131073,5.62630987167358,5.62993001937866,4.99923992156982,4.89753007888794,
CHI,Channel Islands,,,,,,,,,,,,,,
TCD,Chad,1.98194003105164,2.25789999961853,2.20615005493164,2.85070991516113,2.32031229563021,2.34283149521162,2.38847586229946,2.45481991767883,2.25947501392013,2.37245795383591,2.73960390423748,2.8881299495697,2.6016118897064,3.20149725837724
CAF,Central African Republic,1.11760997772217,1.10792005062103,1.98034724839473,2.63821423826355,2.22015331698693,1.9102285875012,1.75408898250234,1.75365013911465,1.56587596817535,1.76792074637361,2.14468061163977,1.8725169173301,2.11509129476365,1.82995911310419
CYM,Cayman Islands,,,,,,,,,2.16376945997106,1.13670003414154,1.45542001724243,1.31253004074097,1.48894000053406,1.57024002075195
CAN,Canada,5.356369972229,5.26205015182495,,4.5890097618103,4.84358978271484,4.7393798828125,4.81642007827759,4.95996999740601,4.8889799118042,4.77293014526367,4.88794994354248,4.74860000610352,4.88021993637085,
CMR,Cameroon,2.84803009033203,2.65336990356445,2.60306000709534,2.6554799079895,2.58396005630493,2.65791988372803,2.56234002113342,3.05962991714477,3.03096008300781,3.0473994932468,3.10390139858492,2.8493076272306,2.65952378267367,2.83907623667935
KHM,Cambodia,1.24872994422913,1.20887994766235,1.23062002658844,1.57648003101349,1.44690001010895,,,,1.60336995124817,2.13345387893978,2.2476462495972,1.96232691812756,1.95793279576416,2.1809128340295
CPV,Cabo Verde,5.07658004760742,4.59784984588623,5.39769575795208,4.5615701675415,4.52134990692139,4.80622005462646,4.75475978851318,4.59278011322021,4.78792270184537,4.16529989242554,7.09400702406662,6.15490303089284,4.7252554800722,4.3482854136693
BDI,Burundi,6.77524995803833,6.31925010681152,6.16777992248535,5.99539995193481,6.78452014923096,6.37133979797363,4.69199991226196,4.76202011108398,5.07864999771118,5.34668445378401,5.32158506838731,4.87114173892375,,
BFA,Burkina Faso,3.50222992897034,3.98515009880066,3.60315990447998,4.08343982696533,4.05329990386963,3.67008996009827,,5.62846994400024,5.488609790802,5.45615632520251,5.21148277030166,5.24913346712028,5.29456753304241,5.32757840997187
BGR,Bulgaria,3.85746002197266,3.54690003395081,3.47650003433227,4.05766010284424,,,,4.07755994796753,4.05202007293701,4.21429014205933,4.48297023773193,4.7092399597168,4.50109004974365,
BRN,Brunei Darussalam,1.84384000301361,3.32213997840881,2.88964009284973,,3.35321998596191,,4.42539978027344,,,,,,,
VGB,British Virgin Islands,3.48701000213623,,3.55560728835564,4.45811210742524,4.00919804063438,4.70450019836426,3.25467711875258,2.45708990097046,2.42555999755859,2.50096988677979,2.70538997650146,3.0245532067775,2.48401999473572,3.1728401184082
BRA,Brazil,5.64879989624023,5.73741006851196,5.85510015487671,5.8388500213623,5.94848012924194,6.24105978012085,6.314040184021,6.32047986984253,6.08851003646851,5.96346998214722,5.77150011062622,5.4969801902771,5.61922979354858,
BWA,Botswana,,10.8265537416631,8.1098729741114,8.0172064061589,7.88874188960311,8.39457941644674,8.73589296358928,7.80924443947392,7.9053860532971,8.3989966033446,8.05833660991541,,,
BIH,Bosnia and Herzegovina,,,,,3.31473965674631,3.0181128667772,4.26451015472412,2.83868424239217,3.89297008514404,4.04449987411499,3.01954088371123,4.13622999191284,2.97012986426524,3.24564826597779
BOL,Bolivia,6.97379016876221,6.45056009292603,6.62799978256226,6.80321979522705,7.47812986373901,8.14342975616455,8.15060997009277,8.09724044799805,8.01587009429932,8.09103965759277,8.43710994720459,7.96215009689331,7.57550001144409,8.31589071412357
BTN,Bhutan,3.82318997383118,4.31658983230591,,5.16563987731934,5.46183013916016,6.92889022827148,6.40447998046875,6.6172399520874,6.47809982299805,4.50982783818663,5.46991778261464,6.5983860642268,7.46981980280053,5.84519004821777
BMU,Bermuda,2.30668997764587,2.19656988306324,2.38597137100485,2.2795032068669,1.5368800163269,1.50163996219635,2.03905874199287,1.32495999336243,1.93595466792564,1.92679827239971,1.74834797496856,1.94565325816336,1.77583338857166,1.86510440752276
BEN,Benin,3.67997002601623,,3.56202006340027,3.3275101184845,3.161789894104,3.17298007011414,2.89910006523132,3.53558993339539,2.93161988258362,2.73204741460628,2.89898431911618,3.09692638090381,3.0972642678305,3.22974322056608
BLZ,Belize,5.24251985549927,5.51786910233588,5.47351989539787,5.12474012374878,5.1395001411438,5.35711002349854,5.72603988647461,5.95071983337402,6.12779998779297,5.96377992630005,5.21301984786987,5.96298980712891,4.60415983200073,4.23143005371094
BEL,Belgium,6.44077014923096,6.38481998443604,6.56626987457275,6.60135984420776,6.55865001678467,6.46963977813721,6.48613023757935,6.44915008544922,6.38883018493652,6.32381010055542,6.75470018386841,6.38112020492554,6.27796983718872,
BLR,Belarus,5.22003984451294,4.68479013442993,4.95964002609253,5.0094199180603,4.81832981109619,4.78750991821289,4.94654989242554,4.79500007629395,4.83656978607178,4.97948980331421,4.86263990402222,4.60641002655029,4.62823009490967,4.9514799118042
BRB,Barbados,6.05261993408203,,4.58823013305664,4.50306987762451,5.35950994491577,5.15997517232471,4.19719982147217,3.956209897995,5.40447825597088,3.72228002548218,3.86529994010925,4.49793004989624,4.14000988006592,3.7754499912262
BGD,Bangladesh,,2.13269996643066,2.17549991607666,1.96616005897522,2.09871663086838,1.87225417109978,1.28183996677399,2.11342875356648,2.09477473545666,1.13094997406006,2.13974351741877,2.17090882504654,2.08538657806243,2.16213826344701
BHR,Bahrain,2.35114974984976,2.31235396487985,2.54483008384705,2.38286995887756,2.36918997764587,2.55344009399414,2.80248290251154,2.21637010574341,2.38893976833662,2.11146982812491,2.05801907522052,1.85115940115918,1.71192127094005,1.88778167912993
BHS,"Bahamas, The",2.45165990475209,2.35576638581195,2.30391197238935,2.4242884241713,2.24714705533939,2.2723175918231,2.58786212973921,2.69510162053495,2.49264112462151,2.62573176503127,3.7125229961238,3.04890655208507,2.62367021406169,2.74191570247934
AZE,Azerbaijan,2.78062009811401,2.43564009666443,2.06763005256653,2.44213008880615,2.63303995132446,2.95167994499206,2.90340995788574,2.4738199710846,2.45543003082275,3.1764600276947,4.33204984664917,3.7020800113678,3.04690003395081,3.66400003433227
AUT,Austria,5.73625993728638,5.62787008285522,5.51611995697021,5.59405994415283,5.4976601600647,5.49144983291626,5.50954008102417,5.40181016921997,5.25437021255493,5.23678016662598,5.57961988449097,5.48071002960205,5.27748012542725,
AUS,Australia,,,,,,,,,,,5.38625001907349,5.34109020233154,5.05916023254395,
ABW,Aruba,6.75109004974365,5.91466999053955,6.3472900390625,6.44295978546143,5.85128021240234,5.88826990127563,5.49136018753052,4.45581996127504,4.54876355243615,4.43503686776957,,3.61855755636695,,
ARM,Armenia,3.24900007247925,3.14385008811951,2.77248001098633,2.65018010139465,2.24724006652832,2.80591011047363,2.75812005996704,2.70759010314941,2.11331180512289,2.15984239839771,2.70555996894836,2.76784992218018,2.4918999671936,2.43869996070862
ARG,Argentina,5.01971006393433,5.29062986373901,5.34582996368408,5.43661022186279,5.36144018173218,5.77611017227173,5.54548978805542,5.45431995391846,4.87773990631104,4.7716498374939,5.27689981460571,4.65393018722534,4.79263019561768,5.89754023690244
ATG,Antigua and Barbuda,,,2.13043025907083,2.35972143126598,2.3044409375638,1.9934755302761,2.17149931504636,2.28158315038897,2.26922708436893,3.35725653382563,3.0051830460864,2.50897393198865,2.50368755552383,3.10505161832136
AGO,Angola,3.42131996154785,,3.08191085718142,4.43894951297476,,3.48689580393413,2.75493664582725,2.46687881104886,2.18351298946275,2.07306438181603,2.66744733689285,2.29719689513241,2.38535898416633,2.51273663315785
AND,Andorra,2.97662997245789,2.98706007003784,2.56577895521486,2.50616002082825,3.07420992851257,3.28034996986389,3.23707008361816,3.21708989143372,3.2467200756073,3.15060997009277,2.63213046553066,2.381921736037,2.64727997779846,1.89867997169495
ASM,American Samoa,,,,,,,,,,,,,,
DZA,Algeria,8.6917709007891,9.12453448642892,7.02950889772261,6.65906035504841,6.54889841545277,6.17633014564047,6.50210843472458,5.73482350888796,5.8127512720176,5.57536563446523,6.19391724496515,5.51403281769924,4.74924673000603,5.61015717726636
ALB,Albania,,3.17881310743026,3.29533986928598,3.53929996490479,3.18177734553254,3.43796992301941,3.96209001541138,3.61172008514404,3.08201370407389,3.87018990516663,3.325040102005,3.00555992126465,2.72976994514465,3.09153008460998
AFG,Afghanistan,3.4794499874115,3.4620099067688,2.60419988632202,3.45445990562439,3.69521999359131,3.2558000087738,4.54397010803223,4.34319019317627,,,,,,
WLD,World,4.18953990936279,4.06764006614685,4.03481006622315,4.34481000900269,4.20446014404297,4.21646022796631,4.21428227509361,4.07755994796753,4.15046977996826,4.15776014328003,4.34224486351013,4.23262732662743,3.84722961564427,3.51483161383978
UMC,Upper middle income,4.04807996749878,4.221519947052,4.38721990585327,4.34481000900269,4.52101993560791,4.26455998420716,4.46397668804552,4.06897020339966,4.0339723740051,4.04363430268776,4.29654002189636,3.88806009292603,3.58951497077942,3.66082501411437
TSS,Sub-Saharan Africa (IDA & IBRD countries),3.24651002883911,3.07762002944946,3.39735996723175,3.56775999069214,3.38488006591797,3.65860497951508,3.28257989883423,3.53558993339539,3.44956994056702,3.4130699634552,3.59794998906911,3.31281536274069,3.0972642678305,3.25853222146531
SSA,Sub-Saharan Africa (excluding high income),3.16229999065399,3.07756006717681,3.37651991844177,3.51318001747132,3.3552850484848,3.64711999893189,3.18867993354797,3.53460991382599,3.38626492023468,3.33011705158194,3.40915991351725,3.25544539195647,3.08249624893127,3.29929215701724
SSF,Sub-Saharan Africa,3.24651002883911,3.07762002944946,3.39735996723175,3.56775999069214,3.38488006591797,3.65860497951508,3.28257989883423,3.53558993339539,3.44956994056702,3.4130699634552,3.59794998906911,3.31281536274069,3.0972642678305,3.25853222146531
TSA,South Asia (IDA & IBRD),3.377690076828,2.96443998813629,2.73643493652343,2.4921350479126,2.78542334553215,2.68450009822846,3.5662499666214,3.44930994510651,3.22925735140142,3.89212886881753,3.1916501133819,3.29945958568872,3.09202235990416,2.16213826344701
SAS,South Asia,3.377690076828,2.96443998813629,2.73643493652343,2.4921350479126,2.78542334553215,2.68450009822846,3.5662499666214,3.44930994510651,3.22925735140142,3.89212886881753,3.1916501133819,3.29945958568872,3.09202235990416,2.16213826344701
SST,Small states,5.81795501708984,5.75778007507324,4.67340993881226,4.93234006249108,4.81514978408813,5.05127000808716,5.05511999130249,4.87887001037598,4.90705490112305,4.85244011878967,4.83895129079956,4.87697505950928,4.84085988998413,4.78597787804789
PRE,Pre-demographic dividend,2.90390503406524,2.859610080719,2.68840026027393,3.28465008735657,3.18256998062134,3.23683137220686,2.89910006523132,3.29760992527008,3.21164989471436,3.24716413970868,3.24270320512235,3.10528051699067,2.89168744551701,3.24413772101569
PST,Post-demographic dividend,5.356369972229,5.11688995361328,4.94226980209351,5.0094199180603,5.02532005310059,4.91245007514954,4.94654989242554,4.89189004898071,4.88649487495423,4.94613003730774,5.28408002853394,5.08859992027283,4.99167513847351,
PSS,Pacific island small states,,,,,,,,,,,,,,
OSS,Other small states,6.11837005615234,6.52042007446289,5.13334606829691,5.08461029694871,5.61812996864318,5.20310861907593,5.24433654170614,5.28924489021301,5.13962984085083,5.16293001174927,5.32546270122803,5.08243989944458,5.02409982681275,5.00431592836751
OED,OECD members,5.36880016326904,5.13579487800598,4.89862012863159,4.99780988693237,4.93859004974365,4.93063020706177,4.8338451385498,4.86288022994995,4.8889799118042,4.94613003730774,5.29139995574951,5.12611985206604,4.99167513847351,
INX,Not classified,,,,,,,,,,,,,,
NAC,North America,5.356369972229,5.26205015182495,,4.5890097618103,4.84358978271484,4.83500504493714,4.79984998703003,5.02646994590759,4.89199995994568,4.86520004272461,5.14163494110107,5.08449006080627,4.88021993637085,
MIC,Middle income,3.70918011665344,3.84261989593506,4.01803016662598,4.39187976098872,3.89878023242693,4.09650015830993,4.08114004135132,3.92578873061175,3.85502760745456,3.82985997200012,3.94374100561712,3.64776992797852,3.5056539313726,3.51486315596325
TMN,"Middle East, North Africa, Afghanistan & Pakistan (IDA & IBRD)",3.4794499874115,,3.28807998789672,,3.76692408663556,3.65583562136325,3.68754005432129,3.59650993347168,3.61979007720947,3.24005007743835,3.55303483980158,,3.15300011634827,3.51486315596325
MNA,"Middle East, North Africa, Afghanistan & Pakistan (excluding high income)",3.59431505203247,3.48497009277344,3.63716008451231,3.45445990562439,,3.71272133351629,3.92226004600525,3.73344993591309,,,,,,
MEA,"Middle East, North Africa, Afghanistan & Pakistan",3.70918011665344,,3.57230008734587,3.78372228032099,,3.71272133351629,4.23311507701874,4.03832006454468,3.75143003463745,3.86020994186401,3.98417997360229,,4.30123996734619,
LMC,Lower middle income,3.6558450460434,3.68961792565169,3.78125124759312,4.43894951297476,3.66711166353218,3.89557575464877,3.92909502983094,3.73344993591309,3.69960999488831,3.40748649142134,3.65287360437751,3.31281536274069,3.19562257696233,3.42617011070252
LIC,Low income,2.49779498577118,2.85346007347107,2.56640587128727,2.85070991516113,2.85346007347107,3.23683137220686,2.68719005584717,2.76899003982544,3.19835495948792,3.23821222605582,3.29376565416048,3.5099168512537,2.97970783777452,
LMY,Low & middle income,3.50222992897034,3.65358012290984,3.63716008451231,3.72170996665955,3.69521999359131,3.75712072134646,3.83786775234949,3.73344993591309,3.69960999488831,3.57594314256335,3.91176009178162,3.64776992797852,3.44776888059898,3.51480007171631
LDC,Least developed countries: UN classification,2.7219500541687,2.85346007347107,2.63756990432739,3.20428001880646,3.24373996257782,3.25902009010315,2.92876505851746,3.05208992958069,3.19835495948792,2.91074046615192,3.06497843916225,3.07085166362803,2.89168744551701,3.20149725837724
TLA,Latin America & the Caribbean (IDA & IBRD countries),4.5422649383545,4.14937019348145,4.65310001373291,4.54814004898071,4.44840502738952,4.44749157539063,4.41408840162469,4.40769505500793,4.46145347505506,4.51069021224976,4.53030931019986,4.08717467298944,3.81658744264708,3.58356891251738
LAC,Latin America & Caribbean (excluding high income),4.71705985069275,4.60516500473022,4.88348007202148,4.9042649269104,4.84877490997314,4.7606348991394,4.47059336645318,4.46651506423951,4.46145347505506,4.51069021224976,4.54901954970835,4.08717467298944,3.83315992355347,3.82714889622862
LCN,Latin America & Caribbean,4.60028982162476,4.14937019348145,4.7682900428772,4.87855005264282,4.69056987762451,4.44749157539063,4.41408840162469,4.40769505500793,4.46145347505506,4.51069021224976,4.53030931019986,4.08717467298944,3.84722961564427,3.7606477375256
LTE,Late-demographic dividend,4.53965997695923,4.0735502243042,4.38928008079529,4.44108986854553,4.62945985794067,4.47038984298706,4.36420011520386,4.41787004470825,4.4217050075531,4.26779985427856,4.44620380169618,4.4231769782443,4.31372976303101,4.00127983093262
IDA,IDA total,3.10314500331878,2.86576008796692,3.1868200302124,3.3275101184845,3.38488006591797,3.49412989616394,3.35870993137359,3.53558993339539,3.32295989990234,3.24716413970868,3.37112868540092,3.15661438703005,3.06772823003204,3.22974322056608
IDX,IDA only,2.84086501598358,2.96548008918762,2.91219496726989,3.23380994796753,3.38488006591797,3.59894990921021,3.25593495368958,3.53460991382599,3.50387001037598,3.23821222605582,3.29376565416048,3.15661438703005,3.08249624893127,3.21562023947166
IDB,IDA blend,4.03099989891052,2.86576008796692,3.4344699382782,4.92554579365837,4.01573491096496,3.31647992134094,4.40353549122142,3.73654007911682,3.03096008300781,3.33011705158194,3.71980683449924,3.14335470187693,2.72738253259215,3.34005209256916
IBT,IDA & IBRD total,3.56941242924534,3.73342136248114,3.63716008451231,3.78372228032099,3.69599008560181,3.83402991294861,3.85049560792469,3.75090503692627,3.75143003463745,3.75902209369218,4.01641864383637,3.76686919289078,3.5056539313726,3.42617011070252
IBD,IBRD only,4.06891113638351,4.0617299079895,4.23196166059346,4.29186511039734,3.96652864726105,4.21499490737915,4.25407981872559,3.96384087403915,3.99025737385251,3.94555997848511,4.30487012863159,4.04323350069167,3.59897994995117,3.64066817034714
HIC,High income,5.08126020431519,4.85663986206055,4.78232002258301,4.78006982803345,4.82582998275757,4.77452993392944,4.79984998703003,4.68990993499756,4.62343978881836,4.62793493270874,4.87601995468139,4.79329490661621,4.65508985519409,
HPC,Heavily indebted poor countries (HIPC),3.24651002883911,3.07750010490417,3.28166997432708,3.45445990562439,3.3552850484848,3.57062494754792,3.28257989883423,3.53558993339539,3.38626492023468,3.33011705158194,3.40915991351725,3.31281536274069,3.0972642678305,3.24413772101569
FCS,Fragile and conflict affected situations,3.09596002101898,3.26981496810913,3.1868200302124,3.57199490070343,3.6717050075531,3.2558000087738,2.95843005180359,3.05962991714477,2.77167010307312,3.14728181647774,3.37838750148121,3.14335470187693,,2.33451767489177
EUU,European Union,5.36880016326904,5.11688995361328,4.83311986923218,4.99780988693237,4.93859004974365,4.8942699432373,4.8338451385498,4.64757013320923,4.59164500236511,4.62736988067627,4.93079495429992,4.79329490661621,4.65508985519409,
TEC,Europe & Central Asia (IDA & IBRD countries),4.00675010681152,3.93511009216309,3.84736856575951,4.34481000900269,4.21322989463807,4.0697649717331,4.26451015472412,4.07755994796753,4.05202007293701,3.99502992630005,4.40854978561401,4.11373496055603,3.90450382025902,3.93686432529785
ECA,Europe & Central Asia (excluding high income),,4.00433015823365,3.95983358975396,4.6771149635315,4.41258001327515,4.30550003051758,4.44612503051758,3.9677050113678,4.095134973526,4.04449987411499,4.38613486289978,4.13580989837646,3.66751503944397,3.70918011665344
ECS,Europe & Central Asia,5.14355993270874,4.85663986206055,4.80692505836487,4.99780988693237,4.8782000541687,4.84088993072509,4.8338451385498,4.64757013320923,4.65081977844238,4.60705995559693,4.85689997673035,4.7092399597168,4.56856989860534,
EMU,Euro area,5.43066501617432,5.19892978668213,5.1546049118042,5.24853491783142,5.12006998062134,4.92477989196777,4.8338451385498,4.80105996131897,4.67940998077393,4.78116011619568,5.29139995574951,5.08243989944458,4.95753502845764,
TEA,East Asia & Pacific (IDA & IBRD countries),3.77718997001648,3.7802300453186,4.47244000434875,4.32617998123169,3.54012312110584,3.58360004425049,3.46906995773315,3.44198917089946,2.76635312459968,2.5778339953863,3.15314171737183,2.94517488804327,2.28490151187525,3.01801113400202
EAP,East Asia & Pacific (excluding high income),3.77718997001648,3.7802300453186,4.47244000434875,4.32617998123169,3.54012312110584,3.58360004425049,3.46906995773315,3.44198917089946,2.76635312459968,2.5778339953863,3.15314171737183,2.94517488804327,2.28490151187525,3.01801113400202
EAS,East Asia & Pacific,3.51003003120422,3.51174998283386,3.50960993766785,3.94217002391815,3.54012312110584,3.50010227049996,3.38517552407879,3.41865686539527,3.19769395901619,3.08499832693462,3.30628991127014,2.98212428478268,2.88738689372749,3.51480007171631
EAR,Early-demographic dividend,4.00675010681152,3.87057995796204,4.20262503623962,4.4985499382019,3.89878023242693,4.0238801240921,4.00170004367829,3.92578873061175,3.87057885099138,3.48983027194334,4.0905654220699,3.86070382057691,3.58951497077942,3.28934001922607
CEB,Central Europe and the Baltics,4.72375011444092,4.5631799697876,4.43195486068726,4.50127983093262,4.5076699256897,4.78747987747192,4.62726020812988,4.07755994796753,4.21541023254395,4.26779985427856,4.62503004074097,4.68406009674072,4.31646490097046,
CSS,Caribbean small states,4.21155458844183,3.85078840215008,3.57398000577018,3.75275872925405,3.59013796983043,4.42459330779419,4.21428227509361,3.3293687903123,3.47141762674052,3.55386116245268,4.2576699256897,3.00432991981506,2.67331004142761,3.01114988327026
ARB,Arab World,,,,,,,,,,3.42433500289917,3.76860740670194,,,
AFW,Africa Western and Central,2.84803009033203,2.65336990356445,2.68840026027393,2.94020998477936,2.66667008399963,3.13882994651794,2.61503545891771,3.29662990570068,3.0512515196534,3.0473994932468,3.39874087928788,3.09692638090381,2.89168744551701,3.21562023947166
AFE,Africa Eastern and Southern,4.02403008937836,4.63901452250474,4.6761200428009,4.63769446369719,4.65965986251831,4.73791868878759,4.69199991226196,4.4305100440979,4.73974990844727,4.51140984355031,4.0905654220699,4.36837948133246,3.69766802106406,3.96229304413263
