economy,Country,YR2000,YR2001,YR2002,YR2003,YR2004,YR2005,YR2006,YR2007,YR2008,YR2009,YR2010,YR2011,YR2012,YR2013,YR2014,YR2015,YR2016,YR2017,YR2018,YR2019,YR2020,YR2021,YR2022,YR2023
ZWE,Zimbabwe,2.2405,2.62282,2.80269,2.97287,3.4429,5.18375,6.71982,9.57239,12.7687,30.3665,57.6496,67.6698,91.287,97.2838,83.0461,88.5992,88.21,95.1367,85.8627,86.4094,84.9604,90.2538,88.9958,91.6344
ZMB,Zambia,0.98679,1.17383,1.30628,2.19418,4.09548,8.10286,13.713,21.0029,27.1785,32.6653,39.0029,56.5499,70.5709,67.5096,63.6343,70.4778,71.0461,77.05,86.0723,93.0148,100.235,103.283,98.4373,102.062
YEM,"Yemen, Rep.",0.163278,0.73092,2.33581,3.14667,6.68019,9.99364,12.6482,17.8838,25.6651,32.0622,41.4325,42.3016,48.8857,57.465,56.5732,48.2101,51.179,46.4111,44.8811,43.399,42.0038,47.809,46.4534,50.8938
PSE,West Bank and Gaza,0.224507,5.42645,7.57298,7.77179,12.5642,15.955,22.5454,27.3365,34.3273,45.9038,64.8154,70.093,74.3646,73.9291,72.4102,78.0924,80.1511,84.2594,90.2055,86.7372,80.1298,78.1621,76.5666,76.6919
VIR,Virgin Islands (U.S.),32.2346,37.7793,41.6444,45.5764,59.5354,74.6241,,,,,,,,,,,,,,89.5125,91.2128,91.7189,91.462,
VNM,Viet Nam,1.02206,1.60473,2.41505,3.44629,6.17384,11.8306,22.9925,53.835,87.9033,113.606,127.574,143.914,147.104,136.614,148.504,129.627,128.298,126.098,146.138,140.193,141.656,136.806,137.852,130.991
VEN,"Venezuela, RB",22.2091,25.9111,25.7194,27.093,31.9693,46.6505,69.0163,86.1507,97.7211,98.8933,96.762,98.6184,103.435,103.289,100.905,95.1578,89.7131,80.1355,69.55,63.8474,58.1626,60.2345,66.4668,70.2197
VUT,Vanuatu,0.195941,0.183216,2.50175,3.88551,5.10619,6.02202,6.94692,11.75,15.8663,56.5812,71.3269,56.2508,58.6959,50.0012,59.9643,65.6961,80.3431,81.8708,88.1403,90.8331,82.391,81.6914,81.6203,89.2943
UZB,Uzbekistan,0.214338,0.510205,0.735827,1.24776,2.09033,2.73172,9.47736,21.0203,45.0095,58.7627,73.8123,88.2685,69.2849,72.332,71.5985,70.8415,74.367,76.2605,71.7444,101.26,99.4064,102.41,105.472,106.885
URY,Uruguay,12.5769,15.8812,15.6618,15.1631,18.2681,35.1492,70.8316,91.174,106.227,124.213,133.707,143.002,149.771,157.471,163.783,153.368,151.415,150.44,131.363,133.237,133.902,138.113,139.829,141.719
USA,United States,38.8931,45.202,49.3932,55.4096,63.1242,68.8835,76.8586,82.5923,85.6805,89.0461,91.6593,94.683,96.1284,97.0595,99.8396,101.832,102.752,102.381,103.935,105.321,103.855,106.325,108.786,112.411
GBR,United Kingdom,73.576,78.0646,82.6795,90.6985,99.1988,108.046,114.786,119.989,120.819,122.357,121.781,121.498,122.465,122.185,120.958,121.212,119.787,119.207,118.184,120.25,117.305,117.887,119.834,122.796
ARE,United Arab Emirates,40.8783,51.2759,61.3641,70.8971,83.1597,97.1993,110.185,137.458,148.473,159.114,157.473,162.894,183.741,205.105,204.192,206.839,220.412,214.701,214.842,209.033,194.468,186.301,195.625,199.424
UKR,Ukraine,1.67593,4.59601,7.6964,13.6577,29.0897,64.0054,105.277,119.088,120.558,119.456,117.768,121.942,130.859,138.441,144.279,142.003,133.169,131.357,127.754,130.629,129.341,135.026,120.261,122.758
UGA,Uganda,0.528801,1.14574,1.54041,2.94538,4.29039,4.70367,6.97652,14.1477,28.0124,29.8359,39.6047,50.0591,47.6343,51.1323,55.9572,53.8756,58.8634,62.0968,58.8754,59.0598,62.2824,65.6221,70.1401,76.2967
TUV,Tuvalu,0.0,0.0,0.0,0.0,5.09372,13.0785,15.9109,17.6783,,9.55932,15.0744,19.7588,25.6082,30.9063,34.5958,60.2025,69.5334,73.6038,79.0624,85.0581,86.5468,88.2872,98.8591,
TCA,Turks and Caicos Islands,,,43.9481,89.1103,109.752,,,,,,,,,,,,,,,,,,,
TKM,Turkmenistan,0.16366,0.174808,0.171361,0.188883,1.01047,2.07828,4.2134,7.27816,21.2375,39.1242,57.4662,93.2538,101.574,103.131,118.613,126.163,134.826,,87.773,88.2099,88.703,88.1929,,
TUR,Turkiye,24.659,29.5462,34.7853,41.1128,50.5995,62.901,75.1837,87.5976,91.9815,86.6345,84.2159,88.0167,90.0041,91.1758,92.1219,92.0327,91.9287,93.6408,94.9086,94.6498,95.3961,99.5415,103.721,105.684
TUN,Tunisia,1.22034,3.94347,5.75975,19.0389,36.7464,55.3921,70.9333,75.1086,81.5941,91.985,103.235,113.794,116.66,114.101,126.692,128.009,123.883,123.034,125.533,124.387,124.042,129.846,131.875,134.136
TTO,Trinidad and Tobago,12.2642,19.3205,19.7275,25.1251,48.4019,68.3489,111.783,110.578,131.633,133.885,136.605,130.912,134.184,137.604,139.365,148.572,150.717,140.503,134.143,145.716,134.231,134.222,133.632,134.231
TON,Tonga,0.175307,0.228487,3.22891,10.7214,15.6085,28.2689,28.2825,43.5929,47.1613,49.4389,50.5587,51.1295,52.1124,53.6992,63.7845,69.2709,75.8121,102.451,102.246,58.7722,58.6544,60.9802,61.7258,
TGO,Togo,0.972756,1.80013,3.05061,4.38771,5.83805,7.41937,11.7791,19.2349,24.3302,33.3849,38.652,38.9698,46.6464,58.5139,60.4369,63.3575,70.0588,75.3357,74.3997,73.7225,75.164,70.4497,72.2148,75.7907
TLS,Timor-Leste,,,,2.18764,2.76856,3.48746,5.02766,7.78345,12.1076,33.141,43.6092,55.3186,54.7192,56.0976,116.401,114.234,121.478,124.36,115.089,109.555,103.911,102.669,108.158,112.647
THA,Thailand,4.85019,11.8615,27.1524,33.3244,41.1989,46.1397,60.2777,78.945,91.4483,96.8163,104.589,112.233,122.432,134.367,138.281,145.933,168.881,170.784,175.266,181.222,162.328,168.485,176.223,168.643
TZA,Tanzania,0.322585,0.782879,1.68006,3.49964,5.09582,7.56468,13.9199,19.9153,30.5534,40.0364,46.8824,55.761,57.4558,56.2075,63.2804,76.2493,74.3984,71.7912,75.7302,80.5836,84.0051,86.0163,93.016,105.4
TJK,Tajikistan,0.0184574,0.0254394,0.202092,0.715123,1.98806,3.82687,30.4638,29.6445,50.0588,65.4186,77.6363,80.8201,81.4566,91.7288,94.9386,98.2087,106.027,109.004,107.442,115.373,118.819,116.225,126.161,
SYR,Syrian Arab Republic,0.180311,1.17293,2.28986,6.62407,12.7939,15.6797,23.8071,29.8537,32.6122,45.6017,52.0229,56.4601,57.0305,56.7277,69.2512,73.6811,69.5529,80.0326,87.4952,87.1297,79.1482,78.5558,78.6568,72.4406
CHE,Switzerland,64.5673,73.0073,78.8089,84.3941,84.9756,91.959,99.4337,108.793,116.423,120.483,123.236,127.397,132.031,136.551,136.138,135.723,134.236,131.17,126.681,126.921,127.376,123.212,123.971,128.64
SWE,Sweden,71.824,80.6878,89.064,98.2426,97.6783,100.822,105.797,110.588,108.613,112.273,117.212,121.219,124.465,125.142,126.98,128.974,126.402,124.473,124.086,125.457,123.549,124.961,140.782,140.266
SUR,Suriname,8.6119,17.8806,21.8231,33.2775,41.4107,44.8256,60.9527,71.5609,122.31,140.537,94.7707,95.9108,101.144,152.648,161.252,129.027,137.281,134.05,125.48,134.349,146.875,146.654,149.052,157.246
SDN,Sudan,0.082684,0.364158,0.652707,1.76355,3.43152,5.84708,14.6382,25.0826,35.6634,44.3746,51.09,69.3293,74.9085,73.1964,71.5977,69.8036,67.3955,67.0598,68.0534,72.4819,75.2207,71.7672,70.2084,
VCT,St. Vincent and the Grenadines,2.07935,6.60082,8.80659,55.6041,63.81,62.8012,78.2349,99.0675,117.176,109.597,119.855,120.54,116.789,115.946,106.958,105.994,105.924,109.635,107.164,92.5178,96.9438,95.5174,102.334,101.631
MAF,St. Martin (French part),,,,,,,,,,,,,,,,,,,,,,,,
LCA,St. Lucia,1.57613,1.685,8.85481,60.7451,61.4957,63.8598,63.3705,87.6262,103.695,111.697,115.977,126.035,125.154,122.319,108.162,107.339,100.57,100.2,104.478,83.1865,81.8687,96.2374,98.6676,
KNA,St. Kitts and Nevis,2.65205,4.58906,10.8648,47.6438,62.6147,109.826,109.515,138.098,159.069,160.926,170.772,164.228,161.589,163.59,138.036,155.051,162.683,163.396,152.302,138.916,133.401,121.256,116.924,118.893
LKA,Sri Lanka,2.22983,3.40638,4.70269,6.98394,11.0076,16.6288,26.5939,38.958,53.7217,78.556,83.1421,87.1979,91.3242,95.1136,102.671,109.985,117.738,127.67,136.084,126.514,131.773,135.523,151.727,142.277
ESP,Spain,59.1545,71.9003,80.3028,87.5626,89.3326,97.1228,102.236,106.384,107.328,109.472,109.712,111.899,107.756,107.039,108.746,109.391,110.247,112.03,115.009,116.696,116.712,119.0,123.4,127.715
SSD,South Sudan,,,,,,,,,,,15.391,17.4959,21.3829,25.5522,25.5993,26.0993,24.9305,27.1848,18.9298,21.3171,,30.151,48.4888,46.6152
ZAF,South Africa,17.6825,22.6776,28.5343,34.7626,42.536,68.6198,79.3267,83.715,88.0375,89.7687,96.2325,120.766,127.168,140.576,142.604,155.138,143.929,153.548,157.692,162.739,158.447,163.128,160.729,171.509
SOM,"Somalia, Fed. Rep.",0.905109,0.924064,1.04711,2.01834,4.86334,4.69738,5.01116,5.29914,5.37594,5.35899,5.28636,14.5763,18.4574,40.2732,41.231,42.2685,46.3667,47.7253,49.5263,51.3194,53.1133,51.2059,49.6801,53.958
SLB,Solomon Islands,0.261312,0.215308,0.218279,0.227393,0.632097,1.24203,1.42394,2.17932,5.89634,9.64988,21.6711,49.7105,52.675,54.3084,61.0619,66.422,62.8903,67.865,67.9775,65.662,63.6671,62.1565,62.0735,
SVN,Slovenia,61.1834,73.8855,83.7145,87.2851,92.7311,88.0975,90.8372,95.7428,101.472,103.185,103.783,105.845,109.148,111.045,113.019,114.271,115.736,118.462,119.153,120.569,121.331,123.363,126.459,129.228
SVK,Slovak Republic,23.1178,39.9174,54.3613,68.4271,79.5226,84.4454,91.0056,112.852,102.62,102.092,109.888,110.836,112.759,114.749,117.781,123.159,128.792,130.945,133.04,135.756,133.633,135.268,136.029,138.233
SXM,Sint Maarten (Dutch part),,,,,,,,,,,,,196.557,,,,,,,,,,205.373,
SGP,Singapore,68.0851,72.6793,79.8912,86.4376,95.6368,102.723,108.658,128.882,133.454,138.567,145.452,150.404,152.41,156.679,148.478,149.006,151.682,149.568,152.074,159.347,150.259,157.978,173.005,173.2
SLE,Sierra Leone,0.269915,0.573122,1.3477,2.18657,,,,13.4972,17.1136,19.1557,32.1403,33.4573,33.7349,59.5766,69.1759,80.3819,87.1476,89.7782,84.1233,87.0384,87.0035,101.637,107.882,
SYC,Seychelles,31.1589,43.3574,52.0994,56.563,61.6736,65.8773,77.833,84.4864,101.004,118.2,123.814,130.477,137.107,133.986,144.606,138.249,138.277,148.792,155.551,164.617,152.545,149.479,163.43,184.904
SRB,Serbia,,,,,51.1718,73.72,89.3759,114.296,130.695,135.323,136.015,141.043,127.199,128.668,131.353,129.384,129.177,123.143,121.075,122.048,120.217,125.076,129.813,128.471
SEN,Senegal,2.51048,2.95518,5.28796,7.29792,10.2163,15.3986,25.9356,30.8471,44.727,55.9396,66.0344,72.1733,86.1775,95.7911,101.608,102.509,101.011,101.831,104.056,109.342,113.638,115.325,118.15,123.912
SAU,Saudi Arabia,8.50479,14.8382,27.9604,38.5283,46.6498,68.8923,91.8024,126.965,154.587,185.255,204.969,206.852,195.843,189.476,181.857,176.134,156.041,130.63,136.046,135.526,139.444,145.004,149.798,157.775
STP,Sao Tome and Principe,0.0,0.0,1.32069,3.133,4.91107,7.39487,11.1231,17.7366,29.0869,45.4471,56.5065,61.9653,64.4915,64.8875,65.3057,92.3511,87.4112,84.0523,77.3644,77.6791,80.1173,85.2578,86.7785,63.4541
SMR,San Marino,54.1177,58.4092,60.9618,60.6975,60.5787,60.0238,60.0857,59.6944,82.1588,99.5314,99.8792,110.246,107.569,109.399,111.49,108.032,107.052,110.536,111.5,111.823,112.169,115.701,120.27,
WSM,Samoa,1.37601,1.36488,1.46364,5.66251,8.59065,12.8357,24.2396,45.5622,,,46.6266,,51.0448,50.3798,53.2521,59.7263,74.2058,60.4683,48.1737,40.0419,32.5558,32.2763,62.3987,
RWA,Rwanda,0.474803,0.784352,0.980824,1.52232,1.55692,2.46261,3.37878,6.6507,13.4904,24.1466,34.3954,42.0494,52.5467,60.2989,68.167,75.2543,74.8502,72.2765,77.6795,75.5985,81.2379,81.6382,80.5952,91.4623
RUS,Russian Federation,2.22413,5.3043,12.0658,24.785,50.7798,82.9888,104.56,119.005,138.738,159.902,165.137,141.451,144.198,150.964,152.513,156.419,157.174,155.486,156.683,163.646,163.101,169.073,168.476,180.842
ROU,Romania,11.3353,17.5417,23.4754,32.602,47.7283,62.9515,76.0183,97.7446,118.106,121.981,119.221,115.472,113.302,114.191,114.783,116.35,115.791,113.767,115.492,116.252,116.478,119.123,121.142,123.252
QAT,Qatar,18.7377,26.2461,37.5002,50.5632,63.4052,86.8374,94.546,104.601,100.179,122.869,127.92,127.128,136.395,162.86,149.02,154.098,140.518,147.358,142.911,140.017,135.498,137.71,162.249,157.821
PRI,Puerto Rico (US),34.597,42.7001,43.2185,44.9039,48.6469,52.62,58.2288,64.6148,67.8448,72.616,78.9803,84.3816,83.6353,85.5377,89.9998,91.0041,93.5607,100.52,101.222,102.553,106.682,112.54,120.216,124.513
PRT,Portugal,64.814,77.0455,83.261,95.6808,100.856,108.991,116.175,127.786,132.99,111.524,115.425,116.837,113.359,114.655,114.313,112.964,111.847,113.874,114.859,115.146,114.276,119.769,122.801,123.002
POL,Poland,17.6355,26.1578,36.3554,45.5487,60.5123,76.5033,96.5178,108.859,115.608,117.906,123.249,131.28,141.41,148.912,148.713,142.52,138.519,131.901,126.266,126.597,129.288,132.987,137.002,135.146
PHL,Philippines,8.1059,14.9373,18.5184,26.5656,38.1227,39.5144,47.8934,62.9643,73.482,80.084,86.3116,95.8688,101.8,100.732,107.284,111.893,112.518,110.962,122.96,151.007,133.456,144.424,147.429,117.276
PER,Peru,4.78924,6.65051,8.45399,10.6247,14.6938,19.8688,32.1983,54.0374,72.9545,85.4778,100.1,110.774,99.4508,99.9174,105.858,112.405,119.655,124.233,132.157,122.79,119.854,129.994,124.119,121.975
PRY,Paraguay,16.0916,22.1679,31.6844,33.237,32.4609,34.6359,58.724,84.4403,103.156,99.0726,103.187,112.287,115.206,117.9,120.354,120.342,119.848,117.821,115.75,119.137,119.1,119.313,128.088,126.605
PNG,Papua New Guinea,0.154595,0.186787,0.253207,0.285761,0.763443,1.14751,1.48198,4.30827,12.1676,19.1394,25.0091,30.5369,33.5215,36.1328,39.4078,40.7171,42.2017,43.7752,45.7714,47.1953,49.0844,48.1179,49.1907,34.0589
PAN,Panama,13.6329,15.4792,16.8037,21.7068,38.7539,52.7838,64.4277,87.5824,111.843,170.203,183.169,182.359,165.287,162.199,177.439,144.997,127.616,128.826,137.298,137.57,142.283,147.9,152.062,156.587
PLW,Palau,,,12.6032,19.9603,19.7982,30.5313,42.5968,55.388,61.3762,68.1169,78.8867,85.4353,96.5438,101.683,107.897,133.613,,,,134.847,134.892,134.96,135.143,135.387
PAK,Pakistan,0.197892,0.466253,1.04063,1.43881,2.93247,7.27898,19.2042,34.0699,46.4486,48.5357,49.7823,53.4462,57.8576,60.5178,63.3618,57.9406,62.0013,64.7302,67.8568,71.666,74.7332,78.8012,79.1051,76.5398
OMN,Oman,7.14294,14.0743,19.8299,24.8935,32.9697,53.0901,70.4453,94.0855,117.026,138.05,151.446,147.926,150.873,149.209,153.806,155.756,153.291,148.822,139.967,138.232,140.379,135.077,136.801,135.218
NOR,Norway,71.7901,79.6029,83.5167,88.9622,98.541,102.841,104.472,106.979,109.293,110.892,114.524,115.596,115.524,112.046,111.69,110.118,109.427,108.393,107.703,108.005,108.297,109.586,111.657,
MNP,Northern Mariana Islands,4.38879,19.4163,25.6626,28.4603,32.0216,,,,,,,,,,,,,,,,,,,
MKD,North Macedonia,5.62634,10.8055,17.6114,37.2824,47.2352,54.1201,60.4931,86.1891,95.0115,94.3035,104.968,108.468,110.268,111.125,111.343,105.212,104.55,103.459,102.572,101.232,99.4724,104.875,111.303,104.837
NGA,Nigeria,0.0237375,0.205187,1.17557,2.29549,6.48476,12.8171,21.6815,26.3563,39.9686,45.9849,52.3861,55.5301,64.0053,70.2825,74.7513,79.1045,78.9701,72.368,84.284,88.1169,95.4357,89.2916,99.5852,98.4773
NER,Niger,0.0178633,0.0178346,0.465951,0.643628,1.29974,2.35423,3.38506,6.0796,12.3528,16.3011,22.1685,27.613,30.2495,37.8312,42.8624,44.9309,36.1205,40.955,,52.8113,60.0356,61.5063,63.3771,65.735
NIC,Nicaragua,1.79774,3.23339,4.60684,8.95623,14.0079,20.9539,33.775,45.5188,55.733,59.1267,69.0594,82.8921,99.1601,113.789,116.507,118.127,124.273,129.506,116.272,89.2773,90.8141,93.8165,104.278,105.843
NZL,New Zealand,39.9733,58.7909,61.9824,64.6102,74.1201,85.3687,90.9217,100.662,108.404,109.193,108.331,109.978,111.568,107.009,112.757,121.369,129.381,132.98,128.937,120.475,123.001,114.455,115.984,126.855
NCL,New Caledonia,22.3884,29.8265,34.4477,41.0317,48.3463,54.9409,62.6144,70.336,77.4053,81.4752,84.4137,85.2808,85.0412,86.8789,86.4435,91.9161,,,,91.6765,91.4926,91.1596,91.6764,
NLD,Netherlands,66.9728,75.3891,74.2876,80.6505,90.1034,96.1635,104.863,116.657,124.28,120.767,114.357,117.674,116.564,114.734,114.867,121.638,121.42,118.577,121.162,124.088,121.423,123.448,115.821,117.352
NPL,Nepal,0.0416597,0.0692916,0.0863872,0.318688,0.448859,0.864009,4.35567,12.2026,15.5613,20.6009,33.6317,48.6245,60.3184,77.4277,83.1925,98.8946,114.898,128.864,139.526,136.186,131.921,129.645,133.273,
NRU,Nauru,11.8017,14.8075,,,,,,,,,61.7345,66.3498,66.2316,,,85.8134,88.7892,88.308,,86.3036,85.8885,85.4044,87.1706,
NAM,Namibia,4.50885,5.74029,7.93663,11.6649,14.7314,22.8242,30.5663,39.6448,51.3909,78.5396,92.4288,102.244,97.821,121.106,115.52,107.392,109.05,106.915,107.06,106.533,106.207,103.727,100.558,87.6761
MMR,Myanmar,0.0295799,0.0495312,0.103784,0.142535,0.196419,0.271299,0.448286,0.514578,0.759211,1.03165,1.21164,2.51644,7.48356,13.5934,57.2778,80.2397,98.2343,92.3918,116.972,155.669,148.158,127.241,107.535,121.028
MOZ,Mozambique,0.281666,0.823467,1.34378,2.24704,3.56849,7.40692,11.2537,14.4675,20.1888,26.6651,31.4105,33.2163,36.1782,49.503,71.6701,75.8447,54.9641,42.162,48.5007,49.4351,50.2319,43.1636,45.8178,
MAR,Morocco,8.23968,16.5601,21.2297,24.8885,31.1717,40.822,52.0121,64.2243,72.1861,79.0201,98.507,111.064,116.972,125.56,128.972,124.48,118.532,123.894,124.828,128.875,135.088,138.911,141.87,148.155
MNE,Montenegro,,,,,76.3334,85.6746,101.548,142.095,182.988,204.631,185.101,183.204,156.402,156.964,160.49,160.455,166.72,168.465,184.219,188.174,177.665,185.488,207.278,207.238
MNG,Mongolia,6.29689,7.8702,8.63974,12.6497,16.8592,21.7365,29.9796,45.8052,66.9284,84.3808,92.9208,107.181,120.739,100.901,103.92,103.078,110.746,125.184,133.284,136.719,132.61,140.352,142.809,141.085
MCO,Monaco,42.9117,44.078,45.8763,46.5837,48.751,53.3716,57.1077,64.0764,69.1042,71.0666,70.6028,93.6458,95.6325,100.048,93.2103,92.5538,89.3256,87.5259,85.6765,88.6484,93.2589,97.1423,100.062,104.061
MDA,Moldova,3.2822,5.37022,8.16391,11.6213,19.4481,27.3224,34.6351,48.8869,64.1199,57.644,70.2257,90.442,102.919,108.452,111.829,112.959,117.008,117.321,115.32,116.105,111.445,128.984,137.183,130.772
FSM,"Micronesia, Fed. Sts.",0.0,0.0,0.08893,5.22688,11.4201,12.6503,16.8122,24.9691,25.2442,25.4731,25.5886,25.6272,28.9304,29.0351,,20.7007,21.4641,21.1123,,20.8556,19.8348,19.709,19.9886,
MEX,Mexico,14.2741,21.736,25.5329,29.2272,36.8327,44.5403,51.649,61.1904,68.2256,74.2802,80.4263,82.0725,86.2256,90.2012,87.6145,88.9454,91.3942,92.6494,96.4612,97.0359,96.9237,99.0948,105.713,111.562
MUS,Mauritius,14.795,22.2235,28.1611,37.2277,43.8266,52.2447,61.1178,73.1476,81.0663,84.9704,92.8426,100.609,115.252,118.793,127.863,136.372,140.424,142.525,148.817,145.117,149.07,154.053,164.309,165.258
MRT,Mauritania,0.585435,4.12366,9.02772,12.5249,18.2106,25.3692,35.1772,45.7142,65.7184,66.4419,81.8661,94.6316,111.231,106.798,97.5267,91.8941,88.4383,96.7595,105.275,105.441,126.277,137.54,109.884,90.7725
MHL,Marshall Islands,0.881552,0.956517,1.07341,1.15804,1.24346,1.27153,,,,,,,,,31.127,31.7623,,34.3872,,36.3579,37.4655,38.6782,39.7061,
MLT,Malta,28.6185,59.4403,68.265,71.0371,74.5055,78.3848,83.468,88.3348,92.044,100.306,107.791,122.872,124.757,129.922,125.719,117.794,128.599,129.249,127.094,125.866,122.176,123.941,132.861,140.594
MLI,Mali,0.0899536,0.20145,0.374136,1.94895,3.10524,5.62823,10.8144,17.5054,23.0146,28.8979,46.6622,65.7107,86.1757,113.115,130.44,122.083,105.348,111.21,107.404,108.815,116.587,108.693,112.12,
MDV,Maldives,2.70833,6.58862,14.3679,22.4175,37.5717,66.4493,86.3636,96.6284,129.585,131.439,137.018,141.955,144.912,156.263,160.975,172.786,183.197,196.41,181.343,169.774,142.936,136.789,136.459,141.601
MYS,Malaysia,22.2997,31.3901,37.5605,45.0737,57.8498,75.65,73.6762,86.4755,100.518,107.18,118.157,125.716,139.315,142.522,146.366,141.211,136.725,130.854,128.873,133.373,129.018,137.685,138.208,142.732
MWI,Malawi,0.433017,0.480719,0.724275,1.10917,1.77698,3.28008,4.69867,7.74032,10.7873,17.2665,21.0257,25.8864,29.58,32.7317,33.8868,38.4342,40.8844,43.0855,38.1956,46.7841,51.217,59.5599,59.6496,61.0866
MDG,Madagascar,0.38201,0.865969,0.928837,1.56966,1.79446,2.66324,5.30076,10.9142,23.1088,29.1628,34.7636,38.0364,37.4155,35.0949,39.2253,42.0572,30.6447,32.5906,38.7516,46.078,54.8085,53.9177,64.7495,75.4563
MAC,"Macao SAR, China",32.2545,43.69,60.5547,77.6098,89.6827,107.539,125.081,152.089,174.015,188.792,199.405,235.079,274.656,287.643,304.185,304.751,310.568,316.602,331.1,416.261,237.344,183.575,172.245,192.478
LUX,Luxembourg,69.5372,92.6004,105.961,119.291,102.554,109.592,150.783,142.524,144.584,144.524,143.277,147.512,143.388,145.093,144.244,141.659,130.933,133.111,131.327,131.87,132.909,136.871,139.651,144.475
LTU,Lithuania,14.9697,29.3118,47.78,61.553,90.3593,131.039,144.296,152.012,157.032,156.848,157.89,163.043,167.226,154.341,145.494,143.991,146.55,154.148,134.334,132.529,131.341,133.357,135.834,137.204
LIE,Liechtenstein,30.1996,32.8908,33.7917,73.3999,74.1516,79.2799,82.2159,90.8789,95.926,97.9926,98.6139,101.93,98.59,104.11,109.388,109.492,117.767,122.594,123.979,124.214,126.105,126.071,126.307,127.059
LBY,Libya,0.754003,0.925302,1.27078,2.26003,8.71582,34.1367,65.676,73.7176,118.342,149.75,167.748,157.649,155.146,162.346,132.204,149.225,115.499,89.3338,,164.004,164.987,195.118,192.973,
LBR,Liberia,0.0512275,0.0663276,0.161562,1.51465,2.98933,4.84699,8.02111,15.3446,22.3666,27.5185,38.7128,47.869,54.4221,57.0613,70.6628,78.3787,65.5437,54.8575,,38.4042,32.1004,31.4299,32.0639,
LSO,Lesotho,1.07789,2.84878,6.91605,6.3449,9.95435,12.7894,18.4011,24.6999,30.1655,33.369,49.4651,61.1891,75.9364,87.0553,102.822,101.688,107.158,110.37,72.4555,76.1125,69.8944,80.5368,68.1001,69.3513
LBN,Lebanon,17.162,17.4186,17.3654,17.5773,19.2301,21.2703,23.2877,26.0109,28.9725,47.8802,56.8042,67.8304,71.7218,67.6382,69.1237,71.961,67.642,71.4122,73.9321,73.1365,75.2003,74.9935,74.0148,
LVA,Latvia,16.9434,28.0903,39.6822,53.2791,67.8708,83.5617,98.4076,100.738,105.552,107.542,109.928,112.091,129.305,127.073,119.55,130.949,135.227,126.847,107.397,108.222,107.902,114.645,115.203,119.91
LAO,Lao PDR,0.233484,0.535092,0.983088,1.97045,3.53172,11.2024,16.9299,24.4114,32.8857,51.8236,63.2029,85.284,65.9613,69.7677,68.9015,54.7979,57.2966,52.8888,51.3792,64.0669,63.114,64.7101,63.3546,64.7588
KGZ,Kyrgyz Republic,0.179099,0.532339,1.03756,2.68013,5.06194,10.3244,23.8858,40.8089,63.5284,83.1255,96.0617,112.201,119.333,116.218,128.231,126.284,124.639,136.138,137.742,132.777,109.78,108.172,106.926,108.591
KWT,Kuwait,24.3515,43.7185,59.5639,67.3024,82.2579,61.7888,49.8819,56.8764,56.5701,93.6658,135.19,157.499,152.831,182.738,207.324,199.891,191.294,171.826,164.22,164.942,153.866,158.647,168.35,167.684
XKX,Kosovo,,,,,,30.9071,30.997,31.0997,31.2073,31.3148,31.4187,,,,,,,,,,,,34.5402,
KOR,"Korea, Rep.",57.3408,61.742,68.3786,70.6984,76.705,80.1275,83.7326,92.094,94.3141,98.759,104.097,106.878,108.115,109.206,113.359,115.595,119.49,123.642,128.495,133.08,135.973,140.516,148.684,162.114
PRK,"Korea, Dem. People's Rep.",0.0,0.0,0.0,0.0,0.0,0.0,0.0,0.0,0.0,0.278399,1.72856,3.9844,6.74289,9.5541,11.0014,12.6684,14.032,14.7573,,16.3341,22.9566,22.8724,24.1311,
KIR,Kiribati,0.338551,0.437261,0.536504,0.558535,0.640058,0.663029,0.699881,0.734804,0.95949,9.30523,9.74665,12.4613,16.0308,17.5688,26.0132,35.0982,43.89,38.348,43.6896,44.1071,43.3477,40.998,49.112,51.2541
KEN,Kenya,0.41577,1.89758,3.63815,4.72713,7.33478,12.8839,19.8903,29.8383,41.584,47.9215,60.0234,65.673,70.0227,70.7541,73.0327,80.0958,80.9772,87.0265,98.5945,106.548,117.603,122.298,121.169,120.612
KAZ,Kazakhstan,1.27281,3.73663,6.5595,8.45049,15.4383,33.8049,48.2854,75.7982,90.7713,102.668,115.239,147.901,174.709,172.955,160.503,145.482,139.051,143.113,137.675,133.88,124.698,123.944,125.642,127.115
JOR,Jordan,7.22021,15.7418,21.7162,23.0817,27.6112,52.0384,67.572,69.8913,76.0181,84.2141,90.7217,100.029,118.414,129.057,126.169,144.561,98.122,94.8121,83.4592,72.8903,64.3143,65.7449,67.7457,67.5457
JPN,Japan,52.5746,58.7923,63.6299,67.8735,71.5671,75.4292,77.9907,83.8012,86.1411,90.7194,96.1789,103.642,110.319,115.787,123.822,126.151,131.215,135.986,141.729,147.21,154.432,159.516,168.603,178.432
JAM,Jamaica,14.0712,22.7795,47.148,59.337,68.7649,73.7408,84.2161,98.9141,99.9152,108.004,115.769,106.698,97.9263,102.246,107.579,111.942,116.279,109.783,105.137,107.105,101.502,102.387,105.762,115.092
ITA,Italy,73.7635,89.4256,94.3912,98.3206,107.861,122.181,136.871,151.925,151.676,150.295,155.684,159.093,160.559,159.698,148.217,144.764,142.127,138.882,138.265,132.181,129.49,130.781,131.674,131.872
ISR,Israel,71.9991,87.8696,98.6269,101.777,109.174,115.291,122.79,127.857,126.817,125.2,124.183,123.142,121.257,122.59,120.296,131.257,128.745,126.049,125.733,135.143,139.426,139.775,151.138,153.337
IMN,Isle of Man,,,,,,,,,,,,,,,,,,,,,,,,
IRL,Ireland,64.7191,76.8836,76.3661,87.6548,94.9321,102.761,109.871,113.138,112.531,103.766,103.123,107.135,108.99,105.538,105.461,104.243,102.558,101.842,102.03,104.598,105.046,106.87,110.609,110.798
IRQ,Iraq,0.0,0.0,0.0769037,0.298478,2.08138,5.39647,32.6573,49.3851,60.5053,66.9264,74.9368,79.3466,79.5012,91.9733,90.2871,89.3464,86.9439,84.9465,90.716,90.3685,88.9799,94.6093,99.1324,101.389
IRN,"Iran, Islamic Rep.",1.44928,3.09458,3.35112,5.01659,7.22451,11.8484,20.963,39.9047,56.9429,68.7372,69.8155,71.4984,73.2734,81.1372,84.5269,89.8322,96.0722,102.376,103.024,135.622,145.486,153.625,162.713,166.28
IDN,Indonesia,1.69815,2.97627,5.26817,8.21836,13.3098,20.3186,27.2719,39.3934,58.5358,67.2958,85.7839,100.135,111.581,122.425,125.767,129.469,145.704,162.783,118.33,125.244,129.404,132.199,122.873,125.238
IND,India,0.338124,0.606736,1.1844,3.01665,4.59687,7.80652,14.1575,19.6208,28.7177,42.8461,60.4906,70.8726,67.6264,68.3967,71.9367,75.3793,83.9178,85.9704,85.5501,82.8981,82.254,81.604,80.1818,80.5632
ISL,Iceland,76.3993,87.0473,90.5534,96.5695,99.2812,95.3759,99.3576,104.636,106.112,106.623,107.204,107.817,109.747,109.997,112.987,116.004,119.679,116.796,116.581,114.623,114.939,117.343,120.115,123.382
HUN,Hungary,30.1874,48.8599,67.9206,78.5895,86.5295,92.5916,99.162,109.925,122.038,117.909,120.369,117.526,116.768,117.2,118.896,100.624,101.442,101.629,102.737,105.142,105.982,105.137,105.794,105.054
HKG,"Hong Kong SAR, China",81.2471,85.2695,93.7596,107.148,119.247,123.678,136.258,154.226,164.943,178.317,194.234,214.098,227.571,233.65,231.702,227.037,237.378,247.079,266.34,286.619,291.916,319.852,292.808,319.494
HND,Honduras,2.36054,3.51627,4.7055,5.32871,9.68902,17.1356,29.2648,53.4134,77.5119,102.452,113.617,94.399,84.5665,87.3776,85.2365,87.1292,83.2181,85.8717,77.7101,76.0268,68.7836,73.4772,75.8551,74.4148
HTI,Haiti,0.662399,1.08208,1.62646,3.653,4.48921,5.5202,13.02,26.6715,33.5754,37.6487,40.8026,42.3605,60.5272,70.0445,65.2575,69.3703,60.9477,58.2918,60.2323,61.6234,65.0934,64.3452,65.1889,
GUY,Guyana,5.20768,9.85249,10.3974,18.0782,22.5147,36.9776,52.7033,71.1853,59.3381,64.9564,74.7938,70.8644,73.3024,74.0026,75.1635,71.5092,76.5713,83.6991,,96.3271,106.009,104.969,112.565,
GNB,Guinea-Bissau,0.0,0.0,0.0,0.0966784,2.92324,7.15302,11.1163,20.4153,33.6114,36.7108,43.2449,45.5597,63.5329,55.42,63.6542,69.3268,70.1916,76.4394,77.0219,80.8245,95.0629,108.63,125.935,128.111
GIN,Guinea,0.499618,0.651877,1.04648,1.25694,1.7092,2.04416,,20.699,27.7809,34.3963,38.476,45.6102,51.1345,66.4453,75.6869,91.4756,92.0233,94.4641,94.555,98.7621,103.17,100.616,108.885,
GTM,Guatemala,7.32485,9.57808,12.8774,16.2446,24.7377,34.4605,53.7031,87.1486,107.273,121.75,124.606,131.686,137.757,141.131,107.844,113.459,112.267,120.638,121.5,122.044,117.476,125.719,115.156,113.709
GUM,Guam,16.9931,20.2072,43.4341,48.9159,59.8254,,,,,,,,,,,,,,,,,,,
GRD,Grenada,4.00182,5.9396,6.96746,38.8423,39.6193,42.7014,41.9422,46.4894,54.1246,102.849,109.284,107.83,115.196,117.194,102.645,104.439,103.338,98.0414,102.619,100.175,102.079,86.571,95.7592,
GRL,Greenland,26.8889,28.1541,35.2064,52.411,68.5909,81.6155,94.7559,116.938,98.5087,94.5968,101.298,103.357,104.715,106.878,108.237,108.888,,111.145,109.487,109.935,117.614,118.85,118.637,
GRC,Greece,55.0181,73.4448,85.5282,81.8448,85.1742,93.4349,99.6707,111.309,124.578,119.689,110.5,109.174,120.926,114.143,111.488,116.133,116.365,120.306,113.418,110.855,106.67,108.644,109.027,110.792
GIB,Gibraltar,20.0585,35.4232,43.7174,56.2354,64.0501,68.5801,74.3394,79.984,85.4898,92.7879,96.0061,102.653,108.495,,115.808,124.849,122.218,119.828,117.763,114.208,97.9681,92.6502,97.6043,
GHA,Ghana,0.662242,1.20889,1.86583,3.73546,7.75095,12.8046,22.6002,32.1629,47.7132,60.7695,68.4473,81.1104,95.8262,102.338,108.27,121.997,130.481,122.472,133.61,130.705,126.887,124.403,120.803,98.8059
DEU,Germany,58.9286,68.5016,72.0473,78.917,86.8798,96.6169,104.835,118.37,130.097,129.733,109.364,112.419,114.192,123.435,122.309,117.401,125.024,132.003,128.946,128.292,128.425,127.125,124.158,124.663
GEO,Georgia,4.49919,7.15803,12.2005,17.4086,20.7256,29.1672,42.6335,65.5238,69.9049,72.392,102.113,114.517,122.384,131.083,142.391,146.396,145.881,145.072,143.858,141.755,134.366,146.566,154.014,155.25
GMB,"Gambia, The",0.384858,3.68459,6.51173,9.46368,10.7937,14.8454,23.5732,45.3269,64.1491,70.1538,76.7323,70.6308,74.7,87.8808,105.505,122.079,124.274,126.634,132.578,105.205,106.448,108.847,106.782,
GAB,Gabon,9.40754,11.454,20.7629,21.7022,34.4235,50.3377,59.5349,75.1171,80.8873,87.2676,93.6112,133.01,138.488,143.499,148.238,138.244,141.05,123.475,132.465,131.975,131.302,132.309,123.233,122.607
PYF,French Polynesia,16.6017,27.571,21.0877,23.8836,37.5508,46.2415,57.7457,65.6239,69.732,77.2823,79.7879,82.004,83.3447,88.5949,92.3064,96.5696,100.334,102.768,108.169,113.965,119.982,115.414,116.866,118.778
FRA,France,48.8409,61.76,63.96,68.6553,72.8138,78.0332,83.2589,88.6688,92.3412,91.7782,91.1186,93.8529,97.1925,98.3479,101.132,102.718,103.817,105.718,107.482,109.601,110.387,113.953,115.951,116.688
FIN,Finland,72.034,80.4859,86.8519,91.064,95.4066,100.456,107.667,114.962,128.543,144.226,156.432,165.917,172.147,136.259,139.199,134.974,131.383,129.983,129.629,129.488,128.761,129.036,128.023,127.473
FJI,Fiji,6.54732,9.52606,10.4773,12.6843,16.2621,23.2326,31.9713,59.0364,66.4158,70.5437,76.6592,79.6286,93.8673,101.534,95.4872,105.157,113.656,112.534,110.665,112.581,108.365,108.158,111.749,
FRO,Faroe Islands,37.1658,52.9563,74.1816,80.1847,86.007,86.913,103.174,107.623,113.118,117.538,123.411,121.991,122.106,119.619,120.194,108.833,110.024,112.69,111.283,106.012,112.6,111.094,105.804,
ETH,Ethiopia,0.0263412,0.0395753,0.0703129,0.0695139,0.204442,0.52398,1.07393,1.45421,2.28483,4.60381,7.57026,15.1655,21.424,26.0536,30.1536,40.7363,47.9993,36.1095,,36.2199,37.4208,52.8089,56.9643,
SWZ,Eswatini,3.16877,5.23279,6.41848,7.9685,13.5115,18.5353,23.0535,34.8399,48.4152,60.1213,65.2905,68.5737,71.6279,79.0272,80.683,82.3407,86.5588,88.713,89.2004,91.0519,104.747,118.627,121.492,128.399
EST,Estonia,39.8712,46.9106,63.8667,76.6124,92.1518,106.676,123.151,125.445,121.494,117.685,124.136,136.065,151.197,146.247,144.361,144.803,144.235,144.557,145.543,147.047,144.832,148.74,152.271,150.196
ERI,Eritrea,0.0,0.0,0.0,0.0,0.769739,1.51953,2.29317,3.07478,3.85719,4.88697,6.29077,8.06871,10.0522,11.542,13.4855,15.2952,16.1936,22.0611,,40.4605,54.7205,53.7583,59.1248,
GNQ,Equatorial Guinea,0.710955,2.00044,4.01024,4.89466,6.87841,10.2283,12.117,14.4781,16.5971,17.6107,33.5796,38.5607,38.7386,37.9421,36.9002,36.6825,38.1684,36.2336,36.576,36.9422,43.3495,46.4348,49.538,
SLV,El Salvador,12.5119,14.3729,14.8467,19.1676,30.5192,40.1585,64.1687,102.122,115.282,125.097,126.896,136.551,141.463,146.476,149.171,150.948,155.42,152.539,151.669,167.089,159.575,176.973,183.249,179.706
EGY,"Egypt, Arab Rep.",1.86075,3.74243,5.89553,7.44671,9.61664,16.8057,21.7666,35.7084,48.0833,63.2585,79.2199,91.5823,103.905,104.585,97.7313,94.3962,96.2092,99.2884,88.7421,88.6448,87.2317,84.0866,90.6795,92.8262
ECU,Ecuador,3.80018,6.65455,11.8801,17.9338,26.0434,45.1124,60.2369,69.3707,80.1668,89.3147,98.0369,100.042,105.68,105.182,103.559,79.5746,84.1088,87.4214,92.5118,91.4249,88.2555,94.9506,98.1309,101.032
DOM,Dominican Republic,8.21779,14.5647,19.2111,23.2936,27.8319,39.2767,49.3049,58.3022,75.32,89.0106,90.5563,88.1874,88.7173,90.2547,80.4955,84.3066,82.5303,82.2092,82.8937,82.1376,81.6619,87.5208,90.376,91.8676
DMA,Dominica,1.75154,11.2904,17.8054,34.7084,60.9448,75.654,103.915,129.272,132.164,143.036,153.309,157.74,158.135,134.225,104.992,109.72,112.697,109.831,112.682,115.103,110.409,92.5136,85.1899,
DJI,Djibouti,0.0307767,0.388947,1.88543,2.82722,4.17395,5.24961,5.23707,7.9516,12.6407,14.1275,17.803,20.3518,21.9776,24.7885,28.6271,30.8092,33.2718,35.3657,36.8545,38.0144,39.2725,43.6424,46.7771,48.4505
DNK,Denmark,62.9919,73.8998,83.2922,88.4332,95.6022,100.547,107.186,115.497,119.353,123.727,115.734,128.763,130.416,125.213,126.869,124.554,121.941,123.862,124.55,124.573,124.37,125.604,126.484,126.919
CZE,Czechia,42.4547,67.8967,84.0881,94.7289,105.078,114.55,120.395,127.967,132.779,125.349,123.605,125.46,128.69,130.521,132.289,118.34,118.544,119.874,120.432,124.126,123.219,126.173,128.105,126.005
CYP,Cyprus,31.3009,44.5578,58.5586,76.3248,89.8,105.175,114.499,127.294,127.587,119.341,123.133,126.56,128.298,128.161,131.145,130.982,132.637,136.172,137.045,139.994,138.388,145.992,151.241,155.696
CUW,Curacao,,,,,,,,,,129.053,130.052,130.1,127.231,124.764,116.689,114.331,111.242,111.078,102.647,97.2001,91.883,90.6602,92.7325,93.7976
CUB,Cuba,0.0588346,0.0769822,0.159706,0.315414,0.674425,1.2034,1.35403,1.75642,2.93786,5.49953,8.87827,11.6368,14.8776,17.6639,22.4243,29.5816,35.3989,41.0193,47.8602,53.9383,59.6059,63.8661,68.718,69.5768
HRV,Croatia,23.8783,40.8038,53.7092,58.9154,65.788,84.6024,101.84,116.651,105.566,108.456,114.582,119.49,116.719,111.282,105.732,105.544,106.718,105.795,109.034,110.494,110.666,112.169,114.677,117.113
CIV,Cote d'Ivoire,2.6722,4.00764,5.5056,6.69626,8.54469,11.7071,19.7861,35.5088,48.5676,59.9343,69.3659,75.4688,77.1273,80.9987,90.122,100.639,105.625,118.755,123.098,132.574,138.664,150.344,161.232,171.989
CRI,Costa Rica,5.374,8.15536,12.3286,18.805,21.9778,25.8447,33.409,34.4323,42.4898,43.3424,68.6655,90.0915,115.312,150.801,147.267,156.404,171.166,179.931,171.357,146.212,149.223,154.831,154.989,145.789
COG,"Congo, Rep.",2.22127,4.5836,6.61937,9.57701,10.76,15.101,23.9093,32.349,43.9283,68.866,83.3372,84.2731,90.3529,95.9371,99.08,102.323,103.858,94.4868,91.189,91.0654,97.6561,95.8615,93.6259,94.8715
COD,"Congo, Dem. Rep.",0.0296986,0.287728,1.04185,2.25179,3.49263,4.67216,7.28434,10.551,15.4333,14.2422,17.2401,22.0819,27.4285,37.2505,47.3232,46.5879,34.4099,40.6223,40.5014,39.94,42.5028,47.2883,48.6774,53.1889
COM,Comoros,0.0,0.0,0.0,0.351002,1.44273,2.61913,6.09786,10.0667,14.5781,19.0975,25.2396,32.3982,41.5931,49.9144,53.8297,58.4556,61.2598,61.9708,64.6591,73.1292,97.4339,104.311,100.549,109.856
COL,Colombia,5.77336,8.22292,11.399,15.1114,25.0356,51.8645,69.7165,78.5031,94.529,95.2296,99.3308,102.079,107.329,108.978,118.823,122.051,123.71,129.272,131.595,132.811,133.661,146.628,156.195,166.98
CHN,China,6.7156,11.3253,16.0083,20.8536,25.7141,30.0304,34.9802,41.2808,48.0758,55.6575,63.5563,72.5052,81.2076,89.1302,92.6612,92.5401,97.2139,104.073,116.229,122.67,120.497,121.492,124.195,128.247
CHL,Chile,21.9402,32.5225,39.3766,45.3566,57.2138,64.6505,75.4174,83.7065,87.871,96.7107,115.545,128.605,136.656,133.778,132.56,128.584,127.565,124.001,133.27,130.493,129.414,136.572,135.114,135.871
CHI,Channel Islands,,,,,,,,,,,,,,,,,,,,,,,,
TCD,Chad,0.064614,0.249883,0.375157,0.685088,1.23991,2.03329,4.35335,8.28717,13.9418,19.1808,23.3526,28.739,33.3229,33.3154,37.0123,37.3153,36.9556,40.7649,43.2279,45.9379,50.4343,58.0323,65.4378,70.1874
CAF,Central African Republic,0.129571,0.280649,0.314522,0.974876,1.43102,2.33165,2.5128,7.61859,12.5028,19.0689,21.7946,21.7402,24.7918,29.3015,24.9962,26.8397,26.4836,24.5204,26.2216,32.2627,36.426,35.817,38.8218,
CYM,Cayman Islands,26.9698,41.3736,44.6912,47.89,74.5281,173.004,191.904,204.273,192.202,206.581,185.896,174.041,172.98,167.14,151.361,151.267,151.594,149.773,,147.044,145.594,142.637,139.315,
CAN,Canada,28.2502,34.1166,37.6464,41.7477,46.7437,52.4553,57.2331,61.2755,66.0481,70.3945,75.5197,77.6723,79.3757,80.3549,80.7902,82.7674,84.5919,86.1024,89.0495,90.9589,84.7748,87.4056,91.2387,94.1497
CMR,Cameroon,0.692561,2.72573,4.46094,6.66446,9.21627,13.1922,17.8682,25.1303,33.1693,41.8758,43.9121,51.831,62.9907,73.1912,77.24,79.7801,79.8046,83.4503,74.3995,83.9044,85.2722,80.8081,89.8274,96.4817
KHM,Cambodia,1.04753,1.76528,2.95599,3.81878,6.50447,7.90225,12.623,18.6632,30.1491,43.9034,56.2094,93.4415,127.835,133.581,132.833,133.458,125.628,115.551,119.31,129.957,126.076,117.235,113.392,120.809
CPV,Cabo Verde,4.35214,6.84499,9.19588,11.2683,13.7222,16.8457,22.183,30.6762,55.3839,57.419,72.9468,77.5113,83.0757,97.5075,119.724,119.336,117.442,119.374,118.876,115.868,105.839,114.231,113.247,113.023
BDI,Burundi,0.252234,0.50368,0.762002,0.908684,1.37553,2.01653,2.54273,3.30806,5.65018,10.2904,17.8962,19.7015,22.3128,24.3007,29.5678,45.2379,47.6697,51.4533,53.2737,53.2996,52.5571,59.7008,56.26,63.1631
BFA,Burkina Faso,0.211688,0.61965,0.875435,1.81994,2.93277,4.54743,7.07267,12.5405,19.82,24.3387,35.2848,46.1058,58.0942,63.5243,68.5396,76.9373,79.6698,90.2081,94.622,97.1499,102.973,112.198,119.463,
BGR,Bulgaria,9.2244,19.5498,33.0395,44.8576,61.0333,81.1551,108.025,130.455,138.397,139.621,137.14,141.938,147.338,144.355,131.335,128.103,125.906,120.596,119.395,116.617,114.597,114.912,116.679,117.933
BRN,Brunei Darussalam,29.1033,42.8997,45.1771,51.1674,57.3669,64.8898,82.6517,98.7233,105.576,107.255,110.902,110.96,115.826,114.011,108.471,109.751,122.427,125.87,129.268,129.845,119.934,133.597,116.108,127.012
VGB,British Virgin Islands,,,37.3308,,,,,81.6053,87.4924,172.794,171.722,162.302,160.498,168.457,166.143,165.792,117.153,134.692,115.284,108.625,94.6896,99.5557,92.8913,
BRA,Brazil,13.3251,16.3049,19.5408,25.6741,35.9135,46.6789,53.5317,64.1626,79.132,88.1849,101.667,120.008,126.132,136.589,140.305,127.836,120.101,108.093,101.602,97.3747,98.6456,104.825,101.245,101.02
BWA,Botswana,13.2462,19.4051,19.0435,25.0588,28.9318,30.6424,43.9084,60.2637,76.1956,94.1441,116.246,139.87,146.149,151.671,157.018,157.735,147.173,142.962,147.065,160.662,161.859,173.252,178.205,179.027
BIH,Bosnia and Herzegovina,2.24498,10.6404,17.8792,25.7218,33.9881,38.9203,46.4606,61.0557,80.532,83.9539,81.6019,84.7529,91.4833,96.6063,97.9342,97.8678,98.0144,100.333,102.187,112.255,106.375,114.912,118.944,117.734
BOL,Bolivia,6.76967,8.91055,11.4977,14.1298,19.5647,25.8676,30.2062,33.5993,51.1488,64.5389,70.5073,80.7163,90.2756,97.5951,96.3264,92.266,90.3953,96.6384,99.4566,100.149,99.8988,100.809,101.572,
BTN,Bhutan,0.0,0.0,0.0,0.353635,2.94185,5.43918,12.2359,22.0203,36.9241,48.8392,56.1998,68.2555,78.1969,75.0527,85.1866,91.241,93.3821,96.8566,92.6023,95.3473,96.7703,100.331,95.1298,95.6261
BMU,Bermuda,21.121,21.5511,48.2765,64.1169,78.3311,84.0682,95.6489,109.506,124.803,133.721,138.407,,142.978,148.331,93.6438,59.8765,100.697,102.232,,104.513,105.62,105.185,105.274,
BEN,Benin,0.768193,1.67884,2.85027,2.98462,5.62957,7.07639,12.1442,22.9147,39.2846,52.9301,72.2115,76.9318,80.8629,89.9019,78.517,82.0193,76.0182,72.8671,76.408,81.3235,85.2391,94.9183,105.745,116.036
BLZ,Belize,6.98176,15.7642,20.2059,22.899,27.6052,34.3187,40.9896,39.9574,52.5797,51.7517,60.6414,67.9524,51.5597,51.1128,49.3805,59.4798,61.1256,64.1586,64.7802,66.0705,67.5517,66.7769,67.175,
BEL,Belgium,54.9079,74.8226,78.407,82.9377,87.6255,91.6576,93.3538,101.06,105.901,108.9,111.132,113.202,110.856,110.349,113.6,113.292,110.749,99.8304,100.164,100.165,99.9101,101.463,101.68,103.196
BLR,Belarus,0.493959,1.39191,4.6856,11.4045,23.0022,42.4035,62.0314,72.7795,85.2943,101.881,108.873,112.902,112.822,117.434,120.366,120.67,120.432,120.213,122.57,123.23,125.165,127.117,128.315,128.979
BRB,Barbados,10.8627,20.2385,36.7949,52.6759,74.8745,76.7344,87.8212,94.953,105.848,122.96,127.183,125.993,126.128,110.82,109.739,120.001,118.816,117.63,117.319,117.112,104.722,112.223,114.581,
BGD,Bangladesh,0.207367,0.380101,0.773751,0.968289,1.94647,6.21909,13.0671,23.2247,29.8647,34.0413,44.6275,54.9307,62.6684,74.4595,80.3128,82.4276,84.5595,93.069,98.9289,100.4,106.002,110.012,109.867,114.355
BHR,Bahrain,30.7247,42.8008,51.7138,54.6188,74.5619,82.2539,91.2343,105.539,128.559,118.449,129.158,140.351,174.62,175.802,177.4,183.92,209.489,159.547,139.735,129.143,119.412,128.079,139.636,153.9
BHS,"Bahamas, The",9.73459,18.4711,36.7171,36.4188,54.743,66.2329,72.6192,105.849,99.9805,98.898,116.572,80.3784,79.9001,75.735,82.3551,80.7521,92.8219,90.5387,98.9789,107.812,117.717,100.257,101.624,100.048
AZE,Azerbaijan,5.14264,8.84659,9.53864,12.5837,17.156,26.0781,38.1512,51.1876,73.2222,85.7487,99.489,109.334,107.989,106.583,109.567,109.682,103.248,101.59,102.987,106.328,101.597,105.694,107.506,107.687
AUT,Austria,76.3391,81.3331,83.3495,89.5526,97.7795,105.296,112.226,119.466,129.949,137.015,146.334,155.155,161.156,156.483,151.531,155.837,126.798,123.415,124.23,120.776,120.132,121.358,121.166,121.746
AUS,Australia,44.7511,57.4839,64.6582,72.3885,82.2081,90.7636,95.9663,101.458,103.507,101.914,101.619,105.824,106.5,107.332,106.206,107.608,109.129,107.8,110.033,109.753,104.93,105.119,109.469,112.513
ABW,Aruba,16.8993,58.69,67.6304,75.7794,105.553,109.75,114.297,117.6,123.517,129.26,131.65,,132.661,135.338,135.142,135.337,,,,131.682,131.285,131.092,130.648,
ARM,Armenia,0.55944,0.826884,2.335,3.76374,6.72643,10.5791,42.1272,63.0765,48.7164,74.4012,131.875,109.85,113.697,114.5,118.365,118.599,117.671,119.676,123.0,124.614,120.682,125.395,130.54,134.52
ARG,Argentina,17.4342,17.9185,17.2676,20.4096,34.8114,56.4973,79.5273,100.962,115.052,128.462,138.252,145.511,152.574,158.191,142.325,142.241,145.147,139.758,131.224,125.303,121.181,130.353,131.484,137.706
ATG,Antigua and Barbuda,29.3678,32.8649,49.5963,59.1906,68.5984,108.025,136.689,137.547,164.743,160.295,196.871,203.873,145.979,129.858,135.235,196.848,200.069,203.387,,201.392,200.335,199.244,200.541,
AGO,Angola,0.159347,0.447836,0.807955,1.95054,3.9784,8.35159,15.2614,23.8782,31.3891,36.1789,40.3668,49.8515,50.7801,50.7735,51.7384,49.3097,44.5502,44.0682,42.4589,45.8065,43.7804,44.3869,66.6008,70.052
AND,Andorra,35.8423,44.6896,49.3038,74.6812,78.5281,83.3882,86.7048,77.559,76.8932,76.9466,81.1526,83.6224,83.1208,85.0214,89.8341,98.8389,105.474,108.912,109.915,114.953,103.877,119.688,142.426,156.097
ASM,American Samoa,3.50365,3.77894,3.56805,3.68609,3.96001,,,,,,,,,,,,,,,,,,,
DZA,Algeria,0.278282,0.31917,1.41805,4.49694,14.9637,41.2614,62.4502,80.6177,77.6388,92.2215,90.5824,96.5113,99.6853,102.871,110.44,108.016,115.154,109.97,110.938,104.922,103.437,105.037,107.787,111.606
ALB,Albania,0.940923,12.4732,27.153,35.278,40.6495,49.7453,62.6026,76.8284,62.1342,83.1929,91.9299,106.474,120.275,126.772,115.701,117.33,116.284,125.1,93.8031,91.1635,91.1881,92.4843,98.395,92.9973
AFG,Afghanistan,0.0,0.0,0.116942,0.879776,2.54662,4.91711,9.9133,18.0167,29.8268,38.2289,36.1187,47.0152,50.1967,53.149,56.1322,58.256,62.2553,67.0508,59.8109,59.6471,58.0461,56.6945,56.2655,55.5475
WLD,World,,,,,,33.9,41.7,50.6,59.7,68.0,76.6,84.2,88.5,93.1,96.7,96.1,99.3,101.4,103.1,105.9,104.8,106.7,108.0,109.8
UMC,Upper middle income,,,,,,,,,,,,,,,,105.5,109.5,114.3,116.0,121.0,119.7,122.9,124.1,127.5
TSS,Sub-Saharan Africa (IDA & IBRD countries),1.72076740866635,2.49660398851137,3.58014716477979,4.9578340282572,7.38870510824265,11.9905095836555,17.6782496829208,23.0558320274898,31.6966758556946,37.4114164834,44.0939840180983,52.1634151225671,58.5825096571309,64.7110646670392,69.3784866915021,73.3,71.5,70.8,74.4,77.4,80.8,83.0,87.6,90.0
SSA,Sub-Saharan Africa (excluding high income),1.71707091930944,2.49152805011609,3.57418673957924,4.95157000317799,7.38214746159849,11.9840725477325,17.6710664603926,23.048731490492,31.6887777349967,37.4023670808913,44.0852495533227,52.1548276219036,58.5738313056111,64.7032947876451,69.3699946933716,74.5414315139413,72.6041910215201,71.9143725084297,81.1598032629882,78.6090423405444,85.7,86.4,91.0,93.4
SSF,Sub-Saharan Africa,1.72076740866635,2.49660398851137,3.58014716477979,4.9578340282572,7.38870510824264,11.9905095836555,17.6782496829208,23.0558320274898,31.6966758556946,37.4114164834,44.0939840180983,52.1634151225671,58.5825096571309,64.7110646670392,69.3784866915021,73.3,71.5,70.8,74.4,77.4,80.8,83.0,87.6,90.0
TSA,South Asia (IDA & IBRD),0.327706654002566,0.593067077477571,1.14862608034088,2.63223408158974,4.16208109336284,7.58727388098178,14.6325867593635,21.8458687959642,31.2158073477115,43.0204317955014,57.6291791693912,67.2807573132345,66.3926203399348,68.7336008576658,72.4889791719549,74.4,81.8,84.8,85.5,83.9,86.3,86.2,85.0,85.3
SAS,South Asia,0.327706654002566,0.593067077477571,1.14862608034088,2.63223408158974,4.16208109336284,7.58727388098178,14.6325867593635,21.8458687959642,31.2158073477115,43.0204317955014,57.6291791693912,67.2807573132345,66.3926203399348,68.7336008576658,72.4889791719549,74.4,81.8,84.8,85.5,83.9,86.3,86.2,85.0,85.3
SST,Small states,14.2798076168429,20.2392854235018,25.9103864188081,30.9744016092641,39.5696746262134,46.5733758085214,55.0857191455198,66.5656625666859,76.9035454399225,82.4715996949295,86.8401357337238,92.3152995526394,97.4350187782237,100.503608519213,107.332880489191,109.5,115.4,113.3,111.8,111.0,111.5,114.0,117.2,131.0
PRE,Pre-demographic dividend,0.356814088010581,0.813604191248252,1.58672985958743,2.68589260594552,4.89966101450195,8.29321970533369,15.1493450214786,21.7435890983913,31.7892111676059,37.7857805479012,44.1600641926314,50.8485010353161,56.3206961353067,62.2634245845749,67.2061877134112,70.6630939187647,68.1425805185222,68.6060228997526,73.3848389949006,75.7454289641895,79.9650119592337,80.385516649546,86.7805674982389,
PST,Post-demographic dividend,47.7501588606733,56.0479656958126,61.054116228629,66.8564141915149,74.0082673061117,82.2579375580194,90.7729189218259,98.5898421898302,102.401180455108,104.363507161515,105.077941509801,108.610353256758,111.020343445871,112.76243350235,114.286565073617,114.828386879561,115.999792347336,117.106881888307,118.571319766921,120.325840291568,120.082259897927,122.464288181858,124.353057874527,
PSS,Pacific island small states,3.03580011919588,4.27369867901655,5.06630129977047,7.17756918939943,9.67124807702072,13.8876801442142,19.272443863737,34.2380999316119,38.11040366351,45.8526566668153,52.8508394409988,60.6118982077145,66.9014779275342,69.5236648334447,72.2805965843785,77.2484130709622,83.781590361882,83.6290582383162,86.8609752052671,81.0742061939604,77.0756422471147,76.1797159429208,,
OSS,Other small states,18.8975209765223,25.7547886186989,32.2930616987683,35.0577733516119,44.4273679422635,51.3573094003636,59.4407603430946,69.3222469111689,79.9673526850011,84.4641371883346,90.0510637351942,96.8439407952832,103.94594950375,106.16248209414,115.21881398748,118.172675066158,124.52921788017,121.103732971592,118.780029723513,117.370650821352,116.366309924558,122.10410369102,124.936732236042,
OED,OECD members,44.010463313539,52.2350423210071,57.2868093366769,62.912773864967,70.187060353073,78.2699707143541,86.1289645644289,94.0661845604868,98.5550259938278,100.336488554697,101.847002441074,105.327654279507,108.02174226665,109.860365426311,111.134001241857,111.741218539477,113.057251683705,114.135901730199,115.711339697942,116.859199303601,116.846970739129,119.661730921855,122.304805090448,
INX,Not classified,,,,,,,,,,,,,,,,,,,,,,,,
NAC,North America,37.7520626465879,43.9642771370256,48.0717160867342,53.8948118936585,61.3299563400262,67.0783557060801,74.7436922653599,80.331037287783,83.6256570102379,87.1439649192966,90.0993211931461,93.1200087736564,94.6620949888782,95.6699687771596,98.3059011964548,99.9,100.9,100.8,102.4,103.9,101.9,104.4,107.0,110.5
MIC,Middle income,4.40122990387145,6.85891239700669,9.46863528069071,12.6594646708362,17.0516455066934,23.0047769614903,30.8177145265412,39.883402063001,50.1013228653286,59.5126235816307,70.3029330421758,79.7622794036567,84.432304165103,89.4312868231915,92.8185660062634,94.00161271887,98.4606788890971,101.573546820726,103.839322872039,107.095305221948,106.600308165132,108.170552432744,108.260864694504,
TMN,"Middle East, North Africa, Afghanistan & Pakistan (IDA & IBRD)",2.17052949504321,4.24608019871189,5.818413666187,8.14040642404474,12.5871415152739,21.6460302476208,33.1103866091259,46.9567718993274,57.5618085377433,69.7757784126744,78.7211620411818,85.3937365970812,91.0179340883458,96.3030911371994,96.666101641677,94.9,94.8,96.3,95.0,101.8,90.7,93.8,96.5,97.0
MNA,"Middle East, North Africa, Afghanistan & Pakistan (excluding high income)",2.14841520495747,4.25828473878993,5.83701689486437,8.13505195189074,12.5856423255361,21.579764144396,32.9875617191202,46.7278196138014,57.2877757760399,69.4903241554121,78.5496557277396,85.2055262103891,90.8142555262051,96.0326262638413,96.3740334245713,96.2206990904959,96.0686374623559,97.6525656662388,95.8594616996784,103.172035341985,90.6,93.7,96.4,96.9
MEA,"Middle East, North Africa, Afghanistan & Pakistan",4.47937021994042,7.38199948087313,10.0539497443612,13.0443129197875,18.0481605090392,27.7429051333543,39.6410396985552,54.7290717240626,66.1603833132913,79.3522647067203,88.9876337825002,95.4179191054657,100.330061035009,105.500544173396,105.791394455761,105.2,104.0,103.1,102.2,107.8,95.4,98.3,101.5,102.4
LMC,Lower middle income,,,,,,,,,,,,,,,,81.8,86.6,88.1,90.7,92.4,92.9,92.8,93.6,92.8
LIC,Low income,,,,,,,,,,,,,,,,52.7,50.8,50.7,50.6,52.3,58.0,60.2,62.5,65.2
LMY,Low & middle income,4.07324952174489,6.35651855840677,8.78365580382975,11.7769109027589,15.9182818810684,21.4836481536106,28.860015511121,37.4662544034357,47.2679641379077,56.193657931565,66.3634019887003,75.5408547565946,80.1722559632734,85.2345860142252,88.8003798817614,90.0920125062044,93.8812825625047,96.6111318192515,100.365686483195,101.585315512496,101.296663699881,103.023535265877,104.401559003568,
LDC,Least developed countries: UN classification,0.267839667566092,0.536673573470082,1.00587512324063,1.69112640775055,2.83955735513526,5.00410616536379,9.15105115648205,15.1148302667501,21.698199568607,26.5257668707917,33.1545800353652,41.7915222727001,48.0521941787212,55.17906224701,62.2774141922594,66.729249904803,66.7254164006605,67.4699596052071,75.3630550960803,73.8109656936553,75.0,77.4,78.7,82.2
TLA,Latin America & the Caribbean (IDA & IBRD countries),12.3284277142754,16.1608368823173,19.1554128422761,23.5711692150151,32.2907843881023,44.0167732097791,55.4574652974779,68.4306798386611,81.538039521488,89.9574030186632,99.1116952270899,107.926713897609,112.534194535657,118.251030266306,117.662118244664,113.9,112.1,108.5,106.8,104.1,103.6,109.5,110.6,113.2
LAC,Latin America & Caribbean (excluding high income),11.1965128244591,14.7265570059036,17.73023972549,22.1723704451345,30.7473070404272,42.1283908796484,52.5047297718977,65.0535400505168,78.2100193459782,86.5155792910076,95.8477361945935,104.920564364021,109.554456601308,115.906380620695,115.408389845873,111.560790966133,110.176580106195,106.979795909807,105.416355456367,102.935203569244,103.2,109.3,110.4,113.0
LCN,Latin America & Caribbean,12.2337609230264,16.0278080762725,18.9571871492113,23.2658491501529,31.7954444641513,43.2504190012727,54.4247414285209,67.1288562830228,79.9377842650537,88.246738255931,97.2901114505863,105.949680024152,110.522665838666,116.169353512972,115.733159375779,112.2,110.6,107.3,105.7,103.3,102.8,108.7,109.9,112.6
LTE,Late-demographic dividend,7.39086634625613,11.8494383497384,16.7972734323324,22.3483377423998,29.9209292609991,38.1112955188625,45.9252875612226,55.4748933121573,65.6164325396086,74.7709324228179,83.3696823012748,91.0566056827835,98.6995505578557,105.492296388357,109.212583160761,107.639948940905,110.460057411029,113.603401335573,122.711163672734,125.404898376046,123.572144960936,125.812134493348,126.745828074436,
IDA,IDA total,0.379343905158673,0.771705285223934,1.41951534368471,2.2916341579838,4.12528385995913,7.40242836400794,13.912991270452,21.6422678475188,31.0400857878706,37.0796442317263,43.5583347473519,50.6339626108806,56.5582401749286,62.6214216477954,68.4201592373232,70.7,71.8,72.5,76.5,80.4,82.8,84.4,86.6,88.0
IDX,IDA only,0.421433318602341,0.78321503414987,1.33400484605617,2.21497292860785,3.70317392699689,6.19644792548703,11.175383830475,17.7595098647056,25.1911243170351,31.3732022859772,38.1705993956417,46.388230615276,52.5864249659697,59.5214160305245,66.7509255936279,70.9,71.5,72.9,75.9,78.9,78.6,80.9,81.8,84.1
IDB,IDA blend,0.296105465093705,0.749034544271661,1.58792887364427,2.44245965143706,4.94998054930707,9.76353601605516,19.2141195765538,29.2929927368177,42.5434369099523,48.2784440451765,54.2239442475053,59.015926057032,64.4032970929657,68.7478976405231,71.72230796601,70.3,72.2,71.9,77.5,83.2,90.4,90.9,95.5,95.3
IBT,IDA & IBRD total,4.36514363519844,6.80466935149656,9.46100599307691,12.8232277717152,17.7449697426582,24.2348780569147,32.2505184683296,41.1614313945032,51.2337399589212,60.3834424585558,70.2868560097238,78.5672470280886,83.1338102350563,88.1517876718314,91.5568489284904,92.1,95.7,98.0,100.0,102.9,102.5,104.2,105.2,106.7
IBD,IBRD only,5.47467352566496,8.50558304526989,11.7587168705392,15.875110967005,21.7147191388249,29.2124290748869,37.7034124431668,47.111927368264,57.4657355033001,67.6645385076574,78.8034873857696,87.5699733573061,91.8022167500843,96.5675975043589,99.2665312728336,99.4,103.9,106.8,108.3,111.0,109.6,111.6,112.2,113.9
HIC,High income,,,,,,,,,,,,,,,,122.7,123.3,122.9,124.2,126.1,125.9,128.7,131.3,135.8
HPC,Heavily indebted poor countries (HIPC),0.604080719435819,1.08529265223088,1.70308733228242,2.77603078902884,4.28125762508617,6.39214217230166,10.7625195669399,16.7191532210902,24.7812280685377,30.8388736618464,36.8359881370093,44.5982205032201,50.4639096972381,56.480357263253,61.7538177854788,66.5572239977314,65.09246540567,65.1418315273652,72.134817476378,68.0968402043626,70.9316903394181,74.4847568397299,76.7140221946963,
FCS,Fragile and conflict affected situations,1.31109255107114,1.94337372992783,2.65102421330654,3.9110558027598,7.03467271203645,12.7025409686772,21.3875977993564,27.0118568348438,34.2096325396667,39.0420672648915,43.540774199564,48.9305776157988,55.5285542230484,62.0618074635774,68.2877131534956,70.7,69.3,66.5,70.2,74.0,75.5,76.2,78.4,80.3
EUU,European Union,51.0821329798508,63.3627709663753,69.8249572899489,76.761165714664,84.8593193937906,94.962592506809,104.625555699473,115.471230001761,121.351082181506,120.982530176415,118.362121389741,121.505164700888,123.536569078094,124.928116565766,123.561956130038,121.827779366561,122.1922182244,122.55683721261,121.955286915766,121.799562736112,121.476371720115,123.265317671991,123.687099666304,
TEC,Europe & Central Asia (IDA & IBRD countries),7.60929247166759,11.6598194145568,17.2685197418913,25.5049023033631,41.2384702354248,62.1449170147877,81.4649389328274,95.7997878406211,108.538527350352,117.730406754684,122.284842739145,120.028710531338,122.918504822013,127.108381947864,128.02998454354,127.9,126.8,124.1,124.5,129.0,126.7,130.9,131.1,136.8
ECA,Europe & Central Asia (excluding high income),8.77054006544845,11.9512482677819,15.4207416701947,20.1843224233383,29.8092611849295,44.9450243348987,63.2756515044289,77.0922990906071,86.4803772581139,90.3320142399412,95.3951029216223,104.604414251313,106.986623033569,109.842620151994,111.084522303861,109.790593674442,108.379627294018,109.863407070652,107.098654897689,111.747265336464,106.3,109.9,110.0,113.2
ECS,Europe & Central Asia,34.1426870167349,42.0345809507666,47.700404904333,55.1982757002256,66.2863854507077,81.2101936296506,94.7728462804817,106.502951626028,115.166753219299,119.526196384206,120.330730781447,120.443939487647,122.578365415616,125.059373627102,124.878330839041,124.0,123.6,122.7,122.6,125.0,123.3,126.0,126.6,130.2
EMU,Euro area,58.9900660959894,71.6691943289689,76.7041148094687,82.7929815238927,89.5797675280421,98.8279532529889,107.060714820708,117.09678985936,122.034621135203,121.222626180633,117.39984685151,120.39652528329,121.72781302301,122.702629507747,120.998520694773,120.339522592896,121.39529734813,122.790373736647,122.501733240973,122.045744412398,121.425545157311,123.005707748284,123.504922574754,
TEA,East Asia & Pacific (IDA & IBRD countries),5.83717736234857,9.95567168404756,14.3618897757779,18.8626449730796,24.026659013196,28.6845714190938,34.4267316663862,43.3479184862917,53.3166122088424,61.697463326788,71.0725019935395,81.1327438033427,89.9824899417363,96.9950982616019,102.093043213241,102.2,108.6,115.1,119.9,127.8,125.0,126.2,126.8,128.1
EAP,East Asia & Pacific (excluding high income),5.76210038512536,9.82801642704788,14.1784085903823,18.6223253364908,23.7210053119199,28.3203006546767,33.9906596928379,42.8007115610981,52.6461335994694,60.9281923881329,70.2080044607667,80.1755198281435,88.9548080985144,95.9201242078633,100.976885094263,101.512239575662,107.879616292969,114.29740003326,120.388492509008,126.854387586962,123.8,124.9,125.5,126.9
EAS,East Asia & Pacific,11.4647836198787,15.9045115763296,20.4320451290257,24.8641321094214,29.7558348609352,34.2366583597866,39.6644119110779,48.2513956231179,57.3340585755902,65.1814267902431,73.9770106724883,83.5200185131569,91.8441602467353,98.425588404076,103.473045520977,103.7,109.8,115.9,120.7,128.1,126.1,127.6,128.7,130.9
EAR,Early-demographic dividend,3.24430164437991,4.60939203040537,5.98268276626973,8.2076558173003,11.5179522356562,17.0282128105078,24.9702237619871,34.2682424050269,44.6062128063009,54.9461722824844,67.2044861265385,76.4596068234491,78.608696214951,82.2483902385733,85.1998067528163,88.0498058781388,93.9590434686905,96.3611769859029,95.6077352113338,95.9977673901306,95.6621086286102,97.8329155295442,96.3653995383414,
CEB,Central Europe and the Baltics,20.6738050964585,32.3962797065849,44.0470611702492,53.9585246760165,67.6395983731625,82.057716489448,96.9548130511162,111.161228073277,119.094672426691,119.689348064331,121.74442149351,124.795725594432,129.359970635373,131.766589782834,130.864424519989,126.076137856759,124.997371413113,122.132128080483,119.829218463391,120.788794710806,121.617426753818,124.396200399213,124.683360007648,
CSS,Caribbean small states,7.25024377014366,13.7656877204208,20.3029801305704,34.1128195841599,43.389184686257,52.8289319749782,64.8116146135132,80.1621082346752,91.4576763576687,100.128632622832,99.9808407455144,95.9818537379915,93.9498454863244,100.900334843693,100.709780576529,97.5801849175835,101.901814316053,102.877295759944,104.593014821527,106.436957613453,111.600729388143,109.129045044123,,
ARB,Arab World,3.14235571585315,5.674469873018,8.4137897725289,11.4425320694818,16.6252188547319,26.4479394294001,38.2910994488433,51.6630400128938,61.7078304449257,74.4957914017246,85.6094564648384,94.4751848643954,100.300841931146,104.741398824987,104.242109611802,102.997439000868,100.424978952655,98.1963031894916,96.4014579839673,96.7326519819152,96.2300336647374,99.2339505781343,102.925568544421,
AFW,Africa Western and Central,0.530892742687222,1.04987624556741,2.09477956084382,3.32309173202265,6.46046333370717,11.1025063085919,18.7872335012222,25.0392998212097,36.8661001562175,44.3449799979514,52.27223728058,58.249872484352,67.1094646656648,75.0120031475166,80.2975320892204,83.3,82.9,81.4,87.8,91.3,96.7,95.2,102.1,101.4
AFE,Africa Eastern and Southern,2.53187461998447,3.48511266478186,4.59739340752445,6.07988901464806,8.01544755486436,12.59131987433,16.9490525169552,21.6849919782563,28.1203044455646,32.6088889551093,38.5271319772483,48.0159935090946,52.7679765565158,57.6880768277277,61.9358160623131,66.5,63.6,63.5,65.2,67.9,69.9,74.7,77.7,82.3
