economy,Country,YR2010,YR2011,YR2012,YR2013,YR2014,YR2015,YR2016,YR2017,YR2018,YR2019,YR2020,YR2021,YR2022
ZWE,Zimbabwe,11.7303949428856,13.6046211793426,12.3431522034478,9.89632068363253,9.76119992592177,10.2466038635812,9.02773657007639,3.38955919567546,4.18170276624164,4.24793117722157,5.72864357431639,6.23340250411359,7.56925412522426
ZMB,Zambia,0.215426137308377,0.197262177740629,0.285706886938104,0.192530588228428,0.21480509866741,0.221382796923137,0.183527454334704,0.361929111908977,0.40653553151388,0.421556142689402,0.743558162947741,1.08483362686231,0.834891790615501
YEM,"Yemen, Rep.",4.93743283602093,4.28986760853835,9.46574563057419,8.2703963723937,7.75065844763373,7.89383968135786,12.0397376477868,12.7896114525279,15.88906448277,,,,
PSE,West Bank and Gaza,9.5764022790779,10.2065334289725,14.228314544803,11.0194652216269,12.8990789262009,13.0071577445967,13.544446593553,14.7502693254891,17.4109629066019,18.4017265263275,16.4802362028661,20.7657096918972,23.9769674621994
VIR,Virgin Islands (U.S.),,,,,,,,,,,,,
VNM,Viet Nam,5.14194271391537,4.82400859084171,4.04518291124934,4.41207825102011,4.19530449519011,3.36485543217987,3.32797565973604,3.34298428192977,3.28640694383908,3.25548904943051,3.0911959715008,3.47147757606586,3.19268406571154
VEN,"Venezuela, RB",0.0363689675955094,0.0436043493161516,0.0316700251538786,0.0463444545701221,0.0596209556570101,0.12833875915334,0.24708844293653,,,,,,
VUT,Vanuatu,1.75464256611849,2.82617478189998,2.94669266653432,3.12672969335593,5.37441666387766,5.2197632629626,6.07273244133382,9.76896535274604,12.5900744870009,16.2406189607496,13.9736265220997,21.0260500834555,18.7509602200776
UZB,Uzbekistan,6.90310933925255,8.15471745166511,9.01689935997158,8.80231146942062,8.42882528339748,5.61878143544813,6.72762541776342,10.2293000322696,12.9644724922439,12.69979421355,10.6613149757896,11.9948771448385,17.2173418207715
URY,Uruguay,0.297711381718448,0.255919432671405,0.168907169778097,0.161154729026498,0.15908431079509,0.156495396899523,0.157345013875127,0.168263788380593,0.174395036178059,0.180436408548094,0.207465871227739,0.207005780162034,0.177304603447649
USA,United States,0.0394047047028826,0.0391288870669506,0.0387782131703568,0.0392621564568635,0.0370526950267928,0.0361309046802651,0.0338591199244413,0.0325865910055647,0.0338040258424814,0.0329685602788545,0.0324161750844288,0.0304223696836328,0.0299279250881351
GBR,United Kingdom,0.198314739303009,0.1905749164042,0.181810017762643,0.171779044591074,0.160022320347295,0.16986106885935,0.169287383246449,0.159640495913892,0.151524719547986,0.146566045988622,0.119239810240544,0.108356162342484,0.124639359449125
ARE,United Arab Emirates,,,,,,,,,,,,,
UKR,Ukraine,4.62788640442269,4.61927764801976,4.62726263528925,5.07457234295051,5.50845447210468,9.30892003656947,10.1461215673731,10.8233966749932,11.2261271501125,10.2597396240268,9.71346014003703,9.04058383088579,10.360546734925
UGA,Uganda,2.88972509986159,2.9285299123868,3.34456530850099,3.25311704295492,2.72169905951299,2.7855387117841,3.92429417509553,3.7917038905646,4.06369509425149,4.02937856649093,2.82418111836855,2.85028028798949,2.74413888269122
TUV,Tuvalu,12.2094712377038,11.6915174921906,9.74924758972297,9.5082434808438,8.36832956023406,7.15595338772838,6.1179723642963,6.05655386220747,5.56078413700144,4.44369895716681,4.2532939646297,4.90015089174488,4.18355781840829
TCA,Turks and Caicos Islands,,,,,0.74910752086807,0.561360099566529,0.621174333113159,0.644187609248404,0.569257773358117,,,,
TKM,Turkmenistan,,,,,,,,,,,,,
TUR,Turkiye,0.232446499042421,0.223053389308349,0.212463719897603,0.19757471711574,0.184539939588783,0.1618792223735,0.137916301302749,0.122239974980242,0.145492463528356,0.110330158016913,0.11122799635979,0.0864348823920577,0.0751540758235723
TUN,Tunisia,4.4654169829179,4.16533721221503,4.78893888412121,4.70471677441917,4.66786649981485,4.3062419406206,4.10560044761404,4.48331805727785,3.97992085606504,4.26980521845833,5.36706286105133,6.30339440555567,6.24650668661797
TTO,Trinidad and Tobago,0.410237050995271,0.636337414134119,0.511228746131578,0.508147285225119,0.491379947339566,0.578227256414542,0.6144631030123,0.56688354960305,0.580781247027516,0.613406035763923,0.930835122563685,0.965999163414196,0.721089455082734
TON,Tonga,20.1778418075396,20.3642452840362,19.3683402749797,27.1542792079469,27.0502703382977,29.5475611317982,29.9964490576704,34.4805616567803,35.1436001436854,35.8964959595903,37.5001342017295,41.5310102606256,38.6793403513808
TGO,Togo,7.09857631302237,4.50819213697193,6.36811583568694,6.6006287364145,6.69232431286361,6.31994557449691,6.04771440269533,6.31882473746726,6.413439558884,7.2642347331468,8.68798915490316,,
TLS,Timor-Leste,15.549891615884,13.1310751860748,10.3278003793341,2.41091105688945,3.01753599201991,3.8726518702013,4.88731054663233,5.49218867117135,6.19033656390075,3.72491791957098,4.43213613731545,4.13904341858438,4.54948220642564
THA,Thailand,1.29964762665379,1.41730161893501,1.42288274079939,1.56657940260133,1.60164242752634,1.46890617750532,1.51682060620959,1.47255762472914,1.47331423952061,1.43105200387804,1.57323400130361,1.71464731576995,1.80546752206825
TZA,Tanzania,1.07546529301513,1.1817575399217,0.983947056198732,0.836671074056767,0.779177186782429,0.817837412905957,0.80871167213341,0.755768361208259,0.724356462206761,0.710344138914676,0.493668773904517,0.790350505202583,0.929057337699634
TJK,Tajikistan,35.8104365109815,41.7379526470592,42.2158394555421,43.7683574907798,37.1359784024863,27.306557809196,26.70605713952,29.6849721562403,28.1177144978702,27.9717718939678,26.8848943162433,32.6893794785095,49.8953124537059
SYR,Syrian Arab Republic,2.64296593950914,,,,,,,,,,,,
CHE,Switzerland,0.466837143562508,0.426330190613504,0.384032311982273,0.381445612545911,0.370696516017599,0.396223656006164,0.405549777250354,0.420713755203518,0.396771577082542,0.39995953718007,0.418815724820597,0.394169722896814,0.400685830735044
SWE,Sweden,0.824144202287768,0.768518383014625,0.781004729278552,0.800169166567215,0.811795911155394,0.753181670692242,0.622135553852926,0.609110894318936,0.595465560285736,0.637456781334233,0.600055566280723,0.516425772955722,0.643140850059057
SUR,Suriname,0.0984348628366547,0.0880493207643258,0.161797003012048,0.13591182980513,0.168564637405158,0.130808596217732,0.0450212160147506,2.72610217041801,2.46931546272122,2.39483099124346,4.25950717003706,4.74967050714786,3.90785134019277
SDN,Sudan,2.46856150399008,1.49807774183835,1.58330324714586,1.43991386908741,1.02300097644082,0.292676390954571,0.35986421105173,0.515788151199867,1.3150777470696,1.61517721904827,1.8323008553696,3.26916579487434,2.90211266882246
VCT,St. Vincent and the Grenadines,5.83424780316507,6.01142549824729,5.89469045137797,5.70156146729894,5.64615892746813,5.31302901273169,5.51355988353207,5.4131875425451,5.24004668226651,8.71387186266931,7.28760488020117,7.8833728427168,8.9600494606505
MAF,St. Martin (French part),,,,,,,,,,,,,
LCA,St. Lucia,2.11150736757089,2.02905688740467,2.01371018543667,1.9648925905188,2.01408337302494,2.24052636321995,2.05456919543899,2.09471774824746,2.08252651836278,2.06253691163656,3.76083240284187,3.38786200261832,2.64606338325431
KNA,St. Kitts and Nevis,2.26941122778066,2.13355695950922,2.29148883420139,2.34875092731461,2.27576714513556,2.549384600503,2.24009240695847,2.34521048832449,2.40950362613015,3.81252185570387,3.57085817002501,4.31644848767189,3.82742435449419
LKA,Sri Lanka,7.03173225308739,7.60554994758808,8.51637944821433,8.34308046856983,8.52566414719495,8.22623893469037,8.25208420348126,7.61931283120434,7.45689609377321,7.58292151108231,8.46666948979071,6.23540007343764,5.1513598897261
ESP,Spain,0.111762374022716,0.115238682420597,0.157319242551982,0.22285903929826,0.226797932786243,0.221645288326861,0.211757899989054,0.227330124373479,0.232719297208056,0.228489839382549,0.237512743208444,0.270293557786333,0.292566709394882
SSD,South Sudan,,,,,0.0142213144985937,9.49107276206113,,,,,,,
ZAF,South Africa,0.256268349621624,0.252820402352178,0.249662280256129,0.242127513628629,0.239613276998032,0.238024279262203,0.233457316957649,0.229090018644241,0.229245847513525,0.228613058346216,0.239923790431449,0.220638358471984,0.214147215380552
SOM,"Somalia, Fed. Rep.",,,,,,,,19.0815413462627,16.5324526863965,15.4725046210721,19.0299026425591,22.3389222819783,20.9908850338136
SLB,Solomon Islands,1.58981973165005,1.59121527059446,1.74845980973339,1.60510766640477,1.22307361385831,1.42119164835544,1.47030963362168,1.11095840117937,1.2317763676495,1.57330203401248,1.79077316018124,3.2748037745436,5.53259070949236
SVN,Slovenia,0.344121764428004,0.410846429519538,0.539533452766329,0.656155949580958,0.75397861953478,0.935404889593576,1.02047590436179,1.04250490977839,1.20106840325198,1.22957508655493,1.38253126686938,1.34304781454004,1.30050005654386
SVK,Slovak Republic,1.74607904404672,1.75907867572122,2.03452702807638,2.37503404973024,2.37004484724447,2.3247238213663,2.35459021885111,2.66377475372368,2.65825469283724,2.40419675294541,2.28680381155773,2.01545323866653,2.00029336003364
SXM,Sint Maarten (Dutch part),,5.77763189305323,5.6462854876183,7.09229929000546,4.56506626525152,3.88728098682249,4.26760385611931,4.06853182807701,4.04693142602507,3.45172058516586,3.12887136730092,3.43529953089954,3.04516078317487
SGP,Singapore,,,,,,,,,,,,,
SLE,Sierra Leone,1.03731168182259,1.20970912123052,1.05075847260537,0.928467296264853,0.812242743298837,0.709504864789017,0.957115876973238,1.10536706174991,1.14576246374955,2.72079422105891,2.64689995615237,2.56439301419071,4.08881666012583
SYC,Seychelles,1.77023815024686,2.38563441895517,1.6218967240906,0.965699864509755,1.08649434133115,1.28624600761003,1.40815016800627,1.29292273605809,1.27296516055049,1.26549711742768,0.721830959030331,0.639618917399878,0.540942315591985
SRB,Serbia,9.45743060186176,7.72855684113365,7.8629667921666,7.97691420264237,7.52536510903647,8.16137247405661,7.59108132372082,7.80815302066673,8.4217005195992,7.86772487224268,6.92365039942266,6.94943672867267,8.53793327986465
SEN,Senegal,9.17493229577627,9.07151792128535,8.92495688291066,9.39758184999065,9.75703421992328,9.88904378802765,10.4020429653907,10.2345864455544,10.5012036444705,10.7915365396284,10.6291398745498,11.2519045633329,10.4760303181811
SAU,Saudi Arabia,0.044770287230573,0.035808339973939,0.0327055489847342,0.0349167043120865,0.0347205659958046,0.0426057491739427,0.0460425534219694,0.0392285559698217,0.0377766708836924,0.0375782473904536,0.0393583696631861,0.0300118046534322,0.0231657002868662
STP,Sao Tome and Principe,3.34870935753936,3.0387204738688,2.81597151441522,9.94852796036063,9.15254067284932,7.68470166250658,6.17408867598701,5.64966039806413,4.63261082748776,2.69130098337055,1.82933358998671,2.01972579004646,18.869112414756
SMR,San Marino,,,,,,,,1.08369908929546,1.12987986271326,1.07572745585645,1.14575498574344,1.13388954934606,1.1948481186404
WSM,Samoa,20.3605367271693,21.446615155367,22.9835277179653,20.6313051807729,17.6358550896559,15.9140548421844,15.4952028697843,15.3390745749237,16.7986529554725,17.0014488402496,23.4968429809637,28.8911917637226,31.4726825614257
RWA,Rwanda,1.73838542568654,2.53020581196575,2.38286312138875,2.17647321459062,2.22835769878785,1.86334767492588,1.98403039968478,2.32677250364946,2.70299020899098,2.5191103527048,2.75268804314647,3.53118438933187,3.56076089404595
RUS,Russian Federation,0.344282408841521,0.298313804363493,0.262090607919179,0.294477562161684,0.377640974141187,0.506305846173427,0.523867598943551,0.523123068702963,0.560375837837153,0.616170784814508,0.66406336325159,0.527388477992061,0.141610832659861
ROU,Romania,0.377143482457979,0.3603478606251,0.409351035859985,2.53203772880486,2.5452952663767,3.03084180005794,3.20026343931196,3.11955294245231,2.88843413726554,3.25576428661723,3.0426851754726,3.19771739842693,2.97350172599786
QAT,Qatar,,0.341901614862895,0.4299532109741,0.289036439217052,0.241787871440789,0.270241348794785,0.249499823467106,0.413369008579453,0.254742709863038,0.326951114655634,0.45124396470709,0.47781726470251,0.437654869216368
PRI,Puerto Rico (US),,,,,,,,,,,,,
PRT,Portugal,0.216779155963816,0.257252315218168,0.250922876767751,0.249135773893331,0.267385373237094,0.259673034221548,0.264326745665758,0.263997498626593,0.298114367737838,0.349031677268384,0.441863851659828,0.533906496255148,0.631570715588484
POL,Poland,1.61301242326501,1.47163425999162,1.41343352113926,1.43907567915602,1.37751878633013,1.42379780433298,1.42902547123775,1.38258875539887,1.27863885453395,1.24692257735652,1.22756646645785,1.15051400179387,1.08739487666547
PHL,Philippines,10.3454184113586,9.84286049520808,9.39585704973622,9.41055797221716,9.64449879049469,9.72419552564766,9.77380233956317,9.98833927166016,9.74765976052018,9.33261353281524,9.64277376552076,9.30892916286057,9.40977059288243
PER,Peru,1.71758394083601,1.57017608748452,1.47367128502939,1.36617622391414,1.33950365096341,1.45677840371066,1.53367517529191,1.47518841959064,1.45298846911572,1.4646873478317,1.44323462669192,1.59410803597792,1.50805544629239
PRY,Paraguay,1.50356446194391,1.60168910920454,1.90581120159021,1.6188619067016,1.25474487879336,1.52890986973149,1.82007164354945,2.15242904686464,2.11993649032641,2.17286084690674,2.13482355166227,2.06503711459361,2.0705208418379
PNG,Papua New Guinea,0.0245721974921493,0.0683883884659117,0.0669373060115163,0.0671683507848505,0.0451259943812568,0.0181580287384092,0.0129789270791316,0.0187414719192621,0.015126137245558,0.118574251288741,0.00963228723272583,0.0118878811753718,0.0461891584363272
PAN,Panama,1.35622331617181,1.03172691248174,0.987848674653587,0.982758143535022,1.47081971994355,0.993763317984543,0.840882327967655,0.829123367761702,0.799027587411366,0.832419781402566,0.677425906962669,0.840846144291105,0.688288624434384
PLW,Palau,0.896319982268376,0.989861170503948,1.09465298963179,1.05302209403819,0.903230000573734,0.79208306966955,0.773850230546291,0.810888732780569,0.805212940798739,0.838175147201413,0.869736323308816,0.813509056761199,0.867008831476758
PAK,Pakistan,4.92604271661375,5.31817590756805,5.60040378648877,5.65574753329438,6.35394444445627,6.43611445161773,6.31922966290135,5.85367806811606,5.95094743448361,6.9340427404279,8.68401332889248,8.98436279286431,8.04928811142895
OMN,Oman,0.0600240096038415,0.0503392867929847,0.0446313008238938,0.0433771731963771,0.0420842358063901,0.0495633469136904,0.0519264721154845,0.0482479558949352,0.0426330150068213,0.0443008440787492,0.051392391185177,0.044674767691208,0.0355127088147278
NOR,Norway,0.157746933840712,0.15258364272816,0.149480093071528,0.150463103213121,0.151463493898525,0.156879435657257,0.160011611284471,0.153275358377446,0.146512913796304,0.150642925478894,0.160215794441589,0.133458167667193,0.166877429076805
MNP,Northern Mariana Islands,,,,,,,,,,,,,
MKD,North Macedonia,4.1237815809334,4.13663540983114,4.0445665010196,3.47641490650473,3.37391619075494,3.24805956186578,2.96358125846698,3.05064858884042,2.9897334744603,2.81306965894506,3.80294753811177,3.49738517482887,3.27695424528674
NGA,Nigeria,5.3801827353032,4.97428952755572,4.42762234112029,3.99853624231869,3.65720630538804,4.18355590955889,4.86790574219487,5.86487483704888,5.76446757768372,3.56309024893361,2.87469533136236,3.19846919163264,3.11115327874995
NER,Niger,1.71214178532665,1.8939147487217,1.61064789373358,1.42702887703921,2.01676728880396,1.77187725324222,1.69605969970395,2.36065101982227,2.31105751804459,2.39466665346924,3.79015553084902,2.3689652189354,4.69902875888469
NIC,Nicaragua,9.41702771812067,9.34693285750421,9.64962340670105,9.84522586626409,9.59728859218162,9.38722671993586,9.54456635913753,10.1168636608711,11.5529700989125,13.2797611157152,14.575973804427,15.1305293767625,20.641434228789
NZL,New Zealand,0.252235166345186,0.270241624827026,0.261543217054032,0.240423760200625,0.265536840639608,0.298352498395429,0.279255530648576,0.260509412442751,0.240088147463297,0.222495560832502,0.201139555395712,0.181869893800898,0.163202042580004
NCL,New Caledonia,5.2523079842033,5.74063174172788,7.40239377198412,7.13433130886502,6.7780448798543,7.01401389275359,7.11853753522601,6.76976695208311,6.27563126516091,6.5542877465062,6.56886362335795,6.16661854240273,6.45371658177669
NLD,Netherlands,0.326016359160293,0.352299466776634,0.364191668418578,0.370573154363865,0.412968512988973,0.422336499572838,0.402191680779676,0.402844365707487,0.400553682515035,0.39546440721263,0.388424031122952,0.375241954774634,0.363880236566379
NPL,Nepal,21.6469852746313,19.5463008559418,22.0821265457679,25.1947048897919,25.9051136185799,27.6260850017639,26.9605652689538,23.9135443394186,25.0264204285432,24.1163701264819,24.2502461023191,22.2775786274327,22.8532966744987
NRU,Nauru,0.447550893869387,1.8927552377564,8.29129656958174,11.3250972588489,11.9544890491642,12.2791161139131,12.0356588960914,9.46109680993042,4.98915001339507,2.97852223073991,1.99206399992649,0.678830832555516,0.602937030540182
NAM,Namibia,0.605413370462774,0.628866326887551,0.614279588491176,0.53227102387187,0.649128569027396,0.411760300594441,0.620025634704714,0.374500760755322,0.392271718299272,0.522993878187629,0.571164175639804,0.50776120762883,0.56572462364198
MMR,Myanmar,0.23183884466077,0.2118733685308,0.45816842970071,2.72754382707144,2.75849193885661,3.24411249403184,3.56204288038762,3.71348445190067,3.93969153671861,3.40130043895149,3.38146514688484,1.93245858367708,2.02532247815274
MOZ,Mozambique,1.0145312177468,0.886977810467321,1.04330197369737,0.886209740872935,0.864739312511659,0.88148104076383,0.77365393280182,1.94454398991483,2.78164421400777,1.17121127707667,1.13844765742436,1.2485624975782,0.880109212306658
MAR,Morocco,6.36744217640963,6.59181438537164,6.08571534011656,5.94586343171536,6.53793335615208,6.2524269134956,5.72134559064724,5.75583694617319,5.43376597358728,5.40068574715694,6.10953091862088,7.67928536986343,8.51110257085938
MNE,Montenegro,10.054955440808,11.3067090849077,12.4637076809509,12.3314424353702,11.8645699603992,11.7114935056084,11.0349400680627,10.8867911900716,10.8385294807641,10.655931160744,12.7171404950588,13.6031501601644,13.2797410517214
MNG,Mongolia,3.70322313329864,2.39815062443905,2.63436473976603,2.043651376089,2.08662757904284,2.24538022008169,2.3241947000485,2.38105237776487,3.34307917505255,3.9484460422474,4.12254263505693,3.08222219088585,2.32831928767738
MCO,Monaco,,,,,,,,,,,,,
MDA,Moldova,25.1302427320706,21.5478268033462,22.8086850294921,23.0768148398865,22.0793458644557,19.751035292269,18.3841028050973,17.2146358007248,16.3337386523032,16.2728382462381,16.274922384411,15.4787484391198,14.0294158168182
FSM,"Micronesia, Fed. Sts.",6.21620253488505,6.33247703532217,6.44388052239296,7.04795241959013,7.43284823125131,7.5243638754773,7.18113846153846,6.50103064066852,5.95375,5.92352791878173,6.25865674879801,5.95980254436968,5.61084573906575
MEX,Mexico,2.05963610261838,1.96824777394668,1.9166918489656,1.80619576724803,1.87295707038479,2.210914817528,2.63693007782724,2.76495197157249,2.90745049971046,3.05446883227768,3.92284685483306,4.1826148147438,4.18953324624702
MUS,Mauritius,0.00802741936590489,0.00444431567945259,0.00728464342091967,0.00444630512057377,2.47185101855113,1.83829874444038,1.52117482334918,1.80070695608706,1.63543826413711,2.17484841843275,2.46174617403058,2.3444626925632,2.11679538005685
MRT,Mauritania,,,,,,,,1.1348341707826,0.808074504878456,0.816476672490999,2.04176529806242,0.142859017328482,1.14343949600414
MHL,Marshall Islands,13.7895304448714,12.8527402258482,12.8593238506559,13.1735165802937,14.022338331004,14.8829770876429,14.0436218582755,14.2489719232569,14.2954786363636,13.9330412194075,13.8337688172043,13.1868480569462,13.3153932942448
MLT,Malta,2.52352672641544,2.32011970622214,2.08239526787431,2.27733074189629,2.12633887115506,2.4195858016773,2.09074718874201,0.171300832624356,0.127861228383362,0.0807296517228488,0.0836102022672292,0.0707898754533939,0.0652156235713647
MLI,Mali,3.72288955737509,5.08086471925248,5.59250153973334,5.68205002837581,5.39461280272386,5.24238423305917,4.94059109032012,4.83628552426572,5.02048713450707,4.74523082844703,4.81742226778366,4.91954656262131,4.91124884987894
MDV,Maldives,0.122062735053023,0.108044719668789,0.10905187264181,0.100296734927995,0.0938516278548094,0.0882315685293421,0.0867517790515882,0.0834018554726306,0.0780453313428643,0.0773429427784398,0.125253487973412,0.0929598229658775,0.0829967046687048
MYS,Malaysia,0.432489840716057,0.406608260024417,0.411459483093052,0.440295355965007,0.467221522754598,0.545442877050346,0.532410432040039,0.516733919100736,0.469796796132669,0.437418180236884,0.422776119475248,0.415301972862394,0.396663370541767
MWI,Malawi,0.214918734325807,0.21737568620535,0.322610777596228,0.424976861484475,0.43728829612881,0.450068792762419,0.493726697738343,0.881981304672153,1.83280988771719,2.54177432384451,1.9682614672589,2.57418486200992,2.12676683960859
MDG,Madagascar,4.56614970399174,2.90010801801538,2.85427352743637,2.8796453014515,2.75045448970284,2.88654900506231,2.52522893999761,2.6014634175573,3.09230520731333,2.89036438291827,3.79541630464955,3.06318819411447,2.5140303045849
MAC,"Macao SAR, China",0.165887346125456,0.131055996614605,0.108597881531207,0.094375307424592,0.0671117128233999,0.0879552062706494,0.0613559892440938,0.0686994953800497,0.0764688274040663,0.0999585824224682,0.260161303896113,0.241236232450953,0.358810914849254
LUX,Luxembourg,2.97003772066988,2.93473141615967,2.87387494305592,2.94706008537871,2.74412735926205,2.78872358660713,2.79646909909195,2.90286504371153,2.93011691156698,3.00406892118077,3.16202010200796,2.83766550948833,2.77413838196924
LTU,Lithuania,4.56671804926548,4.5278395086244,3.52892651275714,4.44868367241846,4.37464712421907,3.30473244592127,2.97861311278016,2.72747361994343,2.55608663061799,2.36555049630818,1.37702741376978,1.16066302778464,1.03605141610571
LIE,Liechtenstein,,,,,,,,,,,,,
LBY,Libya,,,,,,,,,,,,,
LBR,Liberia,14.7263244324324,21.8099460979983,19.5880361459357,12.9909340338602,15.8727682831254,20.2791796758905,17.0705157019163,11.8994740948141,13.4372679004895,10.4303065620884,13.1296865672502,24.6213565214495,21.9115282607278
LSO,Lesotho,27.3018304256905,25.1737818560694,22.3819610110588,19.5561724590359,16.6396844790547,14.7402846943756,21.534243225234,23.714439999399,22.3968139789033,22.1295783465613,21.9061888556538,19.6700805338208,22.6158645366655
LBN,Lebanon,17.9847875959222,17.2252495411949,15.156125951893,16.1403001328547,14.9511646268716,14.9828084463078,14.870244060714,13.3172963119566,12.7099619118303,14.2830959782727,20.7914353641318,27.4664867984856,30.6555163782975
LVA,Latvia,5.35771550553895,5.66570960282216,5.52657807437145,5.5036877983812,5.13085900004383,5.0703767353682,4.55411994517047,4.33514862848996,3.72158241623154,3.45205124469257,3.26049152549512,3.45020908059925,3.40541390123867
LAO,Lao PDR,0.585748260058662,1.26053136408825,1.99148248077181,1.4222913710139,1.41610631569985,1.31157166202707,1.19001962933173,1.42174663194786,1.32225924767834,1.58221815531698,1.22309812418047,1.16599964631609,1.54993514268783
KGZ,Kyrgyz Republic,26.4100938758912,27.5695150811653,30.7544325527209,31.0564092290657,30.0320907271748,25.2718946040713,29.2760903334236,32.2705172692664,32.5055687336898,28.7859049850987,31.8069826721848,32.5635356064056,26.5775606386275
KWT,Kuwait,0.00416589010888859,0.00365845519616473,0.00150181243219968,0.00242551112501154,0.00236059435558128,0.0299042006859653,0.00364924971693513,0.0190175282150974,0.019990714304128,0.0182457990225804,0.0202777033196997,0.543748747830022,0.012043935758368
XKX,Kosovo,18.837716108383,15.6644149408815,15.3421905227415,15.7140986505609,15.5341339888171,15.429475465851,14.7515496644564,15.4868984302329,15.68428911689,15.8105270406643,18.6090576572743,18.0069699554219,17.240729008068
KOR,"Korea, Rep.",0.490740501393226,0.50510155584976,0.493438547720732,0.451351280432292,0.422392916919339,0.419948566889135,0.413108182008924,0.381616908953979,0.390576638060424,0.409246873851897,0.426290161624685,0.398612260944612,0.434292552000758
PRK,"Korea, Dem. People's Rep.",,,,,,,,,,,,,
KIR,Kiribati,9.4585572094724,8.69041883041759,8.52288645043744,8.55301207668944,8.17876748925342,7.3335191071917,7.89225156586149,8.05809626753834,8.55541220026871,9.25186312899804,6.75249341214795,4.68288762879597,10.4091518739003
KEN,Kenya,1.51029178105058,1.99308663050858,2.14732659744177,2.1148804409277,2.11002334799742,2.23796042279417,2.33193318571891,2.39195095634137,2.95041012979608,2.82749196207077,3.08763090265523,3.43661248510652,3.54717907214312
KAZ,Kazakhstan,0.152354119782252,0.0932936660895134,0.136051344243071,0.144275547930533,0.181279445291607,0.15959228908192,0.27984417174788,0.33597213131325,0.344618856879696,0.278573150811193,0.218836862121885,0.157213071084416,0.213219830288597
JOR,Jordan,13.3521924032083,12.4777301545258,12.1648907193624,15.5069038404564,17.2866368135782,13.8603866066361,10.9660770338384,10.6516184361923,10.3110054962553,10.255676824112,11.0277178090294,10.9558097995849,9.78565654560806
JPN,Japan,0.0292489662024517,0.034199885971702,0.0404883720248673,0.0453512003886862,0.0762490669316556,0.0748065192301101,0.0765526640097879,0.0901069827039231,0.0866803594795751,0.0857508506606716,0.0967099102397569,0.105055336492197,0.126874933673179
JAM,Jamaica,15.3279995086397,14.577058502549,14.6425610153,15.2261378594525,16.3231130455565,15.7798622368548,16.3327930457499,15.6027787136244,14.8415807219638,15.0505202004436,20.4455313500087,23.2192733527292,19.6005613796812
ITA,Italy,0.371812133319049,0.37847185280791,0.43691360280103,0.438232625845511,0.464706391358343,0.520624161998189,0.504095029648583,0.494346315048682,0.471538807673801,0.517849112841984,0.518407597996087,0.463652112501098,0.466821575656975
ISR,Israel,0.23844388229573,0.221787054565231,0.25983616586077,0.256233229555324,0.272683620160229,0.281115626227044,0.299247404062203,0.276522503725659,0.271486178377279,0.237966150866516,0.251406904480002,0.25111689451007,0.240907416807883
IMN,Isle of Man,,,,,,,,,,,,,
IRL,Ireland,0.296758014983447,0.313724822196494,0.306271258699088,0.29739090734291,0.272343740919214,0.199804942203134,0.188417134327497,0.171284096503885,0.157569499486687,0.144073954242034,0.06331314263944,0.0339096176869685,0.0969814080083862
IRQ,Iraq,0.127565824992139,0.120054052677278,0.124310514637941,0.309839415005032,0.319330124832297,0.602311731936043,0.59156708260519,0.581408826339015,0.32621201403662,0.367751391197373,0.356221273355833,0.400349187063478,0.3822220371914
IRN,"Iran, Islamic Rep.",,,,,,,,,,,,,
IDN,Indonesia,0.915919028544745,0.775387465928679,0.785753675199222,0.834434842174634,0.959926226606045,1.12204462407113,0.955775529544706,0.885128402978051,1.07604827122092,1.04248024307831,0.91127727787002,0.792444188150129,0.99228904198387
IND,India,3.19166058450459,3.42826651551382,3.76554510581057,3.76848981172284,3.45190175872427,3.27581644116736,2.73420120455754,2.60108787283474,2.91499156006937,2.93877465566923,3.10855277353444,2.82183503869842,3.32391537862222
ISL,Iceland,0.981313440329429,0.988171945684207,1.04212869508858,1.2842056746611,1.21299248519675,1.23294860142387,1.01104057796462,0.768046541920982,0.669772391984418,0.751973313218276,0.759557117718073,0.73686487544575,0.667749932634084
HUN,Hungary,1.3500260937671,1.6154126035643,2.42691167076451,3.03537248468742,2.96862972232441,3.1398335650571,3.22385742993617,2.87307372025368,2.72988220335477,2.95582249995405,2.47049834371569,2.05117225294059,2.2424521145243
HKG,"Hong Kong SAR, China",0.148517908526716,0.141496676335513,0.139670582688508,0.130664351966006,0.127787368858284,0.125005987465829,0.124506792307837,0.128020109409165,0.117372780129408,0.12428486884234,0.123664603893105,0.12280410789555,0.116680816832558
HND,Honduras,16.5278735126143,15.8698406825036,15.7614551051777,16.7474848196542,17.055189798725,17.4749176819329,17.790816103454,18.6839353350606,19.846249991541,21.7081290113686,23.9319582167015,25.5945914762165,27.0011044721289
HTI,Haiti,12.4274041426186,11.9255644590233,11.7611409672879,11.9509923558058,13.05241389516,14.7852864304503,15.8295930130992,16.0280141652909,16.6739852493704,17.9484096513974,22.4512536627714,19.0714280484253,18.7510455649753
GUY,Guyana,10.7140920276288,11.1665425364523,11.5493029844716,7.87352045123642,7.98656121698548,7.07441175191082,7.19956609532915,6.78872751636501,6.96988401994363,7.35168208159438,8.06151198098608,6.88301292281138,3.66298141565721
GNB,Guinea-Bissau,4.88136005691192,4.50361048529373,4.3486425466135,5.74828077299052,8.14090445275859,7.37191784179238,7.64819106551826,7.15517607498877,8.23504062020368,9.47141070210206,10.2599707576975,10.8017510631462,10.2284557500648
GIN,Guinea,0.674986820797207,0.950607158958116,0.868023215975747,1.11035324196135,1.38322289151527,1.4848682376292,0.606922436295308,0.432556270353519,0.239773359100361,1.17631205262223,0.159915464208879,2.01480853069547,2.64823563849093
GTM,Guatemala,10.3860258746852,9.67029683304015,10.0118587523679,10.0077092042108,9.94162203910492,10.4233903506866,11.1465467414657,11.7144999374258,12.8704296861911,13.8075410269222,14.6751379764358,17.8213863093606,19.0341676606447
GUM,Guam,,,,,,,,,,,,,
GRD,Grenada,4.72144479135532,4.76111367810679,4.75194384284841,4.57296727253599,4.4885209771885,4.34848478558055,4.24532795090059,4.19946479283398,4.11427263374468,5.22176644559135,6.75004451212369,5.53331501650165,5.15147424065455
GRL,Greenland,,,,,,,,,,,,,
GRC,Greece,0.505631943894243,0.419082392222018,0.285119185615784,0.340179011056685,0.314189489169118,0.261778892634261,0.21603849364222,0.200053886429078,0.229583768252509,0.326246537498041,0.31948810676227,0.315553946217487,0.275508376333916
GIB,Gibraltar,,,,,,,,,,,,,
GHA,Ghana,0.421931838233591,5.42658723153267,5.22269483590356,2.96597754289707,3.67206532500897,10.0784066400995,5.30764584386793,5.85639814832266,5.23431525252006,5.93056152121388,6.13064485540951,2.45987576586277,2.87894180193646
DEU,Germany,0.410552430546491,0.429105583143694,0.427527128813626,0.424797059853198,0.410256031524889,0.434667850022148,0.431448396775245,0.457020297790474,0.459956403292382,0.463100143375706,0.477487831020722,0.465094604231552,0.466478241668682
GEO,Georgia,9.52719496152171,9.99835475121327,10.4775310757486,11.1047071149006,11.056847673479,9.5819813727681,9.84674425354464,10.890132380253,11.3631244569541,12.8028589642654,13.1764161481873,14.0238156359641,15.4242760609985
GMB,"Gambia, The",7.49688597962595,6.4807667406004,7.51583724184049,7.98404094128392,11.2058152772073,11.1787100908889,9.81280254474036,10.642988781079,12.6915888581496,15.2086255711844,22.9790072609688,27.1602920462379,22.7621227874971
GAB,Gabon,0.267376934761293,0.119669578112614,0.131542505439663,0.0939261213373112,0.161872140404888,0.128331390945391,,,,,,,
PYF,French Polynesia,10.6912928665548,11.6437140301604,11.1277590967902,11.135165457296,10.7301416028289,10.5950045588165,10.5795203766787,9.96956852779882,9.47920251487913,9.65681538401911,10.4319042883246,9.70086346684872,10.3430967396847
FRA,France,0.751947414384744,0.79926880870415,0.844812031788217,0.956657791815609,0.977759523918215,1.04187015639794,1.03597313185571,1.03540167569517,1.02055612218559,1.05640587447827,1.13234775294505,1.10053030062383,1.17052155739918
FIN,Finland,0.403437715493871,0.615781660168776,0.653530482924074,0.39708996013757,0.390717945282827,0.371089215190768,0.36057139722048,0.357816400723322,0.307100314942122,0.315323986798819,0.22152961877425,0.226819392667527,0.23606130716
FJI,Fiji,5.59305123365227,4.24819148417907,4.79875401905153,4.85851130440858,4.54937138341278,5.38939847454469,5.52435657077323,5.20667916553854,5.19690846250349,5.36151150795462,7.50181245102766,9.46494841417655,9.2173590355123
FRO,Faroe Islands,6.27811245207485,6.32195310250215,,,,,,,,,,,
ETH,Ethiopia,1.45702856682548,1.68479919300585,1.44158455346166,1.74829264852672,3.23018487802697,1.75028490068647,1.1277489909273,0.515122893440316,0.523561857784221,0.522270035651608,0.409506869491143,0.410418210792818,0.414325120259501
SWZ,Eswatini,1.25415973953922,1.34464647124668,1.86497822442185,1.68303260069011,2.23624245322414,2.45051336541341,2.64408785593644,3.23609729846212,2.70766715363343,2.57096803957662,2.72077742488104,2.74945537528106,2.66466521696542
EST,Estonia,1.8289159181023,1.88230425106787,1.98247424575578,2.21914951049391,2.01038525239817,1.96158904837248,1.98070961291692,1.83873745060341,1.82689423284705,1.70019299478304,1.59281791364911,1.58570663884137,1.22967848244244
ERI,Eritrea,,,,,,,,,,,,,
GNQ,Equatorial Guinea,,,,,,,,,,,,,
SLV,El Salvador,18.8196648675298,17.96484307191,18.3017912730118,18.0368594542296,18.4140727443947,18.23780572274,18.8561820072362,20.0020638968604,20.720840026323,21.0435800685611,23.8002795557104,26.2452495089243,24.6343666305956
EGY,"Egypt, Arab Rep.",5.68677117520305,6.06988425351907,6.89188511375172,6.18272925177381,6.40402291079812,5.56383108965179,5.59207795083782,9.96018840777921,9.71698574857486,8.40388463187991,7.71274724506713,7.4144321712116,5.94293350334715
ECU,Ecuador,3.81361167392642,3.39373350415588,2.82239084408483,2.54612673206732,2.40703123870624,2.45609170654041,2.67435295214931,2.72722996049999,2.82760317052208,3.0137639320716,3.48790451754192,4.07490158068369,4.08839477102189
DOM,Dominican Republic,7.22476560920223,7.31807975208052,7.03762367197693,7.17044212217886,7.17816631851046,7.32201716302417,7.29078540709387,7.81304987249201,8.02132065789888,8.32408533944056,10.6071966446228,11.3260079151082,9.05734336867233
DMA,Dominica,8.8892713191456,8.7077359499565,9.04578506972261,8.80012758823985,8.80746312877172,8.90208518685618,7.18670232462185,7.87270501540374,6.70780597332833,7.37375240011496,6.36292196197876,7.14145789743791,6.06413655358534
DJI,Djibouti,2.89214171045678,2.61145571287155,2.45750699383544,1.94611108053063,1.70579799013819,1.6380988368332,1.54464173973695,1.4958183161622,2.0545252519245,2.57252993016432,2.03729907694872,2.34123925393883,1.58752439290675
DNK,Denmark,0.287104114066413,0.333962779725642,0.361772063689955,0.39774736511134,0.420318811621203,0.416973805713042,0.399451407968082,0.396384033615809,0.398346028585461,0.419696881195192,0.374595136346265,0.347904946462732,0.349819211771776
CZE,Czechia,0.582029473132444,0.602478665562744,0.669855745815364,0.815814835578989,1.24614561864796,1.41444696310817,1.57770371324898,1.61814370692488,1.57667991917671,1.50312466352922,1.66692379663162,1.5076553829427,1.37578324481376
CYP,Cyprus,3.34006567833513,2.67897594941691,2.39991371253044,1.79884798425848,1.3910670631089,1.57556070792019,1.83839157126007,2.02408371307472,2.0237323093148,2.04400304771657,2.22125223156192,2.06471293636738,1.67385436424024
CUW,Curacao,,5.12367800953276,4.51290640674865,4.38611692022781,4.68396902384262,4.65461191583092,4.90691559093927,5.27970822097895,5.0991453718198,5.82721056913967,5.21983779202261,5.18027097230236,5.15628133875869
CUB,Cuba,,,,,,,,,,,,,
HRV,Croatia,3.87798680164857,4.01347812642197,3.62253433890584,4.62647550959183,4.65280085630888,5.2496384483368,6.12158360511706,6.52687320654271,6.50587426974698,6.96609411288241,7.23744781675256,7.22270488573907,7.52367920790561
CIV,Cote d'Ivoire,1.07006716175808,1.08226540843577,1.01119250823149,0.899851536975769,0.792773289539598,0.734218103172895,0.707397024282143,0.585852971886999,0.567383238919073,0.543681143136753,0.522225685301873,0.604706878049211,1.46910313622564
CRI,Costa Rica,1.40920944250073,1.21652917890639,1.19060562223751,1.17056543174625,1.14180389892499,0.977976120601323,0.926850292042684,0.925980245862495,0.854707229961662,0.859046861804375,0.841063564336656,0.914599844344358,0.895844948118842
COG,"Congo, Rep.",0.252023171385013,0.397474618600976,0.386284946742783,0.401237664215694,0.232114299440771,0.239621450459888,0.0705313934659038,,,0.187762560410022,0.110146373125465,0.296510284243913,0.277926360104092
COD,"Congo, Dem. Rep.",0.0649790276870008,4.27206646503286,2.85005371948736,2.86994586709573,1.97223364843701,2.90338619342098,1.53750473439558,2.86725087255473,3.90636084242032,4.43222974115802,2.56157002626062,2.28193902407841,4.63187810938395
COM,Comoros,9.60948576797799,10.5732912114032,10.8484734140755,,13.9021542844376,13.6503066929178,11.5266033281535,12.2139851939746,14.6470702394836,14.1884530602329,18.5971869020176,22.6365373136838,23.054600106625
COL,Colombia,1.40693436300273,1.22439717479203,1.08410323361976,1.16459175184649,1.09267695626741,1.70416576384897,1.83643004865322,1.86578764806417,1.99734137782816,2.20297175864251,2.56133478402854,2.70254419060708,2.7354220776326
CHN,China,0.220200211357557,0.215965795112023,0.196752167063247,0.182591382060942,0.28020429672732,0.293459971514147,0.234664999780238,0.22872062217092,0.171798187789183,0.125646312827257,0.125871762145022,0.123504401314794,0.142457651070649
CHL,Chile,0.0287143864918113,0.0282109379327787,0.0269750395725642,0.0256342544301111,0.0233520103179811,0.0243316680794115,0.0258882864665846,0.0240958635192695,0.0236116491601402,0.0249286726642896,0.0260576739589634,0.0210845500963785,0.0282751450622328
CHI,Channel Islands,,,,,,,,,,,,,
TCD,Chad,,,,,,,,,,,,,
CAF,Central African Republic,,,,,,,,,,,,,
CYM,Cayman Islands,,,,,,,0.27514279521418,0.301661146560889,0.257790642229361,0.238115849433547,0.159294422104838,0.168515959367711,0.191442641043377
CAN,Canada,0.0741436713060295,0.0684395668583124,0.0686186551035798,0.0723784507605148,0.0748334365365903,0.0818662480322055,0.0843801895863589,0.0768939488154848,0.0750910157999639,0.0752287448471604,0.049637012939377,0.0411150827860872,0.039437208123801
CMR,Cameroon,0.417962411456954,0.716734439989919,0.697752593871702,0.723802347821829,0.778687749014377,0.750404350982402,0.795377370200627,0.877599508682915,0.834813887206769,0.89632151644519,0.819403311730562,0.955517885808094,1.26876259890659
KHM,Cambodia,4.03700031046482,3.80879515057728,4.79646243834746,5.06547977774995,5.00476335566101,4.90387307950167,4.51568326625885,4.38523762630979,4.31819671619761,7.2355671978662,7.43222431717955,6.90078241933383,6.54093545373445
CPV,Cabo Verde,7.17412079600628,8.64146302792859,9.25050642437388,8.67057957556002,9.64684648689674,11.4811351206676,11.4269095854435,10.8452795535662,10.6347793478413,9.54740136848487,12.8536888281673,15.3280846738368,14.031084297698
BDI,Burundi,1.69766901575622,2.03340705682398,1.99508472753777,1.98396904455022,2.07917136601729,1.81892792988976,1.32228982251711,1.19393241146772,1.65744632556755,3.19158012142311,4.5022086392216,4.88984068334734,4.04924423053384
BFA,Burkina Faso,1.19156004110065,1.82998842995804,1.67168609996425,2.29442595791149,2.84234084326367,3.25372238641991,3.09641277300783,2.95484904374504,2.86751537651363,2.91434713959884,2.95970546183422,2.89859371271546,2.81334408479241
BGR,Bulgaria,2.62958166240581,2.57135359261229,2.66843216449466,2.98635261212169,3.00958830348375,3.00175798105882,3.02087560670388,3.51479244455412,3.21069448751291,3.11738537796153,2.81676543082857,2.38261240314066,2.31150029458411
BRN,Brunei Darussalam,,,,,,,,,,,,,
VGB,British Virgin Islands,,,,,,,,,,,,,
BRA,Brazil,0.139566673278077,0.122874992837042,0.112933640369011,0.109901884075103,0.107811943323696,0.160741907865654,0.152575419113448,0.130785143710407,0.153030293312066,0.171549777942457,0.241596221185315,0.245534634681336,0.254813156784915
BWA,Botswana,0.176630497465334,0.135069549733624,0.130168543116406,0.252277147948075,0.298143860533116,0.222054373468019,0.163250639679625,0.241888757952351,0.260157616300064,0.354899139787093,0.295602661286554,0.323109444541782,0.306272176448881
BIH,Bosnia and Herzegovina,10.6094046467695,10.5031413371436,10.7142489277239,10.7705358256577,11.3538979135294,10.979478844672,10.784617736818,11.0053019220778,11.0470149559277,11.3880539007404,9.54729598420506,10.4675310843986,10.5208784489857
BOL,Bolivia,4.88664757003882,4.35249959614118,4.10025014391943,3.91834762999265,3.56697642694151,3.60894254325224,3.67293280792535,3.06569885298805,2.86751877583009,2.72260819170539,2.66229538411819,2.96057833302062,2.86351523412907
BTN,Bhutan,0.484146185181045,0.528916540638715,0.919471362422047,0.607310913154019,0.684145452942166,0.898453511897708,1.4567714658493,1.66529781961131,2.25090820783584,2.07110074974606,3.39498028366294,2.64978293694613,3.31086657464961
BMU,Bermuda,19.0129001022245,18.617914945364,18.669495581299,18.9442100543097,20.8245277327028,21.7203796852554,20.9559707375665,21.0849716681847,20.02160263491,20.8424125114085,22.854911149781,22.7105586583065,22.2812886343297
BEN,Benin,1.46370288914587,1.61021790601816,1.86479559336228,1.98756679939106,2.29333836287905,1.88309227024137,1.87568716496146,1.54134891059863,1.39347012623469,1.50776733495431,1.30443860209878,1.30551361346959,1.43702897358244
BLZ,Belize,4.4674149692595,4.11249792720126,3.96152002185937,3.65575977484598,3.7570307808845,3.86413122740168,4.31643119387222,3.98117350466052,4.04707684933587,4.06590139952572,5.89481400963481,5.57356290247454,5.00304345845639
BEL,Belgium,2.28294482274635,2.22470095850911,2.24139855673035,2.23147335406485,2.2604623886803,2.26982563344468,2.27430051445446,2.28295012234307,2.29407968780421,2.31583275735738,2.47543593372868,2.38689121016773,2.37479009326131
BLR,Belarus,1.00520855385655,1.44197805594884,1.60323623987362,1.60669829212816,1.56230434080626,1.64999344176125,2.04636934122529,2.29107483588373,2.40842124890758,2.20275770985534,1.65173922227239,1.65049350927473,2.01552933186967
BRB,Barbados,1.44315599058682,2.60092998872702,2.6437761751353,3.36994693993214,3.35759458054003,3.47548405771143,2.77568533435837,1.4987444023121,1.41913698881197,1.38231038567963,1.57527473391221,1.43211730040101,1.23714059027727
BGD,Bangladesh,9.41241447446753,9.3859804789798,10.5915144036117,9.24470026765418,8.66899486049041,7.83797175617291,5.11803588431436,4.59667741438375,4.84382269321267,5.22841813674275,5.81626795895569,5.33437804101103,4.6737649876073
BHR,Bahrain,,,,,,,,,,,,,
BHS,"Bahamas, The",,,,,,,,,,,0.49025118689208,0.440646340450278,0.416556329514708
AZE,Azerbaijan,2.66549763240316,2.87035592504128,2.85617334250334,2.33704815215702,2.45405271812669,2.3927167997352,1.69843941411199,2.77334116720313,2.60183768470009,2.64699324657026,3.2864567961961,2.78454087413308,5.012251973723
AUT,Austria,0.765334983323418,0.757843344487413,0.744483114655028,0.761476324289715,0.738765772881369,0.754481955623161,0.733469470029936,0.712641112254668,0.667854543363003,0.676336187913285,0.69677434560967,0.664274745885735,0.636214157041973
AUS,Australia,0.161767025831778,0.174582505193386,0.157183637033589,0.155400601168408,0.157977419123525,0.160277271544431,0.169764353509887,0.147142444025113,0.124289588261104,0.119985461975631,0.0833273223696793,0.0538873539403801,0.0713213074162778
ABW,Aruba,0.202643980255645,0.201195823259423,0.18584886898146,2.13159668485519,2.10072203608661,1.81038776710137,1.76577540713876,1.81541773209796,1.12692857436316,1.02383854741726,1.41554458571917,1.24425014179282,1.15159737684148
ARM,Armenia,18.0268391620613,17.7342226487981,18.0330178717679,19.7113773941979,17.9044398383763,14.1327414277054,13.1074628255062,13.3477446383999,11.9427034082853,11.2189210772298,10.4970552541265,11.2171827452107,10.8688335174113
ARG,Argentina,0.152091367663287,0.131541807279184,0.105778682207302,0.0969166746867397,0.0960152008279333,0.0831331023452092,0.0702343224152265,0.0745674778829442,0.0995468179872308,0.125380809015097,0.168011924038753,0.185543785281081,0.166635693990481
ATG,Antigua and Barbuda,2.22777009731304,2.27570759512823,2.18690263078164,2.26082670783716,2.31007836736381,2.17354673183728,1.79280405783904,1.56497100082879,1.97217459978748,2.13590441518768,2.56585012934811,2.82536157975282,1.86496707164868
AGO,Angola,0.0188096456129911,0.000163081190047385,0.028103389897302,0.0246144391412399,0.0201832176129637,0.01083906677852,0.00666026211302684,0.00168078613949858,0.00176426974895496,0.00426766316137834,0.0136834575473168,0.0158763470925451,0.0106739240124738
AND,Andorra,,,,,,,,,,0.669148686591305,1.64013432676391,1.59419633502347,1.31863050475322
ASM,American Samoa,,,,,,,,,,,,,
DZA,Algeria,0.110576948771302,0.0929180630893872,0.0945838361596958,0.0912495160252352,1.02637284361066,1.06531142146634,1.10034374263179,0.943690019644755,1.0202789274424,0.923106483245038,1.03085687360381,0.962189288322084,0.755694605229352
ALB,Albania,13.1267801276088,11.963216583924,11.5932923255515,10.0167971204892,10.6872215602712,11.2540904144104,10.8936962925845,9.89437224407924,9.48151283244669,9.45012315653745,9.61841800746962,9.52948598024897,9.17717025231113
AFG,Afghanistan,2.38515836845792,1.0059846865258,1.10218743514509,1.72321110990224,1.23611373619901,1.82199581344675,3.46484306572226,4.38709328246437,4.45098621835989,4.40742759471936,3.95329685319887,2.24403998810715,2.20731611347931
WLD,World,0.651045446075837,0.656474559764569,0.672571588942494,0.696951686953146,0.725001281806939,0.751789625037851,0.728220748261055,0.746152499096323,0.752904107809017,0.76105163705999,0.785590816799455,0.770906941048823,0.794457882773559
UMC,Upper middle income,0.732633777286599,0.670930802181679,0.641172607721809,0.625776333318162,0.676579802000702,0.72196777439887,0.710359834250637,0.715529306441924,0.711645177592641,0.706756369505469,0.739092909081867,0.749480790536096,0.80186132619399
TSS,Sub-Saharan Africa (IDA & IBRD countries),2.24106108319857,2.33993672324557,2.25809000468393,2.14668794975061,2.15001200237899,2.56780192970821,2.54759952155229,2.67324711311031,2.77688256132852,2.45847970907862,2.31167296074332,2.28172722097102,2.37655079010426
SSA,Sub-Saharan Africa (excluding high income),2.25838150526615,2.35340382860977,2.28056355342948,2.1587787406606,2.11726338420808,2.60111086679741,2.61820368718346,2.78223133716505,2.89264032549769,2.5532690517036,2.42003966093549,2.38695483435777,2.49359211894442
SSF,Sub-Saharan Africa,2.24106108319857,2.33993672324557,2.25809000468393,2.14668794975061,2.15001200237899,2.56780192970821,2.54759952155229,2.67324711311031,2.77688256132852,2.45847970907862,2.31167296074332,2.28172722097102,2.37655079010426
TSA,South Asia (IDA & IBRD),3.84681758803617,4.10382405587597,4.55565595116189,4.54068602037698,4.23229781559454,4.05707430079412,3.36767311252932,3.14161603576193,3.47322624507113,3.51817795889094,3.78965529212038,3.37382862354056,3.71591787203669
SAS,South Asia,3.84681758803617,4.10382405587597,4.55565595116189,4.54068602037698,4.23229781559454,4.05707430079412,3.36767311252932,3.14161603576193,3.47322624507113,3.51817795889094,3.78965529212038,3.37382862354056,3.71591787203669
SST,Small states,2.5758412858363,2.54541571532015,2.53457480155175,2.3205568802033,2.46034445793139,2.50466458749459,2.4944494713031,2.33469512344026,2.33359008526698,2.42060017308181,2.66802108034295,2.73052169487977,2.47653361692936
PRE,Pre-demographic dividend,2.7902680821193,2.61852690644264,2.40396450493581,2.28947412982296,2.16847275573274,2.61198827421869,2.78634814865162,3.12102066404682,3.16564547357023,2.64692386120581,2.43397539025992,2.5842943005204,2.52994660728467
PST,Post-demographic dividend,0.267055317859053,0.280381183667528,0.277742271613389,0.301093560976964,0.302114796594427,0.295796278270131,0.294127123853647,0.302654245851108,0.306745694448414,0.308603893680458,0.310401592591278,0.302942087655005,0.297706643876613
PSS,Pacific island small states,7.16696769814709,6.57512264488759,7.04205762601083,7.20883098544172,6.69470072411484,7.15016574676212,7.14819849900411,7.41047134118648,7.71043899491994,8.33300257433887,10.1318157126503,12.5451625375106,12.801795184305
OSS,Other small states,2.55106597814049,2.42741911256755,2.37865977523734,2.15767880506816,2.40304579075501,2.37987115849295,2.28826461221951,2.04644506487352,2.0310876485484,2.03498076999702,2.23518521652814,2.26063333690181,2.09818065967994
OED,OECD members,0.311981173964299,0.319621359556235,0.315169526467653,0.33346613329435,0.339687246573841,0.338170377009529,0.338016754089074,0.345641336415176,0.349754819893137,0.353601936548373,0.367132685385957,0.366849487151411,0.370838174202622
INX,Not classified,,,,,,,,,,,,,
NAC,North America,0.0503244921086917,0.0488904924071706,0.0483637179209935,0.0490709257593344,0.0474619708754073,0.047031009946824,0.0448110021149092,0.0431591324546342,0.0434900392976239,0.042832259754397,0.0405884558142055,0.0377991934155375,0.0369791060204129
MIC,Middle income,1.59767592881334,1.53083567393477,1.54060325945202,1.50459589478977,1.54439583389949,1.59423124250655,1.54120137697563,1.5446321254417,1.55856510829665,1.56691611011544,1.63328061032888,1.57359626298455,1.6591681677909
TMN,"Middle East, North Africa, Afghanistan & Pakistan (IDA & IBRD)",,,,4.48628278636107,4.93419605886066,5.11302490510388,5.10667617440162,5.67486419735997,5.46055696658003,5.40560405445294,6.18986166307641,6.30524745431207,5.33424860561138
MNA,"Middle East, North Africa, Afghanistan & Pakistan (excluding high income)",,,,4.55250830048505,5.01502025674732,5.19746292958252,5.20605503650214,5.78881428810474,5.60276609866399,5.56782353504152,6.31206240809871,6.48419039733723,5.55108793991171
MEA,"Middle East, North Africa, Afghanistan & Pakistan",,2.03547936432316,2.1969007407011,2.177127243644,2.4055081733763,2.61568596054087,2.62599889142216,2.76677411086402,2.56658103212563,2.54128437462043,2.98538549432087,2.91104270187283,2.37690343541153
LMC,Lower middle income,4.79487645633857,4.93527383678149,5.13446555073939,5.07689405265093,4.94872675269444,4.90815900498386,4.57568358097806,4.60919460364293,4.78942027994308,4.64940406240035,4.86216813605634,4.70709436972531,4.85217501228891
LIC,Low income,2.67340102783727,2.78842473177285,3.58495904804368,3.43784608414485,3.00154567993059,3.4701943743971,3.66572648150805,4.3311246107114,4.84451924057331,3.99956792443867,3.90989558551687,3.98246134604325,4.31016444344915
LMY,Low & middle income,1.61557729239997,1.54610569548805,1.56327017872128,1.52642880675589,1.56211188163135,1.61703001611452,1.56342397226896,1.57241467589462,1.59004648962485,1.58831548948075,1.65389955972475,1.59364813473504,1.68320964757637
LDC,Least developed countries: UN classification,3.93053735672288,3.88595166246278,4.31736807885336,4.30500198747509,4.23302045832322,4.62097877930795,4.33768288747005,4.18743613906512,4.49344632801054,4.47949345650216,4.7357752064814,4.47682392373747,4.20035777094445
TLA,Latin America & the Caribbean (IDA & IBRD countries),1.10600179101952,1.02984035460143,1.02785427386308,1.04068069972065,1.09590117585096,1.37878705907726,1.51892773416521,1.53767677720978,1.72694857202037,1.89976665729597,2.41725334471938,2.61839746226179,2.53451634395467
LAC,Latin America & Caribbean (excluding high income),1.25120322956141,1.13658466388733,1.15114570200608,1.14614479551006,1.19181196819471,1.50852992472368,1.67008623095735,1.65838479395346,1.88071836502136,2.06615278384118,2.65591026525399,2.88582093848529,2.76941456982149
LCN,Latin America & Caribbean,1.10557677733902,1.03223646892171,1.02999401849944,1.04387246780764,1.09892345663779,1.38153943644012,1.52049211487783,1.53919681667472,1.72724940030579,1.90001130541447,2.41101782463475,2.61114486666017,2.52747845232379
LTE,Late-demographic dividend,0.692761811743019,0.626420212092532,0.585561015443571,0.607477202685928,0.659956208818914,0.675626238696202,0.642031591893444,0.625148484761267,0.578450983491119,0.558753558237847,0.566324597602352,0.540098022266959,0.526658194572439
IDA,IDA total,4.92491405875198,5.25393486482752,5.46135142761104,5.21818403586133,5.12767735717667,5.40722454099738,5.27808032781388,5.4202474740348,5.61085318039698,5.17076497871061,5.35206963129415,5.3860844457311,5.50893651513624
IDX,IDA only,5.2096171917094,5.82467007461424,6.451847998767,6.23572400558283,6.09661497149044,6.38085375528838,5.67045231988399,5.64575453430017,5.873691321768,5.89938375319919,6.12906388068122,5.73125770507074,5.77272903963589
IDB,IDA blend,4.64158831901689,4.7385240236811,4.6233423689954,4.34059516417477,4.28835444182735,4.51471291354522,4.87248960920311,5.17046063016455,5.31723936378023,4.48335037493375,4.54734667468556,5.02733913994695,5.23119554728707
IBT,IDA & IBRD total,1.47029831780898,1.40031060595291,1.40413942640438,1.4039583022334,1.46019311540107,1.54548109464183,1.50318379370584,1.5086927075868,1.52321374794692,1.52854467524081,1.59475583216283,1.52893013097983,1.57369281320912
IBD,IBRD only,1.19629807514942,1.11971551174838,1.10567832837914,1.11284635378127,1.16458250579235,1.22389739644901,1.19188575681615,1.19968608131939,1.20367751670741,1.21744494417159,1.27138883666359,1.22386149677744,1.25825840106909
HIC,High income,0.277285960705989,0.284291869706231,0.277858459869706,0.30642582042659,0.315026974068818,0.310047973502388,0.307063302923463,0.312181681486227,0.310867081219762,0.313994965831208,0.317714750913329,0.305364675630238,0.28525533909391
HPC,Heavily indebted poor countries (HIPC),2.92392373147438,3.37321772626424,3.32059126034089,3.09532410044702,3.19931871725196,3.71725300689286,3.39200664370042,3.6736326134761,3.82613543393531,3.9208517801928,3.98357112862388,3.90020531250505,4.23101639571263
FCS,Fragile and conflict affected situations,2.97792364836945,3.07889279227264,2.94552264310415,3.20602003629622,3.15705811331937,3.96996529131341,4.30607290859956,5.06610215739331,5.13823864609553,4.11381796647055,3.95015480536048,4.11837151876505,4.0409939557351
EUU,European Union,0.627746818272639,0.646245042408755,0.676465781093805,0.747235247184157,0.756378539826543,0.788571802610159,0.782831382902214,0.78998051526219,0.77815930099147,0.805214087713422,0.815644556451008,0.78414174984391,0.799064250255888
TEC,Europe & Central Asia (IDA & IBRD countries),1.32922493389122,1.24429740177935,1.22098043619203,1.35696634924557,1.41498276990299,1.59016708269324,1.70948129909242,1.79189518663212,1.90603488159427,1.97513121241496,1.98231577340444,1.93074661399834,1.82796601584652
ECA,Europe & Central Asia (excluding high income),2.29213516757286,2.36725495028117,2.42198825419737,2.42141135878428,2.38836829588588,2.29752832197752,2.46425584016285,2.86367784987239,3.29518731963593,3.36112813881835,3.26128955427082,3.35741145413508,3.84819841293753
ECS,Europe & Central Asia,0.649831909573473,0.660201544727655,0.680691247225496,0.735955157196798,0.73746443215971,0.76371520471376,0.777192474546451,0.808665827981874,0.816577064268939,0.848200226588519,0.85115771262395,0.821934549121738,0.840862639376088
EMU,Euro area,0.5806200789679,0.604162081566324,0.629101339510504,0.668050113564006,0.672210209385965,0.695661073743567,0.688411765370592,0.69508559745179,0.6881153294068,0.705936443003876,0.72892078572048,0.705621657762493,0.72039711089921
TEA,East Asia & Pacific (IDA & IBRD countries),0.71024113686567,0.646320943649702,0.607046006790627,0.609148414125706,0.685826344154893,0.68309492228799,0.636653837741658,0.618399281512591,0.559142220957292,0.528842837762356,0.508950493854861,0.459189473933662,0.496809538762186
EAP,East Asia & Pacific (excluding high income),0.710238324307979,0.6463056410535,0.606965057290549,0.609056088198413,0.685736211831891,0.683019887436282,0.636570393890854,0.618331502634582,0.559103646033753,0.52882030817617,0.508934785630189,0.459183791606924,0.496804596734846
EAS,East Asia & Pacific,0.412243605964093,0.398681566828315,0.388866353827277,0.41764548734028,0.484338986612038,0.497375904201884,0.462354462842232,0.458150042718241,0.42535182995566,0.408650669361008,0.400048774797005,0.372952805856234,0.412612038720991
EAR,Early-demographic dividend,2.30141446792639,2.33100491970823,2.48146918495976,2.49942477217335,2.60928352135113,2.73189782503146,2.63452419635333,2.67919769958979,2.8689540981568,2.9504795031869,3.27580644376523,3.15291924781428,3.19196087073211
CEB,Central Europe and the Baltics,1.51776427494823,1.50991484273817,1.57702752371747,2.0737207700676,2.10264452630494,2.21050401352373,2.30108610316715,2.27945408124216,2.1594066323022,2.19707274365018,2.08141289767928,1.9791854429685,1.91929563417231
CSS,Caribbean small states,1.92204322289237,2.15113824245567,2.11923597010245,1.85874274471111,1.84366362268316,1.93397660045512,2.04627739946921,2.02933215136615,2.03760423316088,2.27993638868533,2.45206061311604,2.4352894678356,1.91192187508001
ARB,Arab World,2.33281486643365,1.90077622298891,2.04879091628196,2.02688578257585,2.22628728317741,2.36208121060186,2.37882336061564,2.71043369898194,2.45316941187567,2.37321022438199,2.77797124697672,2.69479884425838,2.14200711428406
AFW,Africa Western and Central,4.19306040420134,4.2901514787651,3.9643431829472,3.52967077635126,3.39762051230762,4.20484507579547,4.34730806774242,4.93746795154695,4.827821198906,3.56138381418131,3.17937156989755,3.12393953150433,3.22117892807475
AFE,Africa Eastern and Southern,0.92966777887042,1.00398495894229,1.00390376536864,0.993274196570796,1.07229563081941,1.21809710608644,1.11135476860361,1.18289056826114,1.33100026943116,1.38808467202024,1.45314737965863,1.54555828629524,1.68412899734481
