economy,Country,YR1960,YR1961,YR1962,YR1963,YR1964,YR1965,YR1966,YR1967,YR1968,YR1969,YR1970,YR1971,YR1972,YR1973,YR1974,YR1975,YR1976,YR1977,YR1978,YR1979,YR1980,YR1981,YR1982,YR1983,YR1984,YR1985,YR1986,YR1987,YR1988,YR1989,YR1990,YR1991,YR1992,YR1993,YR1994,YR1995,YR1996,YR1997,YR1998,YR1999,YR2000,YR2001,YR2002,YR2003,YR2004,YR2005,YR2006,YR2007,YR2008,YR2009,YR2010,YR2011,YR2012,YR2013,YR2014,YR2015,YR2016,YR2017,YR2018,YR2019,YR2020,YR2021,YR2022,YR2023
ZWE,Zimbabwe,151.8,147.7,143.7,139.5,135.2,131.1,127.2,123.7,120.7,118.1,116.5,115.3,114.6,114.2,114.1,114.4,114.7,115.0,114.7,113.4,111.0,106.8,101.2,95.0,88.7,83.1,78.6,76.1,75.5,76.9,79.7,83.3,87.3,91.6,95.2,98.3,100.2,100.8,100.4,99.2,98.3,97.9,84.8,88.5,91.7,92.3,94.0,94.7,93.4,90.3,85.0,78.8,71.4,65.5,61.8,59.8,56.9,55.0,52.3,51.1,50.1,47.6,46.0,44.2
ZMB,Zambia,205.2,201.3,197.9,194.7,192.2,190.1,188.6,187.1,185.3,182.7,179.0,174.2,168.7,163.4,158.8,155.4,153.6,153.0,153.2,153.9,154.9,155.6,156.6,158.7,161.8,165.7,169.7,173.4,176.6,178.9,180.6,181.4,181.1,179.4,176.7,173.4,170.0,166.6,163.0,158.7,152.5,143.8,133.7,123.6,113.7,104.8,97.1,91.4,86.2,80.0,75.7,73.1,70.4,67.2,63.8,61.5,59.0,56.1,55.2,54.1,52.4,49.2,46.7,44.7
YEM,"Yemen, Rep.",428.8,422.1,415.3,407.8,399.7,390.3,379.9,368.1,355.8,343.1,330.2,317.8,306.0,294.6,283.5,271.9,259.8,247.2,234.2,221.2,208.2,195.7,183.6,172.2,162.0,153.3,145.9,139.5,134.0,129.2,125.0,121.4,118.3,115.5,112.9,110.6,108.1,105.3,101.8,97.7,93.2,88.4,83.6,79.0,74.7,70.6,66.8,63.3,60.2,57.4,54.9,53.0,51.4,49.5,48.4,49.0,47.7,46.6,47.0,45.9,43.2,42.4,40.8,39.3
PSE,West Bank and Gaza,,,,,,,,,,,,,,,,108.0,101.6,95.5,89.8,84.5,79.5,74.8,70.4,66.3,62.5,58.9,55.6,52.5,49.7,47.2,44.9,42.8,40.9,39.2,37.7,36.2,34.9,33.6,32.4,31.3,30.3,29.4,28.5,27.7,26.8,26.0,25.2,24.3,23.5,22.8,22.0,21.2,20.4,19.7,22.0,18.3,17.6,16.9,16.3,15.7,15.2,14.7,14.2,26.3
VIR,Virgin Islands (U.S.),,,,,,,,,,,,,,,,,,,,,,,,,,,,,,,,,,,,,,,,,,,,,,,,,,,,,,,,,,,,,,,,
VNM,Viet Nam,,,,,87.3,99.3,99.7,100.4,115.7,107.5,106.8,104.5,118.5,103.7,106.8,77.5,76.0,74.4,72.7,71.0,69.4,67.9,66.4,65.0,63.6,62.1,60.4,58.5,56.4,54.0,51.5,49.0,46.4,43.9,41.4,39.0,36.8,34.8,32.9,31.3,29.8,28.6,27.4,26.5,25.7,25.0,24.5,24.0,23.6,23.3,23.1,22.8,22.6,22.4,22.2,22.0,21.8,21.5,21.4,21.2,21.0,20.7,20.4,20.0
VEN,"Venezuela, RB",79.7,77.2,74.9,73.0,71.4,70.0,68.7,67.5,66.1,64.7,63.0,61.2,59.4,57.5,55.7,53.8,52.0,50.1,48.2,46.2,44.2,42.4,40.7,39.1,37.7,36.4,35.0,33.7,32.3,30.9,29.6,28.6,27.8,27.3,26.8,26.3,25.5,24.5,23.4,22.4,21.5,20.9,20.3,19.8,19.1,18.5,17.9,17.4,17.2,17.1,17.2,17.3,17.6,17.9,18.3,19.2,24.3,24.3,24.3,24.3,24.3,24.3,24.3,24.3
VUT,Vanuatu,151.5,147.2,142.7,138.1,133.5,128.8,124.1,119.5,114.9,110.3,105.9,101.5,97.3,93.4,89.5,85.8,82.1,78.4,74.5,70.7,66.7,62.7,58.7,54.8,51.2,47.8,44.7,42.0,39.6,37.6,35.8,34.3,32.9,31.8,30.8,30.0,29.2,28.6,27.9,27.4,26.8,26.3,25.8,25.4,25.0,24.5,24.0,23.4,22.7,22.0,21.2,20.5,19.9,19.4,19.0,18.7,18.4,18.2,18.0,17.8,17.7,17.4,17.1,16.8
UZB,Uzbekistan,,,,,,,,,,,,,,,,,,,,125.2,116.8,108.8,101.6,95.0,89.1,84.0,79.6,75.9,73.1,71.3,70.4,70.1,70.1,69.9,69.5,69.1,68.3,67.2,65.7,63.8,61.5,58.8,55.7,52.5,49.2,45.7,42.4,39.0,35.9,32.9,30.1,27.5,25.2,23.2,21.4,19.8,18.5,17.3,16.4,15.6,15.0,14.4,13.8,13.3
URY,Uruguay,63.3,62.1,60.6,59.3,58.3,57.7,57.4,57.0,56.4,55.3,54.0,53.3,53.4,53.9,54.6,54.9,54.1,51.8,48.3,44.1,39.8,36.0,33.1,31.0,29.5,28.4,27.4,26.2,25.1,24.2,23.7,23.2,22.9,22.5,21.9,21.2,20.3,19.3,18.4,17.6,17.0,16.6,16.2,15.8,15.2,14.4,13.5,12.7,11.9,11.3,10.8,10.4,10.0,9.7,9.3,8.9,8.5,8.1,7.7,7.4,7.1,7.0,6.8,6.7
USA,United States,30.1,29.5,28.9,28.3,27.7,27.1,26.4,25.7,24.9,24.1,23.2,22.4,21.5,20.6,19.7,18.8,17.9,17.1,16.3,15.6,15.0,14.4,13.9,13.4,13.0,12.7,12.4,12.1,11.9,11.6,11.2,10.9,10.5,10.1,9.8,9.5,9.2,8.9,8.7,8.6,8.4,8.3,8.2,8.1,8.1,8.0,7.9,7.7,7.6,7.5,7.3,7.2,7.0,6.9,6.8,6.8,6.7,6.6,6.5,6.5,6.5,6.5,6.5,6.5
GBR,United Kingdom,26.6,26.1,25.6,24.9,24.2,23.4,22.8,22.2,21.8,21.4,21.0,20.6,20.0,19.4,18.7,18.0,17.2,16.4,15.7,14.9,14.1,13.4,12.7,12.2,11.7,11.4,11.1,10.8,10.4,9.9,9.3,8.7,8.2,7.7,7.4,7.2,7.0,6.9,6.8,6.7,6.5,6.4,6.3,6.3,6.1,6.0,5.9,5.8,5.6,5.4,5.2,5.0,4.8,4.6,4.5,4.5,4.4,4.4,4.4,4.4,4.4,4.4,4.5,4.5
ARE,United Arab Emirates,200.7,190.4,179.5,168.9,158.3,147.5,137.0,126.3,115.9,105.8,96.2,87.2,78.9,71.2,64.3,58.0,52.3,47.0,42.2,37.8,34.0,30.6,27.7,25.2,23.1,21.2,19.7,18.3,17.1,16.1,15.1,14.3,13.7,13.1,12.6,12.1,11.8,11.5,11.2,10.9,10.7,10.5,10.3,10.1,10.0,9.8,9.6,9.4,9.2,9.0,8.8,8.6,8.4,8.2,7.9,7.7,7.3,7.0,6.7,6.3,6.0,5.6,5.3,5.0
UKR,Ukraine,,,,,,,,,,,,32.3,31.3,30.4,29.6,28.9,28.4,27.8,27.4,26.9,26.2,25.5,24.7,23.9,22.9,22.1,21.3,20.5,19.9,19.5,19.2,19.2,19.4,19.7,20.0,20.2,20.3,20.1,19.7,19.0,18.3,17.5,16.6,15.8,15.1,14.5,14.0,13.4,12.9,12.3,11.7,11.2,10.7,10.2,9.8,9.4,9.1,8.9,8.7,8.5,8.4,8.2,8.5,8.1
UGA,Uganda,223.3,219.4,215.8,212.5,209.2,205.9,202.6,199.4,196.6,194.3,193.0,192.9,193.7,195.7,198.7,202.7,207.2,211.7,215.6,218.0,219.9,218.5,214.3,208.7,203.3,198.7,195.1,192.2,189.4,186.5,182.8,178.6,174.3,170.3,167.0,164.5,162.4,159.8,156.2,151.5,145.6,138.8,131.2,123.1,114.9,107.0,99.7,93.0,86.9,81.4,76.1,71.0,66.7,62.4,59.1,55.8,52.5,49.8,47.4,45.3,43.5,41.8,40.5,38.8
TUV,Tuvalu,176.6,169.7,162.5,155.6,148.8,142.1,135.5,129.1,122.9,116.9,110.9,105.0,99.3,93.7,88.1,83.1,78.4,74.3,70.8,67.6,64.9,62.6,60.6,59.0,57.6,56.6,55.9,55.3,54.7,54.2,53.7,53.1,52.4,51.5,50.5,49.4,48.1,46.7,45.2,43.9,42.6,41.6,40.7,39.8,38.9,38.0,36.8,35.6,34.2,32.8,31.4,30.2,29.1,28.0,27.1,26.1,25.2,24.3,23.5,22.7,21.9,21.2,20.5,19.9
TCA,Turks and Caicos Islands,138.1,129.0,120.3,112.4,104.9,97.9,91.4,85.2,79.7,74.5,69.6,65.0,60.7,56.7,53.0,49.5,46.2,43.2,40.5,37.9,35.4,33.1,31.0,29.0,27.2,25.5,23.9,22.5,21.1,19.8,18.6,17.5,16.5,15.5,14.6,13.8,13.1,12.4,11.8,11.2,10.7,10.2,9.7,9.3,9.0,8.7,8.4,8.1,7.9,7.7,7.5,7.4,7.2,7.1,6.9,6.8,6.7,6.6,6.4,6.3,6.1,6.0,5.8,5.6
TKM,Turkmenistan,,,,,,,,,,,,,,,,,,132.4,127.8,123.0,118.5,114.0,109.2,104.5,99.8,95.1,90.8,87.0,83.6,80.9,79.1,78.3,78.3,78.7,79.2,79.4,79.0,77.9,75.9,73.1,69.7,66.1,62.4,58.8,55.6,52.5,49.9,47.7,46.0,44.5,43.6,42.9,42.5,42.5,42.5,42.9,43.3,43.7,43.6,43.3,42.6,41.8,41.0,40.0
TUR,Turkiye,258.0,249.9,241.4,233.0,224.9,217.3,210.1,203.5,197.3,191.5,185.8,180.3,174.7,169.0,163.2,157.3,151.3,145.2,139.2,133.2,127.2,121.1,115.1,109.1,103.4,97.9,92.7,87.7,82.9,78.3,73.8,69.5,65.2,61.1,57.3,53.5,50.0,46.6,43.3,40.3,37.4,34.7,32.2,29.9,27.7,25.7,23.8,22.1,20.6,19.2,17.9,16.8,15.8,14.9,14.0,13.3,12.6,12.0,11.5,11.0,10.5,10.1,9.6,12.8
TUN,Tunisia,,,272.4,259.9,247.8,235.9,224.4,212.9,201.7,191.0,180.5,170.6,161.2,152.0,142.9,133.9,125.1,116.7,108.8,101.6,95.2,89.4,84.2,79.4,74.8,70.8,66.9,63.5,60.3,57.6,55.0,52.4,50.0,47.4,44.8,42.0,39.2,36.5,33.8,31.4,29.2,27.2,25.5,24.0,22.7,21.6,20.7,20.0,19.4,19.0,18.7,18.5,18.4,18.3,18.3,18.2,18.1,17.9,17.5,16.9,16.0,15.0,13.9,12.9
TTO,Trinidad and Tobago,67.4,65.3,63.3,61.4,59.6,58.0,56.6,55.3,54.0,52.8,51.7,50.6,49.5,48.4,47.2,46.0,44.8,43.7,42.5,41.4,40.3,39.2,38.3,37.3,36.4,35.6,34.9,34.2,33.6,33.0,32.5,32.1,31.6,31.3,30.9,30.6,30.2,29.9,29.6,29.2,28.8,28.4,28.1,27.6,27.2,26.8,26.4,25.9,25.5,25.1,24.7,24.3,23.8,23.5,23.0,22.6,22.2,21.8,21.4,21.0,20.6,20.1,19.6,19.1
TON,Tonga,,,,78.3,73.5,68.9,64.5,60.3,56.3,52.5,49.1,46.1,43.5,41.1,39.0,37.1,35.3,33.7,32.2,30.9,29.7,28.7,27.8,27.0,26.3,25.7,25.1,24.4,23.7,22.9,22.1,21.4,20.6,20.0,19.4,18.9,18.5,18.1,17.8,17.4,17.0,16.5,16.1,15.6,15.2,14.8,14.4,14.1,13.7,13.4,13.1,12.9,12.6,12.4,12.2,11.9,11.7,11.5,11.2,11.0,10.8,10.5,10.2,9.9
TGO,Togo,260.3,257.8,255.2,252.3,249.1,245.7,241.9,238.0,233.9,229.6,225.2,220.5,215.9,211.1,206.5,201.8,197.0,192.3,187.7,183.2,178.8,174.7,170.6,166.8,163.2,159.8,156.7,154.0,151.5,149.3,147.2,145.2,143.3,141.1,138.8,136.2,133.2,130.1,126.7,123.2,119.6,116.0,112.5,109.1,105.9,102.7,99.7,96.9,94.1,91.4,88.7,85.9,83.3,80.7,78.1,75.6,73.2,70.9,68.6,66.3,64.3,62.2,60.2,58.3
TLS,Timor-Leste,,,,,,,,,,,,,,,,,,,,,,,,,,270.6,262.8,243.7,240.9,229.6,225.4,221.6,210.5,199.9,192.2,193.4,185.2,177.4,180.2,193.8,110.5,105.5,100.7,96.1,91.7,87.5,83.6,80.1,76.8,73.8,71.1,68.6,66.3,64.2,62.3,60.6,59.1,57.8,56.6,55.5,54.2,52.8,51.4,50.0
THA,Thailand,146.6,141.7,136.9,132.2,127.5,122.9,118.4,113.8,109.0,104.3,99.5,94.7,90.1,85.6,81.4,77.3,73.5,70.0,66.7,63.6,60.7,57.9,55.3,52.8,50.3,48.0,45.7,43.4,41.2,39.1,36.9,34.9,33.0,31.2,29.6,28.1,26.7,25.3,24.1,22.9,21.8,20.8,19.8,18.9,18.1,17.3,16.6,15.9,15.3,14.7,14.2,13.7,13.2,12.7,12.3,11.9,11.5,11.1,10.8,10.4,10.1,9.8,9.5,9.2
TZA,Tanzania,241.9,240.0,237.9,235.9,233.5,231.0,228.1,225.2,222.0,218.7,215.6,212.2,208.5,204.7,200.6,196.3,191.8,187.5,183.6,180.5,178.7,177.9,177.8,177.9,177.8,177.0,175.6,173.7,171.5,169.1,166.9,164.9,163.0,160.9,158.8,156.1,152.4,147.8,142.4,135.8,128.4,120.6,112.8,105.3,98.6,92.4,86.9,81.6,77.0,72.4,68.6,65.0,62.1,59.5,56.7,54.8,52.5,50.2,48.0,46.0,44.2,42.2,40.5,38.9
TJK,Tajikistan,,,,,,,,,,,,,155.0,149.6,144.1,139.5,135.4,132.1,129.7,128.2,127.2,126.3,125.0,122.9,119.8,115.5,110.5,105.4,101.2,98.8,99.2,102.2,105.9,108.7,109.5,107.9,104.0,98.6,92.6,86.2,79.7,73.4,67.5,61.8,56.7,52.2,48.2,44.7,41.7,39.2,37.0,35.2,33.6,32.3,31.2,30.2,29.4,28.8,28.3,28.1,28.0,27.9,27.7,27.3
SYR,Syrian Arab Republic,168.9,160.7,153.3,146.6,140.5,134.5,128.6,122.6,116.5,110.5,104.6,99.1,94.0,89.2,84.7,80.3,76.1,71.9,67.9,64.0,60.3,63.3,70.6,51.0,48.4,46.0,43.9,41.9,40.2,38.5,37.0,35.5,34.0,32.4,30.9,29.4,28.0,26.6,25.3,24.2,23.2,22.3,21.5,20.9,20.3,19.8,19.5,19.2,19.0,19.0,19.0,21.7,33.9,36.5,35.3,37.0,32.2,33.0,32.6,25.0,22.4,21.0,21.1,20.6
CHE,Switzerland,26.5,26.0,25.3,24.5,23.6,22.6,21.6,20.7,19.9,19.2,18.4,17.6,16.7,15.7,14.8,13.8,12.9,12.1,11.4,10.9,10.4,10.0,9.7,9.4,9.2,9.0,8.9,8.8,8.6,8.4,8.2,7.8,7.5,7.1,6.7,6.4,6.2,6.0,5.8,5.7,5.6,5.5,5.4,5.3,5.2,5.1,4.9,4.8,4.7,4.6,4.6,4.5,4.4,4.4,4.3,4.3,4.2,4.1,4.1,4.0,4.0,4.0,4.0,3.9
SWE,Sweden,19.6,19.2,18.6,17.9,17.1,16.3,15.6,14.9,14.4,13.9,13.4,12.9,12.3,11.6,10.9,10.3,9.8,9.4,9.0,8.7,8.4,8.2,8.0,7.8,7.7,7.6,7.5,7.4,7.3,7.2,7.0,6.6,6.2,5.7,5.2,4.8,4.6,4.4,4.2,4.1,4.1,4.0,4.0,3.9,3.7,3.6,3.5,3.3,3.2,3.1,3.1,3.0,3.0,2.9,2.9,2.9,2.8,2.8,2.7,2.6,2.6,2.5,2.5,2.5
SUR,Suriname,,,,,,,,,,,,,,,,,,,,,,,,56.7,54.9,53.1,51.3,49.7,48.1,46.5,44.9,43.4,41.9,40.3,38.8,37.4,36.0,34.7,33.4,32.2,31.1,30.0,29.0,28.1,27.2,26.4,25.7,25.0,24.4,23.8,23.2,22.6,22.1,21.6,21.1,20.5,20.0,19.5,19.0,18.4,17.8,17.3,16.8,16.2
SDN,Sudan,177.8,175.0,172.4,169.8,167.4,165.2,163.3,161.6,160.2,159.0,158.0,157.0,156.1,155.2,154.2,153.1,152.0,150.9,149.7,148.6,147.5,146.4,145.4,182.2,180.2,178.3,140.1,138.3,136.2,134.1,131.8,129.5,127.1,124.6,122.0,119.3,116.4,113.4,110.2,106.9,103.4,99.9,96.5,93.1,102.6,100.1,84.0,81.3,78.8,76.4,74.2,72.2,70.2,68.3,66.4,64.5,62.6,60.7,58.9,57.1,55.3,53.6,51.8,50.1
VCT,St. Vincent and the Grenadines,,,,,,,,,,60.3,64.2,68.2,72.0,75.2,77.1,77.0,74.5,70.3,64.9,59.1,53.4,48.2,43.4,39.1,35.4,32.2,29.6,27.5,25.9,24.7,23.8,23.1,22.6,22.4,22.3,22.3,22.3,22.4,22.5,22.5,22.5,22.5,22.4,22.5,22.5,22.6,22.6,22.5,22.3,21.9,21.4,20.6,19.8,18.8,17.9,16.9,15.9,14.9,13.9,13.1,12.3,11.7,11.1,10.6
MAF,St. Martin (French part),,,,,,,,,,,,,,,,,,,,,,,,,,,,,,,,,,,,,,,,,,,,,,,,,,,,,,,,,,,,,,,,
LCA,St. Lucia,134.2,128.5,122.5,116.2,109.6,102.9,96.2,89.6,83.2,77.0,71.0,65.4,60.2,55.3,50.8,46.7,43.0,39.7,36.8,34.2,32.0,30.0,28.3,26.8,25.5,24.4,23.5,22.7,22.0,21.4,20.9,20.5,20.1,19.8,19.5,19.2,19.0,18.8,18.7,18.6,18.5,18.4,18.3,18.3,18.3,18.3,18.2,18.2,18.2,18.1,18.0,17.9,17.8,17.7,17.5,17.4,17.2,17.0,16.7,16.5,16.3,16.0,15.8,15.5
KNA,St. Kitts and Nevis,,,,,,,,,,,,,,61.6,60.3,59.1,57.8,56.4,54.8,52.9,50.6,48.1,45.3,42.6,40.0,37.6,35.6,33.9,32.4,31.2,30.3,29.6,29.0,28.5,28.0,27.6,27.0,26.4,25.6,24.8,23.9,22.9,22.0,21.1,20.3,19.7,19.2,18.9,18.8,18.7,18.8,18.9,19.1,19.3,19.5,19.4,19.3,19.0,18.6,18.2,17.7,17.2,16.8,16.3
LKA,Sri Lanka,94.1,89.5,86.6,84.8,83.0,80.7,78.1,75.5,73.2,71.4,70.2,69.4,68.6,67.7,66.2,64.1,61.2,57.7,53.8,49.9,46.3,42.9,39.8,36.7,33.5,30.2,27.4,25.4,24.1,27.4,23.3,23.2,22.9,22.2,21.4,20.5,19.5,18.6,17.6,16.9,16.3,15.8,15.5,15.2,28.8,14.0,13.3,12.6,12.0,20.8,11.2,10.8,10.3,9.8,9.2,8.7,8.3,7.9,7.6,7.2,6.9,6.6,6.4,6.1
ESP,Spain,54.7,52.0,49.4,46.8,44.5,42.3,40.3,38.3,36.1,33.9,31.6,29.4,27.2,25.2,23.3,21.7,20.2,18.7,17.4,16.1,14.9,13.8,13.0,12.3,11.7,11.1,10.7,10.3,9.9,9.5,9.2,8.8,8.3,7.9,7.4,6.9,6.5,6.1,5.8,5.6,5.4,5.3,5.1,5.0,4.9,4.7,4.5,4.4,4.2,4.0,3.8,3.7,3.6,3.5,3.4,3.3,3.3,3.2,3.2,3.2,3.2,3.1,3.1,3.1
SSD,South Sudan,354.9,352.3,349.4,345.8,342.7,339.9,336.2,332.6,329.3,326.1,322.5,319.1,316.1,312.8,309.3,305.8,301.9,298.5,295.4,291.7,288.7,284.9,281.6,277.9,274.7,271.1,267.3,359.8,767.4,307.1,302.8,297.2,337.7,331.1,230.1,269.7,261.3,252.4,425.6,191.7,182.7,173.8,165.1,156.5,148.4,140.8,133.5,127.0,120.6,114.7,109.4,104.5,100.9,99.2,182.3,236.6,263.9,278.2,132.4,98.7,98.7,98.7,98.7,98.7
ZAF,South Africa,,,,,,,,,,,,,,,132.3,125.0,117.8,111.0,104.7,98.8,93.5,88.4,83.9,79.8,76.0,72.4,68.9,65.6,62.6,60.1,58.2,57.0,56.6,57.0,58.2,59.5,61.1,62.9,65.6,68.5,71.1,74.3,76.9,79.3,81.0,80.3,77.5,71.9,64.2,57.0,50.0,45.0,42.5,41.0,39.6,38.2,36.8,35.8,34.9,34.5,34.1,34.1,34.4,34.7
SOM,"Somalia, Fed. Rep.",,,,,,,,,,,,,,,,,,,,,,,201.2,198.1,194.9,192.5,190.2,188.2,186.0,183.3,180.0,442.9,456.0,172.6,172.3,172.3,172.3,172.3,172.3,172.3,172.3,172.3,172.3,172.3,172.3,172.3,171.5,169.7,166.1,161.8,185.9,358.5,184.1,142.6,137.8,133.6,129.6,155.4,136.0,118.1,114.4,110.9,142.9,104.0
SLB,Solomon Islands,167.0,160.1,153.5,146.7,140.0,133.4,126.7,119.9,113.0,106.1,99.4,92.9,86.9,81.2,76.0,79.0,66.8,62.9,59.5,56.4,53.8,51.4,49.3,47.4,45.8,44.2,42.8,41.6,40.4,39.3,38.2,37.2,36.2,35.2,34.3,33.5,32.7,32.1,31.6,31.1,30.7,30.3,29.9,29.7,29.4,29.1,28.8,28.5,28.1,27.6,27.2,26.7,26.2,25.8,25.3,24.9,24.5,24.1,23.6,23.0,22.4,21.8,21.2,20.6
SVN,Slovenia,,,,,,,,,,,,,,,,,,,,,,17.8,16.9,16.1,15.3,14.4,13.6,12.7,11.9,11.1,10.4,9.7,9.0,8.4,7.9,7.3,6.9,6.5,6.1,5.8,5.4,5.2,4.9,4.7,4.4,4.2,4.0,3.8,3.6,3.4,3.2,3.1,2.9,2.8,2.7,2.6,2.6,2.5,2.4,2.4,2.4,2.3,2.3,2.2
SVK,Slovak Republic,36.7,34.7,33.2,32.1,31.4,30.8,30.5,30.2,30.0,29.7,29.5,29.2,28.9,28.4,27.8,27.2,26.4,25.5,24.6,23.6,22.7,21.7,20.8,19.9,19.1,18.2,17.3,16.5,15.9,15.3,14.7,14.2,13.7,13.1,12.5,12.0,11.4,10.9,10.5,10.0,9.6,9.3,9.1,8.8,8.6,8.3,8.0,7.7,7.4,7.1,6.9,6.7,6.6,6.4,6.3,6.2,6.1,6.0,6.0,5.9,5.9,6.0,6.0,6.1
SXM,Sint Maarten (Dutch part),,,,,,,,,,,,,,,,,,,,,,,,,,,,,,,,,,,,,,,,,,,,,,,,,,,,,,,,,,,,,,,,
SGP,Singapore,47.6,43.7,40.5,38.1,36.4,35.0,33.4,31.8,30.1,28.6,27.1,25.6,23.9,21.8,19.5,17.5,16.2,15.4,15.1,14.9,14.6,14.0,13.2,12.3,11.6,10.9,10.3,9.7,9.1,8.4,7.7,7.0,6.3,5.8,5.4,5.1,4.8,4.6,4.4,4.1,3.8,3.6,3.4,3.2,3.1,3.0,2.9,2.9,2.8,2.8,2.8,2.8,2.8,2.8,2.7,2.7,2.7,2.6,2.5,2.4,2.3,2.2,2.2,2.1
SLE,Sierra Leone,390.9,385.2,379.5,373.9,368.1,362.2,356.3,350.4,344.6,339.2,333.8,328.5,323.4,318.5,313.7,309.1,304.6,300.3,296.3,292.3,288.6,284.8,281.3,278.0,274.8,271.8,269.0,266.4,263.7,261.5,259.3,257.1,254.8,252.5,249.7,246.5,242.8,238.6,233.9,229.0,223.7,218.2,212.6,206.7,200.6,194.3,187.7,180.6,173.3,166.0,158.7,151.7,145.0,138.8,136.8,137.6,122.7,117.9,113.4,109.1,105.1,101.4,97.7,94.3
SYC,Seychelles,104.6,103.2,101.7,100.0,98.0,95.5,92.6,89.2,85.2,80.7,75.8,70.9,65.9,60.9,55.9,50.9,46.0,41.4,37.2,33.4,30.1,27.4,25.1,23.2,21.6,20.4,19.3,18.4,17.6,16.9,16.3,15.8,15.3,14.9,14.6,14.3,14.1,14.0,13.9,13.8,13.8,13.7,13.7,13.7,13.8,13.8,13.8,13.9,13.9,14.0,14.1,14.2,14.3,14.4,14.5,14.5,14.6,14.7,14.8,14.8,14.8,14.7,14.5,14.3
SRB,Serbia,,,,,,,,,,,,,,,,,,,,,,,,,40.7,39.3,37.8,35.9,33.6,31.0,28.5,26.1,24.3,22.9,21.4,19.5,17.4,15.6,14.2,13.2,12.6,12.0,11.4,10.5,9.7,9.0,8.5,8.2,7.9,7.8,7.6,7.3,7.1,6.8,6.6,6.3,6.1,5.9,5.8,5.7,5.5,5.4,5.3,5.2
SEN,Senegal,293.4,293.7,294.5,295.6,296.5,297.0,296.7,295.7,293.9,291.6,288.2,283.6,277.6,270.4,262.2,252.7,242.1,231.1,220.8,211.6,203.7,197.2,191.4,185.4,178.7,171.1,162.6,154.2,146.8,141.2,137.4,135.5,135.0,135.5,136.5,137.6,138.4,138.5,137.3,134.3,129.3,122.1,113.5,104.5,95.9,88.0,81.1,75.2,70.3,66.3,63.0,60.1,57.7,55.7,53.9,52.4,51.1,49.7,48.2,46.5,44.6,42.5,40.4,38.5
SAU,Saudi Arabia,,,,,,,,,,,,,159.6,149.3,139.8,130.7,122.3,114.4,106.9,99.9,93.4,87.1,81.2,75.6,70.4,65.5,60.7,56.2,51.9,48.0,44.4,41.1,38.1,35.4,32.9,30.6,28.6,26.7,25.0,23.5,22.1,20.8,19.6,18.5,17.5,16.5,15.6,14.7,13.8,13.0,12.2,11.5,10.8,10.2,9.6,9.0,8.5,8.0,7.6,7.2,6.9,6.6,6.4,6.2
STP,Sao Tome and Principe,,,,,,95.6,92.9,90.4,88.5,87.1,86.4,86.3,86.7,87.3,87.9,88.5,88.9,89.3,89.6,90.2,91.0,92.1,93.7,95.6,97.7,99.9,113.8,104.0,105.6,107.0,108.1,108.8,108.9,108.2,106.8,104.4,101.3,97.3,92.6,87.6,82.1,76.6,71.0,65.7,60.5,55.6,51.1,46.8,43.0,39.5,36.3,33.3,30.4,27.7,25.4,23.1,21.1,19.5,18.1,17.0,16.0,15.3,14.6,13.9
SMR,San Marino,,,,,,,,,,,,,,,,,,,,,,,,,,19.9,18.2,16.6,15.2,13.9,12.7,11.6,10.6,9.7,8.9,8.1,7.5,6.9,6.3,5.8,5.4,5.0,4.6,4.2,3.9,3.7,3.4,3.2,3.0,2.8,2.7,2.5,2.4,2.3,2.1,2.0,1.9,1.8,1.7,1.7,1.6,1.5,1.5,1.4
WSM,Samoa,107.4,103.2,99.3,95.6,111.0,89.0,85.7,82.3,78.9,75.3,71.9,68.5,65.2,62.0,59.0,56.2,53.4,50.7,48.2,45.9,43.8,41.9,40.1,38.5,37.0,35.6,34.2,33.0,31.8,30.8,29.8,28.9,28.0,27.0,26.1,25.2,24.4,23.5,22.7,21.9,21.2,20.6,20.0,19.7,19.4,19.3,19.3,19.3,19.3,25.4,19.3,19.2,19.1,18.9,18.7,18.5,18.3,18.1,17.8,20.2,17.0,16.6,16.2,15.7
RWA,Rwanda,224.2,218.8,215.1,212.7,211.3,211.0,211.9,214.1,216.9,219.8,222.6,225.8,229.5,234.1,240.2,246.4,250.7,251.1,245.7,234.0,218.2,201.3,186.1,174.0,165.9,160.7,156.3,151.7,148.3,147.8,151.4,160.3,175.3,193.1,389.0,218.2,221.9,221.9,214.9,201.9,184.9,166.8,149.4,133.3,118.1,104.9,93.7,84.5,76.2,69.2,63.3,58.1,54.5,51.7,49.6,47.8,46.3,45.2,44.3,43.4,42.5,41.6,40.8,40.0
RUS,Russian Federation,45.5,42.6,39.9,37.6,35.5,33.8,32.3,31.1,30.2,29.4,28.8,28.4,28.1,27.8,27.7,27.6,27.6,27.6,27.6,27.5,27.3,27.0,26.6,26.2,25.6,25.0,24.2,23.4,22.6,22.0,21.7,21.6,21.7,21.9,22.0,22.0,21.7,21.3,20.8,20.2,19.4,18.4,17.3,16.1,15.0,13.9,12.9,12.0,11.3,10.7,10.4,10.2,9.9,9.5,8.9,8.2,7.5,6.9,6.3,5.8,5.4,5.1,4.7,4.5
ROU,Romania,88.2,79.8,69.8,60.3,54.5,54.4,58.3,62.7,64.4,62.3,56.9,50.6,46.4,44.9,44.3,42.7,40.5,38.6,37.6,36.8,35.7,34.4,32.8,31.4,30.8,31.6,33.3,34.5,34.3,33.1,31.4,29.7,28.4,27.9,27.6,27.3,26.8,25.8,24.4,22.9,21.6,20.6,20.1,19.9,19.4,18.2,16.6,15.1,14.0,13.1,12.4,11.8,11.2,10.5,9.9,9.2,8.5,7.9,7.3,6.8,6.6,6.5,6.6,6.6
QAT,Qatar,,,,,,,,,,70.7,66.0,61.6,57.7,54.0,50.6,47.5,44.8,42.4,40.2,38.1,36.2,34.5,32.9,31.3,29.8,28.2,26.8,25.2,23.7,22.3,20.8,19.4,18.2,17.1,16.1,15.3,14.6,14.0,13.4,12.9,12.5,12.0,11.6,11.2,10.8,10.4,10.1,9.8,9.6,9.3,9.1,8.9,8.7,8.4,8.2,7.9,7.5,7.2,6.9,6.7,6.4,6.3,6.1,6.0
PRI,Puerto Rico (US),,,,,,,,,,,,,,,,,,,,,,,,,,,,,,,,,,,,,,,,,,,,,,,,,,,,,,,,,,,,,,,,
PRT,Portugal,114.1,109.9,104.4,97.6,91.0,85.3,80.9,77.6,75.1,72.2,68.1,63.0,57.8,52.7,47.9,43.5,39.4,35.7,32.4,29.7,27.5,25.8,24.3,22.9,21.6,20.4,19.3,18.2,17.0,15.9,14.7,13.6,12.5,11.4,10.5,9.8,9.2,8.6,8.2,7.7,7.2,6.6,6.1,5.5,5.0,4.7,4.4,4.2,4.0,3.9,3.8,3.7,3.7,3.6,3.6,3.6,3.6,3.6,3.5,3.5,3.4,3.3,3.2,3.2
POL,Poland,65.1,60.2,56.0,52.3,48.9,45.7,42.9,40.6,38.9,37.5,35.9,34.2,32.4,30.6,29.0,27.9,27.0,26.2,25.4,24.7,24.0,23.3,22.6,21.9,21.1,20.3,19.6,18.9,18.4,17.9,17.4,16.9,16.5,16.0,15.3,14.3,13.2,12.0,10.9,10.0,9.3,8.8,8.4,8.1,7.8,7.6,7.3,7.0,6.7,6.3,6.0,5.7,5.4,5.2,5.0,4.9,4.8,4.6,4.5,4.4,4.4,4.4,4.4,4.4
PHL,Philippines,101.0,98.0,95.4,93.3,91.3,89.5,87.8,86.2,84.8,83.7,82.8,82.1,81.8,81.7,81.7,81.7,81.5,81.1,80.6,79.9,79.0,78.0,76.9,75.6,74.0,72.1,69.6,66.6,63.2,59.6,56.0,52.7,49.8,47.3,45.1,43.1,41.4,40.0,38.8,37.8,36.9,36.1,35.2,34.4,33.6,32.8,32.1,31.4,30.7,30.1,29.6,29.1,28.7,28.3,28.0,27.8,27.8,27.8,27.9,28.0,27.9,27.7,27.3,26.9
PER,Peru,228.5,222.4,215.9,209.0,201.6,194.4,187.4,181.1,175.3,170.1,197.0,160.7,156.0,151.3,146.6,142.2,138.2,134.9,132.0,129.3,126.6,123.6,120.0,115.8,110.8,105.3,99.7,94.3,89.2,84.6,80.4,76.3,72.0,67.5,62.9,58.2,53.6,49.2,45.1,41.3,37.9,34.9,32.4,30.1,28.2,26.5,25.0,23.7,22.5,21.4,20.4,19.6,18.9,18.4,17.9,17.6,17.3,17.1,16.9,16.8,16.6,16.4,16.1,15.8
PRY,Paraguay,81.8,81.1,80.6,80.2,79.9,79.6,79.4,79.1,78.8,78.4,77.9,77.3,76.6,75.7,74.6,73.4,72.1,70.6,69.1,67.4,65.5,63.5,61.4,59.2,57.1,55.0,53.0,51.0,49.2,47.3,45.5,43.8,42.3,40.8,39.5,38.3,37.2,36.2,35.3,34.5,33.6,32.9,32.2,31.4,30.7,29.9,29.1,28.3,27.5,26.7,25.9,25.1,24.4,23.7,23.0,22.2,21.5,20.8,20.1,19.4,18.8,18.2,17.6,17.0
PNG,Papua New Guinea,198.3,192.1,186.2,180.3,174.4,168.7,163.0,157.6,152.3,147.1,142.2,137.4,132.9,128.5,124.3,120.5,116.8,113.4,110.2,107.2,104.4,101.8,99.4,97.1,95.0,93.0,91.2,89.6,87.8,86.3,84.7,83.1,81.7,80.3,78.9,77.7,76.4,75.2,74.1,73.0,71.9,70.8,69.6,68.4,67.1,65.8,64.4,63.1,61.6,60.2,58.8,57.3,55.9,54.4,53.0,51.7,50.2,48.7,47.2,45.9,44.5,43.1,41.7,40.3
PAN,Panama,93.1,90.4,87.8,85.2,82.8,80.5,78.3,76.2,73.8,71.0,67.8,64.3,60.7,57.2,54.1,51.5,49.3,47.6,46.1,44.7,43.4,41.9,40.5,39.0,37.5,36.1,34.7,33.5,32.4,31.4,30.5,29.7,29.1,28.7,28.3,28.0,27.7,27.3,26.8,26.3,25.6,24.9,24.1,23.3,22.5,21.7,21.0,20.3,19.7,19.1,18.6,18.1,17.7,17.5,17.3,17.2,17.0,16.8,16.5,15.9,15.2,14.5,13.9,13.3
PLW,Palau,,,,,,95.8,92.7,89.7,86.5,83.4,80.0,76.2,72.4,68.5,64.6,60.6,57.0,53.7,50.9,48.4,46.3,44.4,42.7,41.3,40.1,39.0,38.1,37.3,36.6,36.0,35.3,34.7,34.0,33.2,32.3,31.4,30.4,29.4,28.4,27.4,26.5,25.5,24.6,23.8,22.9,22.1,21.4,20.7,20.2,19.8,19.7,19.7,19.9,20.3,20.8,21.4,22.1,22.8,23.2,23.4,23.3,23.0,22.7,22.3
PAK,Pakistan,250.1,241.2,232.9,225.2,218.1,211.8,206.3,201.5,197.4,193.6,190.2,187.0,183.9,181.1,178.4,175.9,173.5,171.3,169.1,167.0,164.9,162.7,160.5,158.1,155.6,153.0,150.4,147.7,145.1,142.4,139.8,137.1,134.2,131.1,128.0,124.7,121.2,117.8,114.5,111.2,108.1,105.3,102.8,100.5,98.5,96.5,94.7,92.9,91.0,89.1,87.1,84.9,82.7,80.4,78.0,75.6,73.3,71.0,68.8,66.7,64.6,62.5,60.5,58.5
OMN,Oman,375.2,357.7,342.0,326.6,312.1,297.9,284.4,270.6,257.3,244.1,230.9,217.9,205.3,193.0,181.0,169.1,157.1,145.3,133.6,122.3,111.3,100.9,91.0,81.8,73.4,65.8,59.0,53.0,47.8,43.2,39.1,35.4,32.0,29.0,26.4,24.1,22.2,20.4,18.9,17.6,16.4,15.4,14.5,13.8,13.2,12.8,12.4,12.2,12.0,11.9,11.7,11.6,11.5,11.3,11.2,11.2,11.1,11.0,10.9,10.8,10.7,10.6,10.5,10.4
NOR,Norway,22.6,22.1,21.5,21.0,20.4,19.7,19.0,18.2,17.5,16.9,16.2,15.6,15.0,14.3,13.6,12.9,12.2,11.5,10.9,10.4,10.1,9.9,9.9,10.0,10.1,10.2,10.2,10.1,9.8,9.3,8.7,7.9,7.2,6.6,6.1,5.7,5.4,5.2,5.1,5.0,4.9,4.7,4.6,4.4,4.2,4.1,3.9,3.7,3.6,3.4,3.3,3.1,3.0,2.9,2.8,2.7,2.6,2.5,2.5,2.4,2.4,2.3,2.3,2.4
MNP,Northern Mariana Islands,,,,,,,,,,,,,,,,,,,,,,,,,,,,,,,,,,,,,,,,,,,,,,,,,,,,,,,,,,,,,,,,
MKD,North Macedonia,,,,,,,,,,,,,,,,,,,,,,57.9,55.3,52.5,50.6,50.0,49.1,46.9,43.6,40.1,37.0,34.6,33.0,31.3,28.5,24.5,21.2,19.3,18.3,17.3,15.9,14.8,14.3,14.3,14.2,13.7,13.0,12.3,11.7,11.0,10.4,10.0,10.2,10.7,11.1,11.3,10.8,9.7,8.3,7.0,5.9,5.0,4.1,3.3
NGA,Nigeria,,,,,327.1,320.2,313.4,306.6,299.9,292.5,285.1,277.0,268.8,260.5,252.0,243.9,236.2,229.1,222.9,217.6,213.2,210.0,208.0,207.2,207.2,207.8,208.7,209.4,209.9,210.1,209.8,209.2,208.3,207.3,205.8,203.8,201.1,197.4,192.9,187.8,182.3,176.8,171.1,165.4,159.8,154.5,149.6,145.2,141.3,138.0,135.1,132.9,130.9,129.3,127.9,126.4,124.8,122.8,120.2,117.5,114.4,111.3,108.1,104.9
NER,Niger,,,,,,,,318.6,322.9,327.4,331.8,335.9,339.9,342.3,342.9,342.1,339.3,335.0,330.3,326.0,323.3,323.1,325.0,328.6,333.0,337.0,339.9,340.9,339.8,336.8,331.7,325.0,316.7,306.3,294.2,281.3,268.8,257.3,246.7,237.2,227.8,217.5,206.2,194.4,182.8,171.9,162.0,153.6,146.6,140.9,136.5,133.1,130.7,128.9,127.4,126.3,125.1,123.9,122.8,121.8,120.6,119.1,117.1,114.8
NIC,Nicaragua,198.0,195.9,194.0,191.9,189.5,187.0,184.3,181.3,178.0,174.4,170.5,166.1,186.7,155.9,149.9,143.5,136.5,129.2,121.9,114.8,108.0,101.6,95.8,90.7,86.2,82.1,78.5,75.3,72.2,69.2,66.2,63.1,60.0,56.9,53.9,50.9,48.1,45.4,50.1,40.4,38.2,36.2,34.3,32.6,31.0,29.5,28.1,26.8,25.5,24.4,23.3,22.2,21.3,20.3,19.4,18.6,17.8,17.1,16.4,15.7,15.1,14.5,13.9,13.4
NZL,New Zealand,27.8,26.8,25.8,24.8,23.9,23.1,22.5,22.0,21.6,21.2,20.8,20.3,19.8,19.4,18.8,18.3,17.7,17.1,16.6,16.1,15.6,15.2,14.8,14.5,14.1,13.8,13.4,12.9,12.4,11.8,11.2,10.6,10.0,9.5,9.1,8.7,8.4,8.1,7.8,7.6,7.4,7.2,7.0,6.9,6.7,6.6,6.5,6.5,6.4,6.3,6.2,6.1,6.0,5.9,5.7,5.6,5.5,5.3,5.2,5.1,5.0,4.9,4.8,4.7
NCL,New Caledonia,,,,,,,,,,,,,,,,,,,,,,,,,,,,,,,,,,,,,,,,,,,,,,,,,,,,,,,,,,,,,,,,
NLD,Netherlands,20.8,20.3,19.7,19.2,18.8,18.3,17.9,17.4,16.9,16.4,15.8,15.3,14.7,14.1,13.6,13.1,12.6,12.1,11.6,11.2,10.9,10.6,10.4,10.2,9.9,9.7,9.5,9.2,8.9,8.6,8.3,8.0,7.7,7.4,7.1,6.9,6.7,6.6,6.4,6.3,6.2,6.1,5.9,5.7,5.5,5.3,5.1,4.9,4.7,4.6,4.4,4.3,4.2,4.2,4.1,4.1,4.1,4.0,4.0,4.0,4.0,4.0,4.0,4.0
NPL,Nepal,327.6,323.6,318.6,313.2,306.9,300.2,293.5,286.5,279.8,273.4,267.2,261.5,255.7,250.1,244.7,239.0,233.3,227.4,221.2,214.9,208.3,201.7,195.1,188.4,181.6,174.8,167.9,160.7,153.4,146.1,138.9,131.8,124.8,118.2,111.8,105.8,100.0,94.4,89.1,84.0,79.2,74.8,70.6,66.9,63.5,60.4,57.6,55.1,52.7,50.5,48.3,46.2,44.1,42.1,40.1,38.2,36.4,34.6,33.0,31.4,29.9,28.6,27.5,26.5
NRU,Nauru,,,,,,,,,,,,,,,,,,,,,,,,,,86.2,82.0,78.1,74.3,70.8,67.4,64.1,60.9,57.8,54.9,52.2,49.7,47.4,45.2,43.2,41.3,39.6,38.1,36.6,35.3,34.1,32.9,31.5,30.0,28.4,26.6,24.8,22.9,21.1,19.3,17.6,16.1,14.7,13.4,12.2,11.1,10.2,9.5,8.9
NAM,Namibia,,,,,,,,96.6,96.4,96.5,96.5,96.7,96.8,97.3,97.9,98.9,100.3,101.6,102.7,103.4,103.1,101.8,99.3,96.1,92.2,88.1,84.3,80.9,78.1,75.7,73.9,72.4,71.4,71.0,71.3,72.4,73.9,75.6,77.0,77.9,77.9,77.1,76.1,75.1,74.1,70.5,64.9,60.6,56.4,52.9,50.8,51.6,55.1,54.0,53.1,55.0,54.2,51.9,50.1,47.8,45.7,43.8,42.0,40.7
MMR,Myanmar,,,,,,,,,180.2,176.9,173.5,170.3,166.8,163.4,159.9,156.2,152.7,149.2,145.8,142.6,139.6,136.7,134.0,131.4,129.0,126.7,124.5,122.2,119.9,117.6,115.1,112.5,109.9,107.2,104.6,102.0,99.4,96.8,94.3,91.9,89.5,87.1,84.7,82.2,79.7,77.1,74.4,71.6,101.1,66.0,63.2,60.5,58.0,55.6,53.4,51.3,49.5,47.7,46.0,44.4,42.9,41.4,40.0,38.7
MOZ,Mozambique,,,,265.4,266.5,267.5,268.1,268.5,268.5,268.6,268.1,267.0,265.6,264.2,262.7,261.0,259.7,258.4,257.4,256.7,256.1,255.6,254.8,253.1,251.0,248.3,245.1,242.1,239.1,236.2,232.9,229.7,225.8,221.2,215.5,208.6,200.6,191.7,182.1,172.4,163.0,154.2,146.0,138.5,131.6,125.0,118.2,110.0,103.7,97.5,95.0,90.5,86.3,82.6,79.2,75.1,72.3,70.9,69.5,68.3,67.3,65.8,64.3,61.7
MAR,Morocco,243.9,238.8,233.9,228.7,223.2,217.6,211.9,206.1,200.7,195.6,190.9,186.7,182.6,178.4,173.8,168.4,162.4,155.8,148.8,141.6,134.6,127.7,121.1,114.8,108.8,103.1,97.9,93.0,88.6,84.5,80.8,77.3,74.0,70.9,67.8,64.9,62.1,59.4,56.9,54.5,52.2,50.1,47.9,45.7,43.6,41.3,39.1,37.0,34.9,32.9,31.1,29.3,27.7,26.2,24.7,23.4,22.2,21.1,20.2,19.4,18.6,17.9,17.2,16.6
MNE,Montenegro,,,,,,,,,,,,,,,,,,,,,,,,,27.2,24.8,22.5,20.5,18.9,17.5,16.5,15.8,15.4,15.2,15.1,15.1,15.1,15.1,14.9,14.6,14.2,13.7,13.0,12.2,11.4,10.6,9.7,8.9,8.0,7.3,6.6,5.9,5.4,4.9,4.5,4.1,3.8,3.6,3.3,3.2,3.0,2.8,2.7,2.6
MNG,Mongolia,,,,,,,,,,,,,,,,,,,173.4,167.0,160.9,155.3,149.8,144.4,139.0,133.5,127.9,122.3,116.7,111.4,106.5,102.0,97.8,93.9,90.0,86.0,81.9,77.4,72.7,67.8,62.9,58.0,53.2,48.7,44.5,40.7,37.1,33.9,31.1,28.5,26.3,24.4,22.8,21.5,20.4,19.4,18.4,17.4,16.4,15.6,14.8,14.3,13.9,13.6
MCO,Monaco,,,,,,,,,,,,,,,,,,,,,,,,,,9.7,9.3,8.9,8.5,8.1,7.7,7.4,7.1,6.8,6.5,6.2,6.0,5.8,5.5,5.3,5.2,5.0,4.8,4.7,4.6,4.5,4.4,4.3,4.2,4.1,4.0,3.9,3.8,3.7,3.6,3.5,3.4,3.3,3.2,3.1,3.0,2.9,2.8,2.7
MDA,Moldova,,,,,,,,,,,,63.9,62.0,60.3,58.6,56.8,55.3,53.8,52.3,50.8,49.3,47.8,46.1,44.1,42.0,40.0,38.0,36.2,34.8,33.8,33.5,33.9,34.8,36.2,37.5,38.4,38.5,37.8,36.2,34.0,31.3,28.5,25.8,23.4,21.6,20.1,19.1,18.3,17.7,17.3,16.9,16.6,16.3,16.0,15.8,15.5,15.3,15.2,15.1,15.0,14.9,14.8,14.8,14.7
FSM,"Micronesia, Fed. Sts.",125.5,120.2,115.5,110.8,106.2,101.9,97.7,93.6,89.9,86.2,82.7,79.6,76.7,74.0,71.4,69.2,67.2,65.3,63.6,62.1,60.9,60.0,59.1,58.4,57.6,56.6,55.2,53.8,52.2,50.7,49.3,48.1,47.1,46.2,45.2,44.3,43.3,42.1,40.9,39.7,38.6,37.7,41.6,36.5,36.1,35.9,35.9,35.8,35.4,34.9,34.2,33.5,32.5,31.6,30.7,29.8,28.8,27.9,27.1,26.3,25.5,24.7,23.9,23.1
MEX,Mexico,154.7,148.3,142.5,137.0,132.0,127.3,122.9,118.7,114.7,110.7,106.8,103.0,99.3,95.6,92.1,88.6,85.2,81.8,78.5,75.1,71.8,68.6,65.5,62.6,59.8,57.1,54.6,52.1,49.8,47.5,45.3,43.2,41.2,39.2,37.4,35.7,34.0,32.4,30.9,29.4,28.1,26.8,25.7,24.6,23.6,22.7,21.9,21.1,20.4,19.8,19.1,18.5,17.9,17.3,16.8,16.2,15.7,15.2,14.7,14.2,13.8,13.3,12.9,12.5
MUS,Mauritius,102.0,98.2,93.1,87.2,84.0,86.6,92.5,95.5,92.5,87.2,83.5,81.5,79.8,77.1,72.4,65.3,57.4,50.8,46.2,42.8,40.2,37.7,34.7,31.5,29.2,28.5,28.8,28.5,27.0,25.0,23.2,21.9,21.3,21.2,21.6,22.2,22.6,22.5,21.6,20.3,18.9,17.6,16.6,16.0,15.7,15.5,15.4,15.2,15.0,14.8,14.8,14.9,15.0,14.9,14.7,14.7,14.7,15.0,15.3,15.7,15.8,15.7,15.5,15.2
MRT,Mauritania,253.4,246.5,240.0,233.6,226.8,220.1,213.2,206.0,199.1,193.9,190.4,189.0,189.0,189.7,189.8,188.6,185.8,181.5,176.2,170.9,165.8,160.9,156.0,150.8,144.8,138.2,131.6,125.9,121.1,117.6,115.4,114.1,113.1,112.3,111.6,110.8,109.7,107.9,105.5,102.3,98.2,93.5,88.1,82.5,77.0,71.8,67.3,63.5,60.4,57.9,56.1,54.5,53.1,51.7,50.4,48.9,47.4,45.9,44.5,43.0,41.7,40.3,39.1,37.8
MHL,Marshall Islands,121.6,115.8,110.3,105.3,100.6,96.4,92.5,88.8,85.3,81.9,78.7,75.8,73.3,71.3,69.7,68.6,67.7,66.9,66.1,65.2,64.2,62.9,61.5,60.0,58.3,56.6,54.9,53.1,51.3,49.5,47.6,45.9,44.3,42.9,42.0,41.5,41.4,41.5,41.9,42.3,42.5,42.5,42.4,42.1,41.8,41.4,41.0,40.6,40.2,39.7,39.4,38.9,38.2,37.5,36.6,35.7,34.8,33.8,32.9,31.9,31.0,30.0,29.1,28.2
MLT,Malta,40.0,38.5,37.3,36.3,35.3,34.3,33.1,31.9,30.6,29.3,27.9,26.6,25.2,23.9,22.6,21.4,20.3,19.3,18.4,17.6,16.9,16.2,15.7,15.1,14.5,13.9,13.3,12.8,12.3,11.8,11.3,11.0,10.6,10.2,9.8,9.4,9.0,8.6,8.2,7.9,7.6,7.4,7.2,7.1,7.0,6.9,6.9,6.9,6.9,6.9,6.9,6.8,6.8,6.7,6.7,6.6,6.5,6.4,6.3,6.1,6.0,5.8,5.7,5.5
MLI,Mali,,,,426.3,418.9,411.8,404.8,397.9,391.7,385.5,379.5,373.2,366.8,359.7,351.9,343.9,335.5,326.9,318.3,309.8,301.5,293.1,284.9,276.8,268.9,261.4,254.2,247.7,241.6,236.0,231.0,226.5,222.6,218.9,215.4,211.9,208.1,203.8,199.0,193.5,187.6,181.5,175.2,169.0,163.1,157.4,152.2,147.3,142.6,138.2,133.9,129.9,126.1,122.4,119.0,115.7,112.4,109.3,106.1,103.1,100.0,96.9,94.0,91.3
MDV,Maldives,,,333.6,324.6,315.1,306.0,296.8,287.1,277.4,267.9,257.8,247.4,236.1,224.4,212.4,200.6,189.3,178.6,168.6,159.2,150.1,141.8,134.0,126.8,119.9,113.4,107.3,101.4,95.9,90.6,85.7,80.8,76.1,71.5,66.8,62.2,57.4,52.8,48.1,43.6,39.0,34.7,30.8,27.2,27.0,21.6,19.4,17.6,16.1,14.9,13.8,12.9,12.1,11.3,10.5,9.9,9.2,8.6,8.0,7.4,6.9,6.4,6.0,5.7
MYS,Malaysia,94.6,88.3,82.5,77.4,72.8,68.9,65.6,62.7,60.2,57.9,55.6,53.2,50.6,47.9,45.0,42.3,39.7,37.1,34.8,32.5,30.4,28.4,26.5,24.7,23.2,21.8,20.5,19.3,18.3,17.4,16.6,15.8,15.1,14.5,13.9,13.4,12.9,12.3,11.5,10.7,10.0,9.3,8.8,8.5,8.4,8.3,8.3,8.2,8.2,8.2,8.1,8.1,8.0,8.1,8.1,8.1,8.2,8.2,8.2,8.2,8.1,8.1,8.1,8.1
MWI,Malawi,,358.9,358.0,356.6,355.2,353.8,352.6,351.4,349.9,347.4,343.6,338.6,331.8,323.9,315.1,305.8,296.5,286.8,276.0,265.4,256.3,249.0,245.0,244.9,247.7,251.4,254.2,255.0,253.2,248.9,242.8,235.5,227.7,220.2,213.4,206.6,201.9,197.3,191.7,183.9,173.3,159.9,145.5,131.5,119.3,109.9,103.4,98.3,93.1,88.1,83.0,76.7,69.8,64.0,60.2,56.7,53.5,50.6,47.5,45.5,43.1,41.5,39.9,38.3
MDG,Madagascar,,,,,,,,,145.6,147.3,149.1,151.2,153.3,155.7,158.2,160.7,163.0,165.2,167.1,169.2,171.4,173.9,176.0,177.6,178.0,177.2,174.8,171.1,166.4,161.0,155.5,150.1,145.0,140.2,135.4,130.6,125.6,120.4,115.1,110.0,105.0,100.4,96.0,92.0,88.2,84.6,81.2,78.1,75.3,72.8,70.7,69.0,67.7,66.9,66.2,65.8,65.7,65.7,65.8,66.1,66.3,66.2,65.7,64.8
MAC,"Macao SAR, China",,,,,,,,,,,,,,,,,,,,,,,,,,,,,,,,,,,,,,,,,,,,,,,,,,,,,,,,,,,,,,,,
LUX,Luxembourg,37.2,35.4,33.6,32.0,30.4,28.9,27.5,26.1,24.8,23.6,22.4,21.1,19.9,18.8,17.7,16.7,15.8,15.1,14.4,13.9,13.4,12.9,12.5,12.1,11.6,11.2,10.7,10.2,9.7,9.3,8.8,8.3,7.8,7.3,6.8,6.4,6.0,5.6,5.3,5.0,4.7,4.4,4.2,3.9,3.7,3.5,3.3,3.1,3.0,2.9,2.8,2.7,2.7,2.6,2.6,2.6,2.5,2.5,2.5,2.5,2.5,2.4,2.4,2.3
LTU,Lithuania,,,,,,,,26.3,26.3,25.1,22.9,21.1,20.8,21.6,22.4,22.6,22.5,22.2,21.8,21.2,20.5,19.8,19.2,18.7,18.2,17.4,16.4,15.2,14.2,14.2,15.2,16.7,17.8,17.9,16.9,15.1,13.4,12.3,11.6,11.2,10.7,10.3,9.9,9.6,9.3,9.0,8.6,8.0,7.4,6.7,6.0,5.6,5.3,5.1,5.1,5.0,4.9,4.6,4.2,3.9,3.7,3.6,3.5,3.4
LIE,Liechtenstein,,,,,,,,,,,,,,,,,,,,,,,,,,,,,,,,,,,,,,,,,,,,,,,,,,,,,,,,,,,,,,,,
LBY,Libya,277.4,259.9,243.0,226.8,211.8,197.1,183.2,170.2,157.9,146.5,135.9,126.1,117.0,108.9,101.6,95.0,89.1,83.9,79.2,75.0,71.1,67.6,64.2,61.0,57.9,55.0,52.1,49.4,46.7,44.2,41.9,39.8,37.8,36.1,34.6,33.2,32.0,30.9,29.9,29.0,28.1,27.3,26.5,25.5,24.4,23.1,21.7,20.2,18.8,17.6,16.6,19.6,15.1,14.5,13.9,13.3,12.8,12.4,11.9,11.6,11.2,10.8,10.5,30.8
LBR,Liberia,312.5,313.0,312.7,312.0,310.5,308.4,305.9,302.3,297.9,292.8,287.9,283.0,278.2,273.6,269.0,264.5,260.1,256.1,252.5,249.1,245.8,243.0,241.0,240.1,240.6,242.9,246.8,251.9,257.8,263.5,267.8,269.9,269.2,265.5,259.3,250.9,241.1,230.0,218.0,205.4,192.4,179.4,166.6,154.3,143.1,133.2,124.8,118.0,112.6,108.1,104.4,101.1,98.2,95.4,95.0,90.8,88.3,86.0,84.0,81.9,79.7,77.4,75.1,72.9
LSO,Lesotho,185.9,185.0,185.0,185.6,186.3,186.6,186.3,185.2,183.1,180.3,176.8,173.0,169.1,164.9,160.1,154.7,148.6,142.3,135.8,129.3,123.0,116.8,111.2,105.9,101.3,97.2,93.6,90.6,88.0,86.0,84.7,84.3,85.1,87.3,90.7,94.5,98.3,101.6,104.5,107.2,109.4,111.1,112.4,113.7,114.7,115.6,115.3,111.5,108.8,96.4,90.1,85.9,82.6,80.2,78.2,75.1,71.8,71.2,69.1,68.7,66.8,64.4,61.5,58.9
LBN,Lebanon,74.8,72.4,70.1,68.0,66.2,64.6,63.3,62.2,61.4,60.7,60.1,59.8,59.3,58.8,58.1,57.3,186.2,75.1,75.4,76.0,73.9,71.6,121.5,53.9,51.8,49.6,47.4,57.5,55.3,33.4,31.8,30.3,28.8,27.5,26.3,25.2,24.0,23.0,21.9,20.9,19.9,18.9,17.8,16.9,16.0,15.2,14.4,13.8,13.3,13.0,12.7,12.5,12.4,12.4,12.5,12.7,13.1,13.5,14.0,14.7,15.5,16.3,17.3,18.3
LVA,Latvia,,,,,,,,,,,,,,,,,,,,20.8,20.7,20.6,20.3,19.6,18.7,17.5,16.4,15.5,15.3,15.8,17.0,18.3,19.3,19.9,20.0,19.8,19.0,17.9,16.7,15.4,14.2,13.3,12.6,11.9,11.2,10.5,9.9,9.3,8.8,8.3,7.8,7.2,6.6,6.0,5.5,5.1,4.7,4.5,4.2,4.0,3.7,3.5,3.2,3.0
LAO,Lao PDR,,,,,,,,,,,,,,,,,,,217.4,211.4,205.6,200.0,194.7,189.4,184.4,179.5,174.4,169.4,164.3,159.3,154.1,149.0,143.9,138.7,133.9,129.1,124.5,120.1,115.8,111.7,107.5,103.4,99.1,94.9,90.8,86.8,82.7,78.8,75.0,71.4,68.0,64.7,61.5,58.6,55.8,53.2,50.9,48.8,46.8,45.1,43.4,41.9,40.4,39.0
KGZ,Kyrgyz Republic,,,,,,,,,,,,,,,,114.6,111.7,108.7,105.7,102.6,99.2,95.6,91.7,87.5,83.4,79.2,75.4,71.8,68.7,66.4,65.2,64.7,64.7,64.9,64.8,63.6,61.7,59.2,56.3,53.5,50.8,48.1,45.7,43.3,41.2,39.3,37.6,35.7,33.7,31.6,29.6,27.7,26.0,24.7,23.5,22.2,21.1,20.0,19.1,18.4,17.8,17.5,17.2,17.0
KWT,Kuwait,141.9,132.2,123.0,114.4,106.1,98.6,91.7,85.5,79.8,74.7,70.0,65.7,61.7,58.0,54.5,51.2,48.0,44.9,41.9,38.9,35.9,32.9,30.0,27.2,24.8,23.0,21.6,20.4,19.3,18.3,17.3,16.4,15.7,15.2,14.9,14.6,14.2,13.8,13.4,13.0,12.7,12.5,12.3,12.1,11.9,11.7,11.6,11.4,11.2,11.0,10.7,10.3,9.9,9.6,9.3,9.1,9.0,8.9,8.9,8.9,8.9,8.9,8.8,8.8
XKX,Kosovo,,,,,,,,,,,,,,,,,,,,,,,,,,146.0,136.2,127.3,118.9,111.1,103.8,97.1,90.6,84.6,78.8,73.1,67.7,62.5,57.5,52.8,48.3,44.1,40.2,36.6,33.4,30.5,27.9,25.6,23.6,21.7,20.1,18.7,17.4,16.3,15.2,14.3,13.4,12.6,11.9,11.2,10.5,10.0,9.5,9.1
KOR,"Korea, Rep.",111.6,106.3,101.4,96.7,91.8,86.8,81.6,76.2,71.0,65.9,61.2,57.1,53.6,50.7,48.2,46.1,44.2,42.3,40.4,38.4,36.3,34.0,31.7,29.3,27.0,24.6,22.5,20.5,18.7,17.1,15.7,14.4,13.3,12.3,11.4,10.5,9.8,9.1,8.5,8.0,7.5,7.1,6.8,6.4,6.0,5.6,5.2,4.8,4.5,4.3,4.1,4.0,3.8,3.7,3.6,3.5,3.4,3.3,3.2,3.1,3.0,2.9,2.8,2.8
PRK,"Korea, Dem. People's Rep.",115.8,111.6,107.6,103.6,99.2,94.6,89.6,84.5,79.4,74.5,69.9,65.8,62.0,58.6,55.6,52.8,50.3,48.0,45.9,44.0,42.2,40.5,39.1,38.0,37.1,36.8,36.8,37.8,38.3,39.5,40.7,41.8,42.5,42.7,42.5,107.7,106.2,104.6,103.2,101.7,100.2,99.0,97.8,34.5,33.8,33.3,32.8,32.4,31.0,30.0,28.7,27.2,25.7,24.1,22.6,21.4,20.6,19.1,18.4,17.7,17.4,17.4,17.7,18.0
KIR,Kiribati,199.3,194.5,189.0,183.3,177.0,170.5,164.0,157.7,151.8,146.3,141.1,136.7,132.7,129.5,127.2,125.4,124.1,122.9,121.7,120.4,119.1,117.4,115.6,113.5,111.2,108.5,105.5,102.2,98.7,95.0,91.3,87.7,84.4,81.3,78.7,76.4,74.2,72.2,70.2,68.3,66.4,64.6,63.1,62.0,61.3,60.7,60.3,59.9,59.3,58.7,58.2,57.9,57.8,58.0,58.4,58.9,59.5,59.9,59.8,59.3,58.6,57.6,56.5,55.1
KEN,Kenya,196.3,188.3,181.1,175.0,170.0,165.9,162.5,159.5,156.6,153.5,150.3,146.9,143.3,139.5,135.4,131.2,126.7,122.3,117.8,113.5,109.6,105.9,102.6,99.8,97.4,95.7,94.9,95.1,96.3,98.5,101.4,104.6,107.4,109.3,110.2,110.0,108.9,107.0,104.2,100.6,96.3,91.6,86.6,81.6,76.6,71.5,67.1,63.2,58.2,55.4,53.5,52.2,51.2,50.0,48.8,47.4,46.0,45.3,44.3,43.3,42.8,41.9,41.1,39.9
KAZ,Kazakhstan,,,,,,,,,,,,85.4,83.3,81.4,79.6,78.0,76.6,75.3,73.9,72.4,70.5,68.3,66.0,63.8,61.6,59.4,57.3,55.4,53.7,52.3,51.6,51.3,51.6,52.3,52.8,52.6,51.6,49.9,47.6,45.1,42.5,39.9,37.6,35.4,33.3,31.2,29.0,26.9,24.7,22.5,20.4,18.3,16.3,14.6,13.0,11.9,11.0,10.5,10.3,10.2,10.1,10.0,9.8,9.6
JOR,Jordan,155.1,146.1,137.7,129.9,122.7,116.0,109.8,104.1,98.7,93.8,89.1,84.8,80.6,76.7,73.1,69.6,66.3,63.1,60.2,57.4,54.8,52.2,49.9,47.6,45.5,43.4,41.6,39.8,38.2,36.8,35.4,34.2,33.1,32.0,31.0,30.1,29.1,28.3,27.4,26.6,25.8,25.0,24.2,23.5,22.7,22.0,21.3,20.7,20.0,19.4,18.9,18.3,17.8,17.4,16.9,16.5,16.0,15.6,15.2,14.8,14.4,14.0,13.6,13.2
JPN,Japan,39.7,36.2,32.9,29.8,27.0,24.6,22.6,21.0,19.6,18.5,17.5,16.5,15.7,14.9,14.1,13.3,12.5,11.8,11.1,10.5,9.9,9.3,8.8,8.3,7.9,7.5,7.1,6.8,6.6,6.4,6.3,6.2,6.1,6.0,5.9,5.7,5.5,5.2,5.0,4.7,4.5,4.3,4.1,4.0,3.9,3.7,3.6,3.5,3.4,3.4,3.3,3.3,3.1,3.0,2.9,2.8,2.7,2.6,2.5,2.5,2.4,2.4,2.4,2.4
JAM,Jamaica,81.7,77.9,74.5,71.7,69.1,66.9,64.9,62.8,60.8,58.7,56.4,54.1,51.8,49.5,47.4,45.5,43.7,42.1,40.6,39.2,37.8,36.6,35.4,34.3,33.2,32.2,31.3,30.4,29.6,28.8,28.0,27.3,26.6,25.8,25.1,24.3,23.5,22.7,21.9,21.2,20.6,20.0,19.7,19.4,19.2,19.2,19.1,19.2,19.2,19.1,19.1,19.0,18.9,18.8,18.7,18.7,18.6,18.6,18.7,18.8,19.0,19.1,19.3,19.3
ITA,Italy,51.9,49.8,47.6,45.3,43.1,41.1,39.3,37.8,36.4,35.1,33.6,31.8,29.8,27.6,25.3,23.1,21.1,19.5,18.2,17.0,16.1,15.2,14.3,13.5,12.7,12.0,11.4,10.8,10.4,10.0,9.7,9.3,8.9,8.5,8.0,7.5,7.0,6.6,6.2,5.9,5.6,5.3,5.1,4.8,4.6,4.5,4.3,4.2,4.1,4.1,4.0,3.9,3.8,3.7,3.6,3.5,3.4,3.3,3.2,3.1,3.0,2.9,2.8,2.8
ISR,Israel,47.1,44.8,42.6,40.6,38.6,36.8,35.2,33.6,32.3,31.1,30.1,29.1,28.2,27.2,26.1,24.8,23.3,21.9,20.5,19.3,18.2,17.4,16.6,15.9,15.1,14.4,13.7,13.1,12.6,12.1,11.5,11.0,10.4,9.8,9.2,8.7,8.2,7.8,7.5,7.2,6.9,6.6,6.3,6.1,5.8,5.6,5.3,5.1,4.9,4.7,4.6,4.4,4.3,4.1,4.0,3.9,3.8,3.7,3.7,3.6,3.5,3.5,3.4,3.4
IMN,Isle of Man,,,,,,,,,,,,,,,,,,,,,,,,,,,,,,,,,,,,,,,,,,,,,,,,,,,,,,,,,,,,,,,,
IRL,Ireland,35.3,33.8,32.5,31.3,30.1,28.7,27.1,25.5,24.1,23.0,22.2,21.7,21.4,21.1,20.6,20.0,19.1,18.1,16.9,15.6,14.3,13.2,12.3,11.7,11.1,10.7,10.4,10.2,9.9,9.6,9.2,8.7,8.1,7.7,7.4,7.3,7.3,7.3,7.3,7.3,7.2,6.9,6.5,6.0,5.6,5.2,4.9,4.6,4.4,4.3,4.2,4.1,4.0,3.9,3.8,3.7,3.6,3.5,3.4,3.4,3.5,3.6,3.7,3.8
IRQ,Iraq,190.1,179.2,169.3,159.9,151.4,143.6,136.4,129.8,123.7,117.8,112.4,107.3,102.5,97.9,93.5,89.3,85.4,81.7,78.3,75.2,72.3,69.6,67.1,64.9,62.8,60.9,59.1,57.5,69.2,81.2,79.7,64.9,51.7,50.7,49.8,48.9,48.0,47.1,46.1,45.2,44.3,43.3,42.4,41.6,40.7,39.7,38.8,37.8,36.7,35.6,34.6,33.5,32.4,31.4,30.4,29.4,28.4,27.5,26.6,25.7,24.9,24.1,23.3,22.6
IRN,"Iran, Islamic Rep.",,,,,,,,,,,,188.9,179.7,170.9,162.2,153.4,144.4,135.4,126.1,117.1,108.4,100.3,93.0,86.7,81.3,76.4,72.0,68.0,64.2,60.7,57.6,54.8,52.2,50.0,47.9,45.9,44.0,42.1,40.2,38.3,36.3,34.2,32.2,30.2,28.3,26.5,24.8,23.2,21.7,20.4,19.3,18.4,17.5,16.8,16.1,15.5,15.0,14.5,13.9,13.5,13.0,12.6,12.2,11.8
IDN,Indonesia,223.8,217.7,211.8,206.0,200.3,229.1,188.9,183.1,177.3,171.6,166.0,160.7,155.4,150.4,145.5,140.9,136.5,132.4,128.4,124.5,120.7,117.0,113.3,109.7,106.1,102.4,98.8,95.1,91.4,87.6,83.9,80.1,76.4,72.8,69.4,66.1,62.9,59.9,57.1,54.4,51.9,49.6,47.3,45.2,49.1,41.4,39.6,38.0,36.4,35.0,33.6,32.2,31.0,29.7,28.6,27.4,26.4,25.4,24.5,23.6,22.8,22.0,21.3,20.6
IND,India,241.1,237.9,234.8,232.0,229.3,226.9,224.4,222.0,219.7,217.2,214.5,211.5,208.3,204.7,200.7,196.1,191.2,185.8,180.2,174.5,169.1,163.8,159.0,154.5,150.3,146.2,142.2,138.2,134.2,130.3,126.5,122.9,119.5,116.1,112.8,109.5,106.0,102.5,98.9,95.3,91.6,88.0,84.5,81.1,77.7,74.4,71.1,67.9,64.6,61.4,58.2,55.0,52.0,49.1,46.3,43.6,41.1,38.7,36.4,34.3,32.4,30.6,29.1,27.7
ISL,Iceland,21.4,21.1,20.7,20.2,19.7,19.2,18.5,17.9,17.2,16.6,16.0,15.4,14.8,14.1,13.5,12.9,12.2,11.5,10.9,10.3,9.7,9.2,8.7,8.3,7.9,7.5,7.3,7.0,6.7,6.5,6.3,6.1,5.8,5.6,5.4,5.2,4.9,4.7,4.5,4.2,4.0,3.8,3.6,3.4,3.3,3.1,3.0,2.9,2.8,2.7,2.7,2.7,2.6,2.6,2.6,2.6,2.6,2.6,2.7,2.7,2.7,2.7,2.6,2.6
HUN,Hungary,54.1,51.6,49.4,47.5,45.9,44.5,43.2,42.0,40.8,39.8,38.9,38.3,38.2,38.3,37.7,35.5,32.3,29.3,27.0,25.2,23.7,22.6,22.0,22.0,22.0,21.5,20.7,19.7,18.7,17.8,17.2,16.5,15.7,14.5,13.4,12.5,11.9,11.5,11.1,10.6,10.1,9.5,9.0,8.4,8.0,7.5,7.2,6.8,6.5,6.2,6.0,5.9,5.7,5.6,5.3,5.1,4.7,4.5,4.3,4.1,4.0,4.0,3.9,3.8
HKG,"Hong Kong SAR, China",,,,,,,,,,,,,,,,,,,,,,,,,,,,,,,,,,,,,,,,,,,,,,,,,,,,,,,,,,,,,,,,
HND,Honduras,206.9,200.2,193.7,187.4,181.2,175.1,169.1,163.1,157.4,151.6,145.9,140.4,134.9,129.4,149.1,119.0,113.9,108.9,104.1,99.4,94.8,90.5,86.2,82.0,78.1,74.3,70.7,67.3,64.0,61.0,58.1,55.4,52.9,50.6,48.4,46.4,44.4,42.5,64.9,39.0,37.3,35.7,34.1,32.6,31.1,29.8,28.6,27.5,26.5,25.5,24.6,23.7,22.8,22.0,21.2,20.5,19.8,19.1,18.4,17.8,17.2,16.6,16.0,15.5
HTI,Haiti,292.3,287.7,283.3,278.7,274.2,269.6,264.8,259.9,254.9,249.7,244.5,239.1,233.7,228.3,222.9,217.3,211.8,206.3,201.0,195.8,190.7,185.7,180.7,175.8,171.1,166.4,161.8,157.5,153.2,149.1,144.9,140.8,136.6,132.4,128.0,123.7,119.5,115.3,111.2,107.2,103.5,100.0,96.8,94.0,91.4,89.1,86.9,84.9,82.9,81.1,136.7,77.4,75.6,73.8,71.9,69.9,67.9,66.1,64.2,62.3,60.4,58.5,56.9,55.1
GUY,Guyana,91.9,88.1,84.9,82.1,79.9,78.0,76.6,75.6,74.8,74.3,73.9,73.7,73.5,73.3,73.1,72.7,72.4,71.9,71.4,70.8,70.2,69.6,68.9,68.2,67.4,66.6,65.7,64.7,63.5,62.2,60.8,59.2,57.7,56.0,54.5,53.0,51.6,50.2,48.9,47.7,46.5,45.3,44.2,43.2,42.3,41.4,40.5,39.7,38.9,38.1,37.3,36.5,35.8,34.9,34.0,33.1,32.1,31.1,30.2,29.3,28.4,27.5,26.6,25.7
GNB,Guinea-Bissau,,,,,,,,,,,,,,,,,,,,,,,,,,244.1,239.5,234.9,230.7,226.6,222.3,217.9,213.4,208.6,204.1,199.3,194.3,189.2,184.2,179.0,173.8,168.4,162.8,157.0,151.1,144.9,138.6,132.2,126.1,120.0,114.2,108.7,103.7,99.3,95.3,91.8,88.4,85.3,82.1,79.1,76.6,74.1,71.6,69.3
GIN,Guinea,349.5,347.2,344.3,341.8,339.3,336.4,333.6,330.9,327.8,324.8,322.0,319.1,315.9,312.7,309.2,305.5,301.2,296.6,291.8,286.7,281.5,276.5,271.8,267.1,262.3,257.6,252.9,248.4,243.7,238.6,233.1,227.1,220.7,213.9,207.0,200.0,193.0,186.1,179.2,172.3,165.4,158.6,152.2,146.4,141.2,136.6,132.7,129.4,126.6,124.1,122.0,120.1,118.4,116.7,115.6,114.1,111.7,109.9,108.0,105.7,103.2,100.5,97.8,95.0
GTM,Guatemala,221.5,216.3,211.1,206.1,201.1,196.3,191.2,186.3,181.3,176.3,171.2,166.0,160.9,155.9,150.8,145.9,165.1,136.3,131.6,126.9,122.3,117.7,135.7,108.8,104.5,100.2,96.0,91.9,87.9,84.1,80.4,76.8,73.4,70.2,67.1,64.2,61.5,58.9,56.5,54.2,52.1,50.0,48.0,46.1,44.3,42.6,41.0,39.3,37.8,36.2,34.8,33.3,32.0,30.7,29.4,28.3,27.2,26.3,25.4,24.5,23.7,22.8,22.1,21.4
GUM,Guam,,,,,,,,,,,,,,,,,,,,,,,,,,,,,,,,,,,,,,,,,,,,,,,,,,,,,,,,,,,,,,,,
GRD,Grenada,95.0,88.3,81.5,75.0,69.1,63.9,59.5,55.9,53.0,50.6,48.7,47.1,45.8,44.7,43.6,42.5,41.5,40.3,39.0,37.7,36.2,34.6,33.0,31.5,29.9,28.5,27.1,25.8,24.6,23.5,22.4,21.3,20.4,19.5,18.7,17.9,17.3,16.7,16.2,15.8,15.5,15.2,15.0,14.9,14.9,14.8,14.9,15.0,15.1,15.4,15.7,16.0,16.4,16.8,17.2,17.5,17.9,18.1,18.3,18.5,18.7,18.7,18.5,18.3
GRL,Greenland,,,,,,,,,,,,,,,,,,,,,,,,,,,,,,,,,,,,,,,,,,,,,,,,,,,,,,,,,,,,,,,,
GRC,Greece,46.2,45.1,43.9,42.5,41.0,39.7,38.6,37.3,35.4,33.3,31.3,29.6,28.4,27.6,27.0,26.2,25.1,23.8,22.4,20.9,19.6,18.3,17.1,16.2,15.4,14.6,13.7,12.7,11.9,11.1,10.5,9.9,9.5,9.1,8.8,8.5,8.1,7.7,7.3,6.9,6.4,6.0,5.6,5.2,4.9,4.6,4.3,4.1,4.0,4.0,3.9,4.0,4.0,4.1,4.2,4.3,4.3,4.3,4.2,4.1,4.0,3.9,3.8,3.7
GIB,Gibraltar,,,,,,,,,,,,,,,,,,,,,,,,,,,,,,,,,,,,,,,,,,,,,,,,,,,,,,,,,,,,,,,,
GHA,Ghana,209.2,207.0,205.3,203.9,203.1,202.7,202.6,202.7,202.9,202.7,202.3,201.1,199.0,195.9,191.8,186.7,181.5,176.5,172.3,169.1,167.0,165.5,163.9,161.9,159.0,155.1,150.0,144.3,138.3,132.6,127.5,123.3,120.1,117.7,116.0,114.5,112.9,110.6,107.7,104.1,100.2,96.1,92.1,88.5,85.2,82.2,79.3,76.3,73.1,69.9,66.5,63.3,60.2,57.4,54.8,52.5,50.2,48.1,46.0,43.9,42.0,40.2,38.5,37.1
DEU,Germany,,,,,,,,,27.1,26.4,25.7,24.9,24.0,23.1,22.0,20.8,19.5,18.3,17.1,16.0,15.0,14.1,13.2,12.5,11.8,11.1,10.6,10.1,9.5,9.0,8.5,8.0,7.6,7.2,6.8,6.5,6.2,5.9,5.7,5.5,5.4,5.2,5.1,5.0,4.8,4.7,4.6,4.5,4.4,4.3,4.2,4.1,4.0,4.0,4.0,3.9,3.9,3.8,3.8,3.7,3.7,3.7,3.7,3.7
GEO,Georgia,,,,,,,,,,,,,,,,71.2,68.6,66.1,63.6,61.3,59.0,56.9,54.9,53.1,51.6,50.4,49.4,48.7,48.2,47.8,47.5,47.2,46.8,46.3,45.6,44.7,43.6,42.2,40.5,38.5,36.3,33.9,31.3,28.7,26.0,23.5,21.2,19.0,17.2,15.5,14.1,13.0,12.1,11.4,10.9,10.5,10.2,10.0,9.8,9.7,9.6,9.5,9.3,9.2
GMB,"Gambia, The",361.7,354.8,347.6,341.0,334.5,327.8,321.3,314.8,308.5,302.0,295.4,288.7,281.9,275.2,268.5,261.8,255.1,248.6,242.2,235.8,229.5,223.0,216.5,210.1,203.6,197.0,190.5,184.1,177.8,171.9,166.1,160.4,154.8,149.3,143.8,138.5,133.1,127.9,122.8,117.9,113.1,108.5,103.9,99.5,95.2,91.1,87.1,83.3,79.8,76.4,73.1,70.1,67.3,64.5,61.8,59.3,57.0,54.7,52.7,50.7,48.9,47.2,45.6,44.1
GAB,Gabon,218.7,211.6,204.9,198.3,191.8,185.5,179.4,173.5,167.8,162.4,156.9,151.6,146.5,141.8,137.1,132.5,128.1,123.8,119.6,115.6,111.7,108.0,104.5,101.2,98.1,95.2,92.6,90.3,88.2,86.4,84.9,83.5,82.4,81.4,80.6,79.8,78.9,77.9,76.7,75.3,73.7,71.9,70.1,68.1,66.0,63.9,62.1,59.9,57.7,55.7,53.5,51.4,49.4,47.3,45.7,44.2,42.4,41.0,39.6,38.0,36.2,35.2,34.1,33.2
PYF,French Polynesia,,,,,,,,,,,,,,,,,,,,,,,,,,,,,,,,,,,,,,,,,,,,,,,,,,,,,,,,,,,,,,,,
FRA,France,28.5,27.0,25.7,24.5,23.4,22.4,21.4,20.6,19.9,19.1,18.2,17.4,16.6,16.0,15.4,14.9,14.4,13.9,13.4,12.8,12.4,11.9,11.5,11.1,10.7,10.4,10.1,9.8,9.6,9.3,9.0,8.6,8.1,7.5,7.0,6.5,6.1,5.8,5.7,5.5,5.4,5.2,5.1,4.9,4.8,4.6,4.5,4.4,4.4,4.3,4.2,4.2,4.1,4.1,4.1,4.2,4.2,4.2,4.2,4.2,4.2,4.3,4.3,4.3
FIN,Finland,26.8,25.3,23.8,22.5,21.3,20.2,19.2,18.4,17.6,16.8,16.1,15.4,14.6,13.9,13.1,12.3,11.4,10.6,9.9,9.2,8.7,8.2,7.9,7.6,7.5,7.3,7.3,7.2,7.1,6.9,6.7,6.4,6.1,5.8,5.5,5.2,4.9,4.7,4.6,4.4,4.3,4.2,4.1,4.0,3.9,3.7,3.6,3.5,3.3,3.2,3.0,2.9,2.8,2.6,2.6,2.5,2.4,2.4,2.4,2.3,2.3,2.3,2.3,2.3
FJI,Fiji,78.9,75.3,72.1,69.0,66.1,63.5,61.4,59.7,58.4,57.5,56.9,56.6,56.3,55.9,55.2,54.1,52.7,51.0,49.0,46.8,44.6,42.4,40.3,38.4,36.7,35.1,33.7,32.4,31.2,30.0,28.9,27.8,26.8,26.0,25.2,24.5,23.9,23.5,23.1,22.8,22.7,22.6,22.7,22.8,23.1,23.3,23.5,23.5,23.2,22.8,22.2,21.6,21.0,20.7,20.6,20.9,21.6,22.7,24.1,25.7,27.2,28.3,28.9,29.1
FRO,Faroe Islands,,,,,,,,,,,,,,,,,,,,,,,,,,,,,,,,,,,,,,,,,,,,,,,,,,,,,,,,,,,,,,,,
ETH,Ethiopia,,,,,,,277.6,248.9,248.4,247.9,247.4,247.1,246.6,246.3,283.1,281.8,245.1,244.6,243.7,242.4,240.4,237.9,234.6,320.0,314.3,303.2,296.8,214.5,210.4,206.2,201.7,196.7,191.3,185.4,179.0,172.4,165.8,159.2,152.9,146.7,140.4,134.1,127.7,121.4,115.0,108.8,102.9,97.4,92.3,87.6,83.2,79.1,75.3,71.6,68.2,64.9,61.7,58.9,56.4,54.1,52.0,50.0,48.2,46.5
SWZ,Eswatini,207.4,203.5,199.7,195.7,191.8,187.5,183.3,178.9,174.3,169.8,165.0,159.8,154.4,149.0,143.2,137.3,131.5,125.8,120.2,114.8,109.4,104.1,98.9,104.3,88.5,83.7,79.3,75.4,72.0,69.3,67.5,67.2,68.5,71.7,76.2,81.2,87.1,93.0,98.7,104.1,109.1,112.6,114.3,115.7,116.2,115.5,105.3,100.0,98.2,92.5,81.8,68.1,63.8,61.6,61.7,58.6,55.3,54.3,51.0,51.6,49.8,47.6,46.2,45.0
EST,Estonia,,,,,,,,,,,,,,,,,,,,,22.4,21.6,20.9,20.2,19.6,19.1,18.6,18.3,18.1,17.9,17.7,17.5,17.3,16.9,16.4,15.7,14.8,13.9,12.9,12.0,11.0,10.1,9.3,8.5,7.8,7.1,6.5,5.9,5.4,5.0,4.6,4.2,3.9,3.6,3.4,3.2,3.0,2.8,2.7,2.5,2.4,2.3,2.2,2.1
ERI,Eritrea,,,,,,,,,,,,,,,256.0,250.2,208.2,204.0,200.2,197.1,194.2,191.4,188.4,277.8,272.3,261.9,256.1,170.7,165.6,159.9,153.6,146.5,138.8,130.7,122.6,114.8,107.5,100.9,95.1,108.6,85.3,81.1,77.3,73.8,70.5,67.5,64.6,61.9,59.4,57.1,55.0,53.1,51.2,49.4,47.8,46.1,44.6,43.2,41.7,40.3,39.1,37.9,36.6,35.4
GNQ,Equatorial Guinea,,,,,,,,,,,,,,,,,,,,,,,200.9,196.9,192.7,189.1,186.0,183.6,181.6,180.1,178.7,177.2,175.9,174.5,173.1,171.4,169.3,166.9,163.8,160.1,155.9,151.5,147.0,142.5,137.8,133.2,128.6,124.0,119.4,115.2,111.1,107.1,103.4,99.9,96.6,93.3,89.9,87.0,84.2,81.7,78.8,76.1,73.4,70.6
SLV,El Salvador,184.5,180.6,176.9,173.2,169.7,166.3,162.8,159.6,156.3,153.0,149.8,146.4,142.8,139.1,135.1,130.7,126.1,121.1,116.0,110.8,125.3,100.0,94.6,89.4,84.2,79.3,74.7,70.4,66.5,62.8,59.4,56.1,53.0,50.0,47.1,44.2,41.5,38.9,36.5,34.3,32.3,30.4,28.6,27.0,25.5,24.0,22.7,21.5,20.4,19.4,18.4,17.5,16.7,15.9,15.2,14.5,13.9,13.3,12.7,12.2,11.7,11.2,10.8,10.4
EGY,"Egypt, Arab Rep.",319.5,309.2,299.0,289.0,279.8,271.5,264.5,258.8,254.2,250.4,246.9,243.2,238.8,233.1,225.8,217.3,207.8,197.9,187.9,178.1,168.4,158.7,149.0,139.0,128.8,118.9,110.0,102.2,95.7,90.3,85.7,81.4,77.3,73.1,68.8,64.5,60.4,56.5,52.9,49.6,46.6,43.9,41.5,39.4,37.5,35.7,34.1,32.7,31.2,29.9,28.6,27.4,26.2,25.2,24.1,23.3,22.4,21.6,20.8,20.1,19.4,18.7,18.1,17.5
ECU,Ecuador,176.3,171.0,165.8,160.9,156.5,152.6,149.1,145.9,142.9,140.1,137.1,133.7,129.8,125.1,120.2,115.0,109.7,104.8,100.1,95.7,91.2,86.8,82.3,77.8,73.5,69.5,65.8,62.5,59.4,56.6,53.9,51.2,48.6,46.0,43.4,40.8,38.2,35.7,33.4,31.4,29.6,28.1,26.8,25.7,24.6,23.7,22.8,21.9,21.0,20.0,19.2,18.3,17.4,16.6,15.9,15.3,14.8,14.4,14.1,13.8,13.6,13.4,13.2,13.1
DOM,Dominican Republic,147.5,146.4,144.8,142.9,140.6,138.0,135.3,132.5,129.6,126.7,123.6,120.3,116.6,112.7,108.8,104.7,100.9,97.1,93.5,90.1,86.8,83.6,80.5,77.6,74.8,72.1,69.4,66.9,64.4,61.9,59.5,57.0,54.6,52.2,50.0,47.8,45.8,44.0,42.4,41.0,39.8,38.8,38.0,37.3,36.7,36.2,35.9,35.6,35.4,35.2,35.1,35.0,34.9,35.0,35.0,35.0,35.0,35.0,34.7,34.3,33.8,33.1,32.2,31.4
DMA,Dominica,136.4,124.3,113.2,103.2,94.1,85.9,78.4,71.6,65.4,59.8,54.8,50.2,46.1,42.4,39.1,36.1,33.5,31.2,29.2,27.4,25.8,24.5,23.3,22.2,21.4,20.6,20.0,19.5,19.1,18.8,18.5,18.4,18.2,18.2,18.2,18.3,18.4,18.6,18.8,19.1,19.4,19.7,20.1,20.6,21.1,21.6,22.2,22.8,23.5,24.2,25.0,25.7,26.6,27.4,28.3,29.3,30.2,31.2,32.1,33.0,33.8,34.5,35.1,35.5
DJI,Djibouti,,,,,,,,,,,,,,,,,171.0,166.3,161.7,157.0,152.6,148.4,143.8,139.7,135.6,131.8,128.1,124.7,121.6,118.8,116.3,114.0,112.2,110.6,109.3,107.9,106.6,105.1,103.4,101.5,99.5,97.2,94.8,92.4,90.0,87.7,85.3,82.8,80.3,78.1,75.9,73.6,71.4,69.3,67.2,65.1,63.3,61.3,59.4,57.5,55.6,53.8,52.2,50.4
DNK,Denmark,25.0,24.5,23.8,23.0,22.1,21.1,20.1,19.0,18.1,17.3,16.6,15.8,14.9,13.9,13.1,12.3,11.7,11.1,10.6,10.3,10.0,9.8,9.6,9.6,9.6,9.7,9.7,9.7,9.6,9.3,8.9,8.4,7.9,7.4,6.9,6.5,6.3,6.0,5.9,5.7,5.6,5.5,5.4,5.2,5.0,4.8,4.6,4.5,4.3,4.2,4.1,4.1,4.1,4.1,4.1,4.1,4.0,4.0,3.9,3.8,3.7,3.6,3.5,3.4
CZE,Czechia,24.8,24.4,24.2,24.3,24.4,24.6,24.7,24.8,24.7,24.6,24.3,23.9,23.4,22.9,22.3,21.6,20.8,19.9,18.9,17.8,16.8,15.9,15.2,14.7,14.4,14.1,13.8,13.5,13.0,12.5,12.1,11.7,11.1,10.3,9.4,8.5,7.7,7.0,6.3,5.8,5.5,5.2,5.0,4.8,4.6,4.4,4.1,3.9,3.7,3.5,3.4,3.3,3.2,3.1,3.1,3.2,3.2,3.2,3.1,3.0,2.9,2.8,2.7,2.6
CYP,Cyprus,,,,,,,,,,,,38.1,37.2,36.3,35.3,33.7,31.6,29.1,26.5,23.9,21.6,19.6,17.8,16.1,14.5,13.3,12.3,11.6,11.3,11.2,11.1,10.9,10.6,10.2,9.7,9.1,8.6,8.1,7.6,7.1,6.6,6.2,5.8,5.4,5.0,4.6,4.2,3.9,3.7,3.5,3.3,3.2,3.0,3.0,2.9,2.9,2.9,3.0,3.0,3.1,3.2,3.4,3.5,3.5
CUW,Curacao,,,,,,,,,,,,,,,,,,,,,,,,,,,,,,,,,,,,,,,,,,,,,,,,,,,,,,,,,,,,,,,,
CUB,Cuba,44.1,44.4,44.5,44.5,44.3,43.8,43.1,42.2,41.1,39.7,38.2,36.5,34.7,32.9,31.1,29.4,27.7,26.2,24.7,23.4,22.2,21.1,20.0,19.0,18.1,17.3,16.4,15.6,14.9,14.1,13.4,12.8,12.2,11.6,11.1,10.6,10.1,9.7,9.3,8.9,8.6,8.2,7.9,7.6,7.3,7.1,6.9,6.6,6.5,6.3,6.2,6.1,6.0,6.0,6.0,6.1,6.2,6.4,6.6,6.9,7.2,7.6,7.9,8.3
HRV,Croatia,,,,,,,,,,,,,,,,,,,,,,21.9,20.9,20.0,19.1,18.0,16.9,15.9,14.8,13.8,12.9,13.9,11.5,10.9,10.4,10.0,9.6,9.3,9.0,8.6,8.3,8.0,7.7,8.2,7.1,6.7,6.4,6.1,5.9,5.7,5.5,5.3,5.2,5.1,5.0,4.9,4.9,4.8,4.8,4.7,4.7,4.6,4.6,4.6
CIV,Cote d'Ivoire,321.0,313.0,305.1,297.1,289.3,281.9,274.3,266.9,259.5,252.3,244.9,237.3,229.2,220.8,212.0,203.2,194.8,187.0,179.9,173.7,168.7,164.2,160.6,157.6,155.4,153.8,152.8,152.3,152.1,152.5,153.0,153.6,153.8,153.6,153.0,152.0,150.7,148.8,146.4,143.6,140.5,137.1,133.4,129.6,125.7,121.6,117.8,113.9,109.5,105.8,102.2,99.1,96.0,92.7,89.2,86.1,83.6,81.1,78.5,75.9,73.7,71.4,69.2,67.1
CRI,Costa Rica,96.2,93.6,92.7,92.5,91.8,90.2,87.8,84.9,81.7,78.5,74.8,70.2,64.5,58.2,51.7,45.4,39.3,33.9,29.6,26.5,24.5,23.3,22.9,22.7,22.5,22.0,21.2,20.1,18.9,17.8,16.9,16.2,15.7,15.3,15.1,14.9,14.7,14.5,14.1,13.6,13.1,12.6,12.2,11.8,11.5,11.3,11.2,11.1,10.9,10.7,10.5,10.2,9.8,9.5,9.2,9.0,8.9,8.9,8.9,9.1,9.4,9.7,10.1,10.5
COG,"Congo, Rep.",193.7,186.4,179.5,173.1,166.9,161.1,155.7,150.6,146.0,141.5,137.3,133.5,129.8,126.4,123.5,120.6,117.8,115.0,112.4,109.7,107.2,104.7,102.1,99.5,96.8,94.4,92.5,91.1,90.4,90.5,91.5,93.1,95.4,98.4,101.6,105.2,108.7,111.9,114.2,114.9,113.7,110.7,106.0,100.1,93.5,86.6,80.2,74.3,69.5,65.5,62.5,60.2,58.2,56.4,54.5,52.7,50.9,49.3,47.7,52.4,44.7,43.3,41.9,40.5
COD,"Congo, Dem. Rep.",,,,,,,,,,250.5,246.8,243.3,240.1,236.9,233.5,229.7,226.1,222.6,219.0,215.4,212.0,208.6,205.5,202.5,199.8,197.2,194.8,192.4,190.1,187.7,185.3,183.1,181.0,178.8,176.9,174.8,172.5,169.9,166.8,163.2,159.2,154.8,150.2,145.5,140.7,135.9,131.1,126.5,121.9,117.5,113.5,109.6,106.0,102.5,99.0,95.6,92.3,89.3,86.3,83.5,80.7,78.1,75.7,73.2
COM,Comoros,,,,,,,,,,,231.6,225.4,219.5,213.8,208.3,202.6,196.9,191.2,185.5,179.7,173.9,168.0,162.2,156.5,150.9,145.5,140.4,135.3,130.4,125.7,120.9,116.1,111.3,106.6,102.1,97.8,93.7,90.0,86.3,82.8,79.6,76.5,73.6,70.7,68.0,65.5,63.1,60.8,58.8,56.9,55.1,53.6,52.1,50.8,49.7,48.7,47.6,46.6,45.6,44.6,43.5,42.4,41.1,39.8
COL,Colombia,134.3,129.9,125.8,121.9,118.2,114.6,111.2,107.7,104.3,100.8,97.2,93.6,89.9,86.0,82.0,78.0,73.9,69.8,65.8,62.0,58.4,55.0,51.7,48.8,46.2,48.9,41.7,39.9,38.4,37.0,35.7,34.5,33.3,32.1,31.0,29.9,28.8,27.8,26.8,25.9,25.1,24.3,23.5,22.8,22.2,21.5,20.9,20.2,19.6,18.9,18.3,17.7,17.2,16.6,16.1,15.6,15.1,14.6,14.1,13.7,13.2,12.8,12.4,12.0
CHN,China,,,,,,,,,,119.1,113.1,107.3,101.7,96.1,90.5,85.0,79.7,74.7,70.1,66.2,62.8,60.0,57.8,56.1,55.0,54.3,54.0,54.0,54.0,53.9,53.7,53.1,52.2,50.8,49.3,47.5,45.6,43.6,41.4,39.1,36.7,34.2,31.5,28.9,26.4,24.0,21.9,20.1,18.5,17.1,15.8,14.6,13.5,12.5,11.5,10.7,9.9,9.2,8.6,8.0,7.5,7.0,6.6,6.2
CHL,Chile,153.2,148.6,142.8,136.1,127.2,115.6,103.5,93.6,86.9,82.6,80.1,78.6,77.3,75.4,71.4,64.6,56.3,48.5,42.0,36.9,32.9,29.8,27.1,24.7,23.0,22.3,22.2,22.0,21.4,20.3,19.1,17.6,16.3,15.0,13.9,13.1,12.6,12.2,11.9,11.5,10.9,10.3,9.8,9.5,9.3,9.1,9.0,8.9,8.9,8.8,8.7,8.6,8.4,8.2,8.1,7.9,7.7,7.5,7.2,7.0,6.8,6.7,6.8,7.2
CHI,Channel Islands,,,,,,,,,,,,,,,,,,,,,,,,,,,,,,,,,,,,,,,,,,,,,,,,,,,,,,,,,,,,,,,,
TCD,Chad,267.2,266.2,265.2,263.9,262.6,261.4,260.0,258.6,257.1,255.6,254.3,252.8,251.5,249.8,248.4,246.9,245.5,243.9,242.2,240.5,238.4,236.4,234.0,231.6,228.9,226.1,223.3,220.4,217.5,214.5,211.6,208.8,206.0,203.3,200.7,198.1,195.5,192.8,189.9,186.8,183.6,180.2,176.8,173.4,170.0,166.5,162.9,159.2,155.4,151.5,147.7,143.9,140.1,136.5,133.0,129.3,125.7,122.0,118.3,114.6,111.0,107.6,104.3,101.1
CAF,Central African Republic,283.1,277.6,272.1,266.5,260.7,254.9,249.0,243.2,237.4,231.5,226.3,221.4,216.7,212.2,208.0,204.0,200.4,196.9,193.7,190.6,188.0,185.7,183.7,182.1,180.8,179.8,179.1,178.5,178.1,177.8,177.5,177.1,176.6,176.0,175.3,174.5,173.3,172.0,170.2,168.0,165.5,162.8,159.4,156.0,152.2,148.4,143.8,139.5,135.6,478.9,149.2,125.4,122.3,133.6,182.6,114.1,126.1,152.4,119.8,243.1,122.6,171.3,387.4,92.2
CYM,Cayman Islands,,,,,,,,,,,,,,,,,,,,,,,,,,,,,,,,,,,,,,,,,,,,,,,,,,,,,,,,,,,,,,,,
CAN,Canada,32.6,31.5,30.5,29.4,28.2,27.1,26.0,25.0,24.0,23.0,21.9,20.9,19.9,18.9,17.9,17.0,16.0,15.1,14.2,13.3,12.5,11.8,11.2,10.6,10.1,9.8,9.4,9.1,8.8,8.5,8.2,8.0,7.7,7.4,7.2,6.9,6.7,6.5,6.4,6.3,6.2,6.2,6.2,6.2,6.1,6.1,6.0,6.0,5.9,5.8,5.7,5.6,5.6,5.5,5.4,5.4,5.3,5.2,5.2,5.1,5.1,5.1,5.1,5.1
CMR,Cameroon,280.3,274.1,268.9,264.3,259.5,253.8,247.2,239.5,230.7,221.8,213.3,205.9,200.0,195.9,193.2,191.5,190.2,188.6,186.5,183.2,179.1,173.9,167.9,161.5,155.2,149.2,144.2,140.2,137.5,136.3,136.6,138.2,140.4,142.7,145.0,146.9,148.1,148.5,148.0,146.7,144.4,141.4,138.1,134.7,131.3,128.1,124.6,121.3,117.7,114.3,110.0,105.9,101.6,97.3,93.1,89.0,85.6,82.5,79.7,77.2,74.6,72.1,69.5,67.2
KHM,Cambodia,,,,,,,,,,,,,,,,525.1,541.0,525.3,484.6,207.0,180.9,158.5,141.3,130.1,123.7,120.0,117.9,116.7,116.3,116.3,116.3,116.2,116.5,117.4,118.6,119.7,120.1,119.4,117.3,113.0,105.9,96.5,86.7,78.0,70.8,64.8,59.8,55.4,51.3,47.4,43.7,40.5,37.7,35.3,33.3,31.6,30.2,28.9,27.7,26.7,25.6,24.7,23.8,22.9
CPV,Cabo Verde,172.3,169.2,165.6,162.3,158.5,154.3,149.7,144.9,139.5,133.8,127.5,121.1,114.5,108.0,101.8,96.0,90.9,86.5,82.7,80.0,78.2,77.2,76.5,75.9,74.6,72.5,69.5,65.9,62.1,58.8,56.4,55.0,54.6,54.6,54.5,53.7,51.7,48.4,44.4,40.0,36.0,32.8,30.5,29.0,28.2,28.0,28.0,28.0,27.9,27.5,26.7,25.6,24.2,22.6,20.9,19.1,17.6,16.2,15.1,14.1,13.3,12.7,12.1,11.6
BDI,Burundi,,,,,241.5,243.5,245.4,247.3,249.0,250.3,251.1,251.4,318.7,251.9,251.8,251.2,249.6,246.2,240.9,233.4,224.3,214.1,203.3,192.8,183.6,176.5,171.8,169.2,168.4,168.9,169.8,171.1,172.1,195.0,172.2,171.2,169.5,166.7,163.0,158.6,153.7,148.5,143.0,137.3,131.0,124.1,116.8,109.7,102.8,96.6,90.8,85.3,80.2,75.5,71.3,67.6,64.4,61.5,59.0,56.7,54.6,52.6,50.8,49.2
BFA,Burkina Faso,344.6,340.7,337.0,333.7,330.5,327.8,325.1,322.4,320.3,317.7,314.9,311.7,307.1,300.9,292.9,283.6,273.2,263.2,254.0,246.0,239.1,233.2,228.1,223.4,218.8,214.3,209.8,205.7,202.3,199.8,198.3,197.6,197.3,196.9,195.9,194.3,191.8,188.7,185.4,181.8,178.1,174.0,169.3,164.3,158.6,152.3,145.7,139.0,132.7,126.8,121.5,116.8,112.6,108.6,104.7,101.1,97.7,94.3,91.2,88.2,85.3,82.5,79.9,77.3
BGR,Bulgaria,54.7,48.9,44.3,40.8,38.6,37.5,37.0,36.4,35.4,34.0,32.5,31.1,30.1,29.5,29.1,28.6,28.0,27.2,26.0,24.9,23.8,23.0,22.2,21.5,20.7,19.7,18.7,18.0,17.8,17.9,18.3,18.9,19.2,19.2,19.1,19.2,19.4,19.3,18.9,18.2,17.5,16.8,16.0,15.1,14.2,13.3,12.4,11.8,11.4,11.2,10.8,10.4,9.9,9.3,8.7,8.2,7.7,7.3,7.0,6.7,6.5,6.3,6.2,6.1
BRN,Brunei Darussalam,89.0,82.4,76.6,71.5,67.0,63.2,59.8,56.9,54.2,51.6,49.1,46.4,43.5,40.6,37.7,34.9,32.1,29.5,27.1,24.8,22.8,20.9,19.3,17.9,16.7,15.7,14.8,14.2,13.8,13.5,13.3,13.2,13.1,13.0,12.7,12.3,11.9,11.5,11.0,10.7,10.3,10.0,9.8,9.6,9.5,9.5,9.5,9.5,9.6,9.6,9.7,9.8,9.9,9.9,10.0,10.0,10.0,10.0,9.9,9.8,9.7,9.6,9.5,9.4
VGB,British Virgin Islands,90.3,84.8,79.7,74.8,70.2,65.8,61.7,57.9,54.5,51.4,48.6,46.1,43.9,42.1,40.5,39.2,38.2,37.2,36.4,35.5,34.6,33.6,32.5,31.4,30.2,29.0,27.8,26.5,25.3,24.1,22.9,21.9,21.0,20.2,19.5,18.9,18.3,17.9,17.5,17.1,16.8,16.6,16.3,16.1,16.0,15.9,15.8,15.7,15.7,15.6,15.6,15.6,15.6,15.6,15.6,15.5,15.2,15.0,14.6,14.3,13.9,13.5,13.1,12.7
BRA,Brazil,169.4,164.7,160.3,156.1,152.2,148.6,145.2,141.9,138.8,135.5,132.2,128.9,125.5,122.1,118.9,115.6,112.1,108.3,104.3,100.1,95.7,91.4,87.3,83.4,79.8,76.7,73.8,71.1,68.4,65.8,63.1,60.2,57.2,54.1,50.9,47.7,44.7,41.9,39.3,36.8,34.5,32.2,30.1,28.1,26.3,24.6,23.1,21.7,20.5,19.5,18.6,17.9,17.2,16.7,16.3,16.0,16.8,15.4,15.2,15.0,14.9,14.7,14.6,14.4
BWA,Botswana,167.7,162.6,157.9,153.4,148.9,144.6,140.4,136.3,132.3,128.1,123.7,118.9,114.0,109.1,104.1,98.8,93.2,87.7,82.3,77.4,72.9,68.6,64.7,61.2,58.0,55.0,52.2,50.0,48.8,48.7,50.1,52.9,57.0,62.0,67.2,67.4,71.0,73.7,75.7,79.1,81.1,81.2,80.0,78.5,76.3,70.3,64.3,61.6,60.3,57.8,55.8,56.8,53.4,51.0,51.1,49.8,49.0,46.5,45.9,45.0,43.9,42.0,40.7,39.6
BIH,Bosnia and Herzegovina,,,,,,,,,,,,,,,,,,,,,,,,,29.4,27.0,24.9,23.0,21.2,19.6,18.2,16.9,57.8,58.7,14.0,19.4,12.4,11.7,10.9,10.2,9.5,8.9,8.4,8.0,7.6,7.4,7.2,7.1,7.0,6.9,6.8,6.8,6.7,6.7,6.7,6.7,6.8,6.8,6.8,6.7,6.6,6.4,6.2,6.0
BOL,Bolivia,290.4,284.3,278.1,272.1,266.1,260.0,254.0,248.0,241.8,235.5,229.4,223.0,216.7,210.4,203.9,197.5,191.2,185.1,179.4,174.1,169.1,164.5,159.9,155.5,151.0,146.3,141.5,136.5,131.5,126.6,121.7,117.0,112.2,107.6,103.0,98.4,93.8,89.3,84.7,80.2,75.7,71.4,67.4,63.5,59.9,56.4,53.1,50.0,47.2,44.5,42.0,39.7,37.5,35.4,33.5,31.8,30.3,29.0,27.8,26.7,25.7,24.8,23.9,23.1
BTN,Bhutan,,,,,,,,,273.9,267.4,261.6,255.2,248.9,242.5,236.0,229.3,222.6,215.8,208.7,201.9,194.7,187.4,180.4,173.3,166.2,159.3,152.7,146.3,140.0,133.9,128.2,122.8,117.6,112.5,107.5,102.5,97.5,92.6,87.7,83.0,78.5,74.0,69.6,65.4,61.2,57.1,53.2,49.6,46.2,43.1,40.3,37.7,35.6,33.8,32.2,30.8,29.6,28.5,27.4,26.5,25.5,24.7,23.9,23.1
BMU,Bermuda,,,,,,,,,,,,,,,,,,,,,,,,,,,,,,,,,,,,,,,,,,,,,,,,,,,,,,,,,,,,,,,,
BEN,Benin,312.0,307.1,301.9,296.3,290.7,285.4,280.0,275.1,270.3,265.7,261.1,256.7,251.8,247.0,241.8,236.5,231.2,225.9,220.9,216.1,211.7,207.5,203.6,199.7,195.8,192.0,188.1,184.2,180.3,176.3,172.2,168.0,163.9,159.9,156.1,152.4,149.0,145.8,142.6,139.3,136.1,132.8,129.6,126.5,123.5,120.6,117.9,115.4,113.0,110.6,108.4,106.2,103.9,101.6,99.3,97.1,95.0,92.7,90.5,88.0,85.5,83.1,80.4,77.9
BLZ,Belize,,,,,,,,112.8,107.9,103.3,98.9,94.8,90.8,86.9,83.3,80.0,76.7,73.8,70.9,68.1,65.5,63.0,60.4,57.8,55.2,52.5,49.8,47.1,44.4,41.8,39.3,36.9,34.8,33.0,31.3,29.9,28.6,27.4,26.4,25.4,24.5,23.6,22.8,22.1,21.5,21.0,20.6,20.1,19.7,19.3,18.8,18.3,17.7,17.0,16.3,15.6,15.0,14.4,13.9,13.5,13.2,13.0,12.8,12.7
BEL,Belgium,33.9,32.5,31.2,30.0,28.9,27.9,27.0,26.2,25.5,24.8,23.9,23.0,21.9,20.8,19.7,18.6,17.6,16.7,15.9,15.2,14.5,13.9,13.3,12.7,12.2,11.8,11.4,11.0,10.7,10.3,10.0,9.6,9.2,8.7,8.2,7.7,7.2,6.7,6.4,6.1,5.9,5.7,5.5,5.3,5.2,5.0,4.9,4.8,4.7,4.6,4.5,4.4,4.3,4.2,4.2,4.1,4.1,4.0,4.0,3.9,3.9,3.8,3.7,3.6
BLR,Belarus,44.9,40.5,36.8,33.6,31.0,28.8,27.0,25.6,24.5,23.7,23.0,22.5,22.2,22.0,21.9,21.8,21.8,21.6,21.4,21.1,20.6,20.0,19.4,18.8,18.2,17.6,17.0,16.4,15.9,15.5,15.2,15.2,15.3,15.5,15.7,15.7,15.5,15.1,14.5,13.7,12.8,11.8,11.0,10.2,9.4,8.7,8.0,7.3,6.6,6.1,5.6,5.2,4.9,4.6,4.3,4.1,3.9,3.6,3.4,3.1,2.9,2.7,2.6,2.4
BRB,Barbados,84.7,78.6,73.3,68.6,64.5,61.0,57.9,55.2,52.8,50.3,47.9,45.5,43.2,40.8,38.6,36.4,34.3,32.3,30.4,28.6,26.9,25.5,24.4,23.4,22.6,21.9,21.2,20.5,19.7,18.9,18.1,17.3,16.6,15.9,15.3,14.9,14.5,14.3,14.2,14.2,14.4,14.5,14.7,14.8,14.9,14.8,14.7,14.5,14.3,14.1,13.9,13.7,13.5,13.3,13.1,12.8,12.5,12.1,11.8,11.4,11.1,10.7,10.4,10.0
BGD,Bangladesh,261.7,255.1,248.8,242.9,237.7,233.4,230.1,227.9,226.8,226.5,270.7,366.7,227.7,227.6,226.8,225.2,222.8,219.4,215.3,210.6,205.8,200.7,195.5,189.9,184.1,178.0,171.6,165.1,158.6,152.2,146.0,139.8,133.7,127.4,121.2,115.1,109.1,103.0,97.0,91.0,85.4,80.1,75.3,70.9,66.9,63.2,59.8,56.7,53.9,51.3,48.9,46.7,44.7,42.7,40.7,38.8,36.9,35.2,33.7,32.4,31.5,31.0,30.7,30.6
BHR,Bahrain,198.0,181.8,166.3,152.2,139.0,126.6,115.2,104.6,95.0,86.0,77.9,70.5,63.8,58.0,52.9,48.4,44.5,41.1,38.1,35.4,33.0,30.9,29.1,27.6,26.3,25.2,24.4,23.8,23.4,23.2,23.1,22.7,22.1,21.0,19.7,18.2,16.6,15.2,14.1,13.2,12.5,12.0,11.6,11.3,11.0,10.6,10.3,9.8,9.4,9.0,8.6,8.3,8.1,7.9,7.8,7.7,7.6,7.7,7.7,7.8,8.0,8.2,8.4,8.6
BHS,"Bahamas, The",,,,,,,,,29.4,29.9,30.3,30.7,31.0,31.3,31.4,31.3,31.0,30.7,30.3,29.9,29.5,29.1,28.8,28.4,28.1,27.8,27.3,26.5,25.5,24.5,23.4,22.3,21.2,20.3,19.3,18.4,17.6,16.9,16.5,16.2,16.2,16.3,16.5,16.7,16.9,16.9,16.8,16.5,16.2,15.8,15.4,15.0,14.7,14.4,14.2,13.9,13.8,13.6,13.5,23.5,13.3,13.1,12.9,12.7
AZE,Azerbaijan,,,,,,,,,,,,,,,,,,,,,,,109.3,106.7,104.1,101.8,99.6,97.7,96.2,95.2,94.8,95.0,95.2,95.2,94.7,93.4,91.0,87.8,83.7,79.1,74.0,69.0,64.1,59.6,55.5,51.8,48.5,45.5,42.7,40.1,37.7,35.4,33.2,31.2,29.5,27.8,26.3,24.9,23.6,22.4,21.3,20.4,19.4,18.6
AUT,Austria,42.8,40.3,37.9,35.9,34.2,32.7,31.5,30.5,29.8,29.4,29.1,28.7,28.0,26.7,25.1,23.1,21.1,19.4,18.1,17.1,16.3,15.5,14.7,14.0,13.3,12.6,11.9,11.2,10.5,10.0,9.5,9.0,8.5,7.9,7.4,6.8,6.4,6.0,5.8,5.6,5.5,5.4,5.3,5.2,5.1,4.9,4.8,4.6,4.5,4.4,4.3,4.2,4.0,3.9,3.8,3.7,3.6,3.6,3.5,3.5,3.4,3.3,3.2,3.1
AUS,Australia,24.9,24.3,23.7,23.2,22.7,22.4,22.1,22.0,21.9,21.8,21.5,21.0,20.3,19.4,18.4,17.3,16.2,15.2,14.4,13.6,13.0,12.6,12.2,11.9,11.6,11.3,11.0,10.6,10.2,9.7,9.2,8.7,8.2,7.7,7.3,7.0,6.8,6.6,6.4,6.3,6.2,6.1,6.0,5.9,5.8,5.7,5.6,5.4,5.2,5.0,4.8,4.5,4.3,4.1,4.0,3.9,3.8,3.8,3.8,3.8,3.8,3.7,3.7,3.7
ABW,Aruba,,,,,,,,,,,,,,,,,,,,,,,,,,,,,,,,,,,,,,,,,,,,,,,,,,,,,,,,,,,,,,,,
ARM,Armenia,,,,,,,,,,,,,,,,,86.7,83.2,79.8,76.7,73.6,70.6,67.8,65.2,62.6,60.1,57.8,55.5,99.3,51.1,49.0,46.9,44.9,42.9,40.9,39.0,37.2,35.5,33.9,32.3,30.8,29.3,27.9,26.5,25.2,24.0,22.8,21.7,20.6,19.7,18.7,17.8,17.0,16.2,15.4,14.6,14.0,13.3,12.7,12.1,11.6,11.0,10.5,10.0
ARG,Argentina,,,,,,,,,,72.5,71.7,70.8,69.7,68.2,66.1,63.3,59.8,55.6,51.2,46.8,42.8,39.4,36.5,34.1,32.1,30.6,29.6,29.1,29.0,28.9,28.8,28.4,27.6,26.6,25.4,24.2,23.1,21.9,20.9,20.1,19.4,18.8,18.3,17.8,17.3,16.7,16.2,15.8,15.4,14.9,14.4,13.9,13.3,12.7,12.2,11.7,11.4,11.0,10.7,10.5,10.3,10.0,9.8,9.6
ATG,Antigua and Barbuda,82.5,77.4,71.8,65.9,60.0,54.1,48.6,43.6,39.2,35.4,32.3,29.6,27.4,25.6,24.0,22.5,21.1,19.7,18.4,17.1,16.0,15.0,14.2,13.6,13.1,12.9,12.8,12.8,13.0,13.2,13.5,13.9,14.3,14.7,15.1,15.4,15.5,15.5,15.4,15.2,14.9,14.6,14.3,14.0,13.6,13.3,13.0,12.7,12.4,12.2,11.9,11.7,11.5,11.3,11.2,11.0,10.8,10.6,10.5,10.3,10.1,9.8,9.6,9.3
AGO,Angola,,,,,,,,,,,,,,,,,,,,,238.1,235.3,232.9,230.0,228.0,226.3,225.0,224.0,223.2,222.8,222.7,222.5,222.4,222.0,221.6,220.7,218.9,216.2,212.6,208.2,203.0,196.9,189.9,182.2,173.8,165.0,155.5,146.0,137.0,128.2,119.8,112.1,104.8,98.3,92.8,88.2,84.1,80.5,77.3,74.4,71.6,69.0,66.4,64.0
AND,Andorra,,,,,,,,,,,,,,,,,,,,,,,,,,17.2,16.3,15.4,14.5,13.7,13.1,12.3,11.6,11.0,10.5,9.9,9.4,8.9,8.4,8.0,7.6,7.2,6.9,6.6,6.2,6.0,5.6,5.4,5.1,4.8,4.6,4.4,4.1,3.9,3.7,3.5,3.4,3.2,3.1,3.0,2.9,2.8,2.7,2.6
ASM,American Samoa,,,,,,,,,,,,,,,,,,,,,,,,,,,,,,,,,,,,,,,,,,,,,,,,,,,,,,,,,,,,,,,,
DZA,Algeria,239.6,239.9,240.9,242.0,243.2,244.7,245.8,246.2,245.7,244.1,241.1,236.7,231.0,224.4,216.8,208.5,199.5,190.2,180.2,168.9,155.6,140.3,123.1,105.2,89.1,76.1,66.3,59.6,55.5,53.0,51.7,50.9,50.4,49.8,49.0,48.1,47.0,45.8,44.5,43.1,41.6,40.1,38.5,37.0,35.4,34.0,32.6,31.3,30.1,29.0,28.1,27.3,26.6,26.0,25.4,24.9,24.5,24.0,23.7,23.3,22.9,22.6,22.3,22.0
ALB,Albania,,,,,,,,,,,,,,,,,,,96.2,88.4,81.2,74.9,69.0,63.7,59.0,54.8,51.1,47.9,45.1,42.8,40.8,39.0,37.6,36.2,34.9,33.6,32.4,31.1,29.8,28.4,27.1,25.7,24.3,22.9,21.4,20.0,18.5,17.1,15.8,14.5,13.3,12.2,11.2,10.5,9.9,9.6,9.4,9.3,9.3,9.4,9.4,9.5,9.4,9.4
AFG,Afghanistan,353.2,347.6,342.3,336.8,331.7,326.5,321.5,316.6,311.6,306.4,301.6,296.5,291.4,285.9,280.6,275.2,269.7,263.8,257.9,251.9,245.7,239.4,279.9,274.4,309.1,300.9,253.1,247.2,218.4,187.1,180.7,174.4,168.5,163.0,157.7,152.8,148.3,144.1,139.9,135.8,131.7,127.4,123.1,118.7,114.2,109.7,105.1,100.7,96.3,92.2,88.3,84.6,81.2,78.0,75.1,72.4,70.0,67.6,65.4,63.3,61.3,59.3,57.4,55.5
WLD,World,,,,,,,,,,,,,,,,,,,,,,,,,,,,,,,93.6,93.3,92.7,90.8,89.6,87.8,86.0,84.0,82.3,79.3,76.7,74.1,71.5,68.6,66.2,63.3,60.6,58.0,55.8,54.0,51.7,50.6,47.8,46.1,44.9,43.7,42.4,41.3,40.2,39.5,38.7,38.2,38.2,36.7
UMC,Upper middle income,,,,,,,,,,,,,,,,,,,,,,,,,,,,,,,56.4,55.0,53.2,51.5,49.5,47.6,45.7,43.7,41.7,39.7,37.7,35.7,33.8,31.9,30.9,28.5,26.9,25.2,23.7,22.2,21.0,19.9,18.8,18.0,17.1,16.4,15.7,14.9,14.7,14.4,14.4,14.3,14.1,14.1
TSS,Sub-Saharan Africa (IDA & IBRD countries),,,,,,,,,,,,,,,,,,,,,,,,,,,,,,,179.072720324501,181.333868942814,180.281730619694,174.878230770996,174.290092540039,169.619988587999,166.856796061782,163.632339661585,161.704222204829,154.985863913322,150.152482373439,144.927681003911,139.2679307484,133.796050853985,128.833376644486,123.554313153647,118.02933050821,113.237383315723,108.571954175885,106.418446946362,101.276758239549,100.777287562948,94.8316064591369,91.4890316967177,90.2273211054321,87.8842546727837,85.6089390755277,83.8323958721893,79.5964778409789,77.4828020636637,74.4940703103752,72.6404343132429,72.453904070387,68.0522278916853
SSA,Sub-Saharan Africa (excluding high income),,,,,,,,,,,,,,,,,,,,,,,,,,,,,,,176.447891042241,179.531153935996,178.954647335024,173.600906677897,173.718606842793,169.288543242249,166.99757157922,164.188909288274,162.792637779645,156.003028331229,151.33560555344,146.232865486136,140.652145629924,135.257735000072,130.44961516123,125.260979011008,119.746817386236,115.004342403636,110.341389294869,108.409614073807,103.15613078891,102.99881267043,96.7960119763942,93.46128505557,92.4242641684834,90.2103165880284,88.0732149697114,86.4363411471018,82.0731045807972,80.0345865293556,76.9728567411896,75.129061866359,75.1130559432009,70.4039202889813
SSF,Sub-Saharan Africa,,,,,,,,,,,,,,,,,,,,,,,,,,,,,,,179.4,182.3,180.9,175.2,174.7,170.1,167.0,163.8,162.2,155.1,150.2,145.0,139.3,133.9,128.9,123.6,118.1,113.3,108.7,106.9,101.3,101.2,94.8,91.6,90.3,88.1,85.9,84.2,79.8,77.7,74.7,72.7,72.8,68.1
TSA,South Asia (IDA & IBRD),,,,,,,,,,,,,,,,,,,,,,,,,,,,,,,128.027813969098,124.040559320168,120.239382210711,116.437141417893,112.758473121109,109.101099590913,105.308735892857,101.515189906805,97.6425038141488,93.7448251603839,89.8081501951441,86.0073271615582,82.3592162586664,78.8637527489169,75.5926533564237,72.1169006577789,68.8329706045557,65.6838380865155,62.5267681885398,59.5971531835143,56.4536041648497,53.4218576561632,50.5638284719333,47.7864197009513,45.0885308864597,42.531766986147,40.1440105726384,37.8424311358607,35.6770686865372,33.6901085591463,31.926251134906,30.3151889907856,28.9935539750669,27.7817347409609
SAS,South Asia,,,,,,,,,,,,,,,,,,,,,,,,,,,,,,,130.5,126.6,122.9,119.4,115.8,112.2,108.5,104.7,101.0,97.2,93.4,89.7,86.2,83.0,79.9,76.7,73.8,70.9,68.1,65.4,62.6,59.9,57.1,54.5,52.0,49.5,47.1,44.9,42.8,40.9,39.2,37.6,36.1,34.8
SST,Small states,,,,,,,,,,,,,,,,,,,,,,,,,,,,,,,66.8780175412784,66.1776017595704,64.5798697849781,63.266233945977,62.6824908946006,62.6137974730623,61.5488178517666,60.767188365952,61.1180480799798,62.2177538505186,51.0787501052809,50.58168961772,49.8700491972126,48.954513821821,47.7311744565918,46.3912362931134,44.1119902193907,42.3753351423257,40.9892164849049,39.4762968600805,37.4529080628342,35.3662521898782,34.0311150740715,33.1625241488161,32.361030389094,31.3616045031844,30.3615620055208,29.7869905584425,28.9954579564054,28.8047820339537,28.024101946979,27.3102561632702,26.8197530676387,26.1448546234728
PRE,Pre-demographic dividend,,,,,,,,,,,,,,,,,,,,,,,,,,,,,,,185.594579385498,188.030816080599,186.181163762873,179.555963895883,175.492510279841,173.404254490749,170.351846760019,166.752439638897,164.907625115959,157.738094841238,152.634827794825,147.343194150044,141.7950378428,136.150344219548,131.16229590577,125.927088975753,120.306200538368,115.725664142237,111.387815357989,109.530849019998,104.335176348601,104.314671818331,98.0821090779782,94.7106965982042,93.6729922710777,91.4447975173302,89.3145785374778,87.6685256301086,83.2391487884827,81.1335736180373,77.9900139650475,76.0883671242726,76.0259889048072,71.1757086663576
PST,Post-demographic dividend,,,,,,,,,,,,,,,,,,,,,,,,,,,,,,,10.8131956749554,10.4249956189727,10.1992155674079,9.71115566586062,9.12597395716046,8.76229069754908,8.38029082433143,8.02839983823921,7.76150824459078,7.51920109088299,7.27398743333732,7.0709551475255,6.90442251418834,6.75510779986575,6.6214669374443,6.46866845764791,6.33313466999047,6.16154322798946,6.02082319291113,5.89085806326229,5.68055758930913,5.57376583964722,5.41171721691142,5.30921875683994,5.21045925875224,5.15106480420738,5.06113974228934,4.9743595835581,4.90619663886243,4.88177043514966,4.84978909831033,4.82822307605557,4.84399746031164,4.83396559578023
PSS,Pacific island small states,,,,,,,,,,,,,,,,,,,,,,,,,,,,,,,36.3783791951379,35.2355919408143,34.1281556984769,33.1343573594198,32.2320816544898,31.4394826639146,30.7198621720359,30.136357422689,29.5554620167703,29.0208235431352,28.5698027465668,28.1048832623573,27.9812163989577,27.4679501903137,27.3563676127369,27.227411373408,27.1379405144695,26.9658507786571,26.6061393770221,26.7348813307402,25.7017649937641,25.226561076019,24.6949019852471,24.3052677176318,23.9895804893013,23.854271950415,23.854527116504,23.9792482721131,24.1068133139471,24.4698372433787,24.2673314731435,24.1529912767645,23.8956098960658,23.5016798798031
OSS,Other small states,,,,,,,,,,,,,,,,,,,,,,,,,,,,,,,84.4948531708216,83.7556072208973,81.5911102227886,80.4870362991838,80.166820232308,81.0211391117738,79.7785792659033,79.0723822278799,79.9667157919108,82.0064357921688,64.9051871524608,64.4130549794921,63.188234196344,61.8430368790937,59.9894405245335,58.0961686636111,54.6699657577565,52.0847812902907,50.0591712443809,47.7414432934643,44.9066987405112,41.874074894448,40.073654025313,39.0270359462212,38.0400315146557,36.6458250782371,35.1508403003304,34.3612918416576,33.200197044335,32.7116130106463,31.82945015444,30.8066524524455,30.3131855764469,29.5328321926962
OED,OECD members,,,,,,,,,,,,,,,,,,,,,,,,,,,,,,,21.9138880170507,20.9791910608382,20.0619070924086,19.2708811437885,18.4416080127191,17.6161481533027,16.7124433810083,15.9010853554881,15.1439118169196,14.4252533375205,13.610905801029,13.0214689617916,12.4521044242308,11.8889052750879,11.4088433080417,10.9669688842918,10.4818818913591,10.0299851838932,9.64808091189657,9.35493812170976,8.97825790817981,8.72735095669509,8.45012581700029,8.23217523113183,7.99521631309348,7.77052864080908,7.53693892672428,7.35412265322484,7.2043277728835,7.07610157193998,6.94767575409873,6.79315993491412,6.70016666768964,6.89826215836792
INX,Not classified,,,,,,,,,,,,,,,,,,,,,,,,,,,,,,,,,,,,,,,,,,,,,,,,,,,,,,,,,,,,,,,,
NAC,North America,,,,,,,,,,,,,,,,,,,,,,,,,,,,,,,11.0,10.6,10.2,9.9,9.5,9.2,9.0,8.7,8.6,8.4,8.3,8.2,8.1,8.0,7.9,7.8,7.7,7.6,7.5,7.3,7.2,7.0,6.9,6.8,6.7,6.6,6.6,6.5,6.4,6.4,6.3,6.3,6.3,6.4
MIC,Middle income,,,,,,,,,,,,,,,,,,,,,,,,,,,,,,,94.3003623453196,94.1492481038745,92.6769678777449,90.8593332149412,89.0951149291997,87.1320179003623,85.0729865439609,82.8349178116677,80.513843143898,78.0052125242299,75.0661045436468,72.672244417232,69.8601511649658,67.1755725658577,64.6749048748092,61.6806268893681,59.0785963137536,56.5802351177482,54.4337779270822,51.9564746737733,50.0739493508109,47.9959831158266,45.7015007425993,44.2622253168115,42.4541617366817,41.3044028315685,39.6899000263075,38.3230335975135,37.8297632140371,36.8176066941466,36.4452767570601,35.7694452985888,35.0545709221716,34.2836220751397
TMN,"Middle East, North Africa, Afghanistan & Pakistan (IDA & IBRD)",,,,,,,,,,,,,,,,,,,,,,,,,,,,,,,102.243970150891,99.1671490937851,96.4986572786188,94.7454467870047,93.1594513795156,91.1872487642422,88.8983951971328,86.3919701508871,83.7261730615335,81.1996685416316,78.5576153378233,75.718336789158,73.2002144026021,70.9458780656375,68.4712722370917,66.1663064799874,64.220031039363,62.2286256812765,60.3478411505348,58.6781531430763,56.8943417518199,55.0866168619067,53.5568555402075,51.7634851198367,49.9043373667051,48.4504445285123,46.9334661543912,45.7381898418137,45.0347720324204,43.9893724512091,42.675317547486,41.6026525950837,40.3808128856023,39.2299842065779
MNA,"Middle East, North Africa, Afghanistan & Pakistan (excluding high income)",,,,,,,,,,,,,,,,,,,,,,,,,,,,,,,101.829294424139,98.745998019554,96.0692420988191,94.3056338669964,92.7101053781714,90.7308922850888,88.4414259822628,85.9400915167205,83.2802486157567,80.7650293231884,78.1355712931829,75.309214049504,72.8041156811614,70.5684072564898,68.1077904349611,65.8196012887768,63.8914223320177,61.9175255648537,60.0479749716699,58.385209802323,56.6049106157053,54.8072677645691,53.2878745629408,51.5040953191843,49.6755918154428,48.1970559238864,46.6829903667431,45.4927391015156,44.787789131083,43.745607626734,42.4403369537926,41.3728363978021,40.1584803153816,39.1207393207127
MEA,"Middle East, North Africa, Afghanistan & Pakistan",,,,,,,,,,,,,,,,,,,,,,,,,,,,,,,68.8,65.1,61.6,59.2,57.0,54.9,52.6,50.5,48.3,46.1,44.0,41.9,40.0,38.2,36.4,34.8,33.2,31.5,30.1,28.8,27.6,26.8,26.6,25.8,24.9,24.3,23.3,22.8,22.5,21.9,21.2,20.7,20.2,20.0
LMC,Lower middle income,,,,,,,,,,,,,,,,,,,,,,,,,,,,,,,127.9,125.0,122.3,119.7,117.1,114.4,111.7,108.6,105.5,102.0,98.5,94.9,91.3,88.0,84.8,81.7,78.8,75.8,73.5,70.4,68.0,65.4,63.0,60.8,58.7,56.8,54.8,53.0,51.3,49.5,47.9,46.3,44.9,43.5
LIC,Low income,,,,,,,,,,,,,,,,,,,,,,,,,,,,,,,184.1,188.6,185.8,175.7,174.5,168.5,164.5,160.5,159.8,150.4,145.1,139.5,133.9,127.0,122.3,117.1,111.2,106.3,101.7,101.7,95.0,97.2,88.6,84.9,84.6,82.5,80.2,79.0,73.5,71.6,68.2,66.8,68.5,62.3
LMY,Low & middle income,,,,,,,,,,,,,,,,,,,,,,,,,,,,,,,101.885856714789,102.711464083977,101.486131572399,99.0994149887402,97.653959599668,95.6501146461808,93.681192171232,91.4906078567599,89.5948683843082,86.4871528020845,83.3537241300808,80.7659903656144,77.7817637806851,74.7184999852497,72.112037750949,68.9933149190651,66.0744014688907,63.3677029817155,60.9689965628908,58.9240114275953,56.5374168941073,55.1885255383716,52.0255795253999,50.3758351724208,48.9270703507628,47.7820228392106,46.168926084062,45.0235971787309,43.9888307349401,43.0250943064954,42.423581992716,41.8169485693717,41.7305066227202,40.0195748267782
LDC,Least developed countries: UN classification,,,,,,,,,,,,,,,,,,,,,,,,,,,,,,,175.496805217997,176.169847065958,173.306573387779,165.877556576689,163.301938301772,157.499175355803,153.645802930945,149.401743954168,146.9313215106,139.588175224235,134.135711272675,128.649147708453,123.144608592191,117.778200995063,113.148216447529,108.318709424034,103.093580649131,98.6701359757366,95.6746140783152,93.0348545306708,88.5442667718816,88.1530388334268,81.6708201831334,78.0667835918844,76.8988166388199,74.540378597889,72.3018104842547,70.7883080127139,66.6454322867805,64.8826582427172,62.1953187574613,60.7534437636591,61.2181228146664,56.8975930422039
TLA,Latin America & the Caribbean (IDA & IBRD countries),,,,,,,,,,,,,,,,,,,,,,,,,,,,,,,55.4628619644041,53.0166689003932,50.5585721537531,48.1132742139505,45.712526436847,43.3952337696098,41.1684847547165,39.0204635931515,37.5398294696487,35.0619182115576,33.3128185360108,31.5954081242473,30.0672664869101,28.6582122902587,27.3609161515531,26.1193345077822,25.0503630192264,24.0193139770198,23.1020419822325,22.2912674853664,22.9895773975165,20.8211276224404,20.1674423781692,19.5609320419718,19.0412538912097,18.6138558297086,18.8140866203369,18.0739105521382,17.6445467609311,17.2717655972344,16.9926546368583,16.6031900461035,16.2789680507378,15.9445520792666
LAC,Latin America & Caribbean (excluding high income),,,,,,,,,,,,,,,,,,,,,,,,,,,,,,,57.7986585152478,55.2924306906298,52.7175675432756,50.1314137700147,47.5816453420865,45.1114648466139,42.7501323629839,40.4362159536456,38.894654086272,36.2698410211861,34.4579483354528,32.6638439258206,31.0402623563568,29.5579530177908,28.2090933615267,26.9299857240558,25.8251038751051,24.7435759301422,23.7513982690145,22.8682972774372,23.6388904894394,21.2635252332376,20.551197254331,19.8776788963509,19.2991043913734,18.7866774195873,18.7139426569586,17.906160521155,17.4732331858905,17.0996835251326,16.8138061827307,16.3943538550874,16.0691787427794,15.6898942523118
LCN,Latin America & Caribbean,,,,,,,,,,,,,,,,,,,,,,,,,,,,,,,54.8,52.4,50.0,47.6,45.3,43.0,40.8,38.6,37.2,34.7,33.0,31.3,29.8,28.4,27.1,25.9,24.8,23.8,22.9,22.1,22.8,20.6,20.0,19.4,18.9,18.5,18.6,17.9,17.5,17.2,16.9,16.5,16.2,15.9
LTE,Late-demographic dividend,,,,,,,,,,,,,,,,,,,,,,,,,,,,,,,50.5253951065989,49.1950808368069,47.9414921352291,46.4758465256318,44.7851711709952,43.9400885208091,42.0637633013612,40.1531843643427,38.1242558933776,36.0916783251304,34.0694613116789,31.8731770607642,29.6607096056,26.7556066949389,25.0715594618717,23.051708416539,21.4188479347562,19.9277032174553,18.5885373906122,17.5290943130428,16.3868011682878,15.4427953606332,14.5038376402574,13.7272853848982,12.9196831165913,12.3143307498104,11.6780030313796,10.9925622619796,10.672637883256,10.2763763894487,10.1339013614469,9.90668417309083,9.73220674574059,9.4859784770801
IDA,IDA total,,,,,,,,,,,,,,,,,,,,,,,,,,,,,,,160.922518176321,160.955336522499,158.924230426741,154.179952891968,152.235557118081,148.175320044004,145.125327330891,141.632664858522,139.193316112785,133.355761946725,128.803909691557,124.15499666603,119.377183072678,114.905075940129,111.022565773566,106.784879607431,102.477939505272,98.6503928836618,95.7499314117212,93.4078805771097,89.8433750279246,88.9407645578138,84.4894565148714,81.6745758322203,80.3705052925112,78.2836021922231,76.17991593048,74.4997004446798,71.011177848514,68.9776041241321,66.3357466652147,64.6201211425127,64.1325899199788,60.6170528832606
IDX,IDA only,,,,,,,,,,,,,,,,,,,,,,,,,,,,,,,164.642422661814,165.178549454779,162.477460704444,155.546043942552,153.132727173245,147.665501210069,144.100510524536,140.113640873139,137.963999537003,130.739526918161,125.624181641626,120.349640469593,115.135959912301,110.114689338399,105.983322259525,101.30504304896,96.4549905064235,92.2775784977311,89.4720132208394,87.2788474656007,83.0473767117755,82.8604671783453,77.1011682640027,73.9190415950669,73.0317383287766,70.9912432963722,68.9508557987329,67.6155643580904,63.6732626265598,61.9245629569127,59.3582947937948,58.0053633863497,58.5234041901834,54.3635599608315
IDB,IDA blend,,,,,,,,,,,,,,,,,,,,,,,,,,,,,,,153.971693802637,153.150982426006,152.388171175127,151.650293172956,150.568043091016,149.124099123724,147.028722106694,144.459360689812,141.477832973417,138.179780823417,134.63761489679,131.108432504087,127.107731110576,123.610545179798,120.202486165402,116.700891766804,113.246285090496,109.898686662496,106.633165495355,103.906264528104,101.385053645608,99.2417157911953,97.0798288407449,94.971311161675,93.0176558575129,91.0015533219505,89.0284317296687,86.8908530197627,84.4183971321308,82.0625248559149,79.4345414046837,77.0507361238951,74.722917964429,72.4719020408534
IBT,IDA & IBRD total,,,,,,,,,,,,,,,,,,,,,,,,,,,,,,,101.57119346278,102.444549806866,101.40879636334,99.2042221048222,97.7427277921124,95.522527011005,93.5652135019193,91.3845650857835,89.4436559827022,86.3788670946306,83.2290965604864,80.5944952396156,77.5624589487603,74.6255933197784,71.9539378114862,68.8181422718235,65.8531874856374,63.060179309257,60.5854455556797,58.4901827011642,56.1070231820617,54.7386248078599,51.604195579376,49.9504148311623,48.4806054314103,47.3196288645832,45.7388652587735,44.6310058952325,43.6088041519624,42.6769946929825,42.0617772545654,41.4434804618716,41.3276544381571,39.6437540607825
IBD,IBRD only,,,,,,,,,,,,,,,,,,,,,,,,,,,,,,,78.1333659131767,77.4930987683663,75.8744012004731,73.9826343287332,72.021272960424,69.9709367313859,67.8532867461257,65.6811078257976,63.3979918232736,61.1036925915897,58.5322047215757,56.4028596457419,53.9009079366966,51.4103072091506,49.2419620791188,46.3939091696564,43.9013621318675,41.470659618248,39.1083247025009,37.0030171697145,35.017502762277,33.1523174621998,31.0561826842535,29.5991364905853,27.7687328150593,26.6987633980579,25.3885714080714,24.0853639719097,23.6245113637381,22.7257287455719,22.3175179523418,21.7023360285189,21.1798339657549,20.6388486603556
HIC,High income,,,,,,,,,,,,,,,,,,,,,,,,,,,,,,,13.8,13.2,12.6,12.1,11.6,11.1,10.7,10.2,9.9,9.5,9.1,8.9,8.6,8.3,8.1,7.8,7.5,7.3,7.0,6.8,6.6,6.5,6.3,6.2,6.0,5.8,5.7,5.5,5.3,5.2,5.1,5.0,5.0,5.0
HPC,Heavily indebted poor countries (HIPC),,,,,,,,,,,,,,,,,,,,,,,,,,,,,,,180.948393658464,183.472105406707,180.59208585572,172.565111756206,172.247283105671,165.414342301162,161.857549117432,158.099821290606,154.145982385121,149.11166642975,143.728732504547,138.139769627909,132.359754868608,126.594291508693,121.643512915711,116.338089159486,110.637137059428,105.925798726819,101.502147465912,100.075561760659,95.0299763039765,94.858525363915,87.6126471181918,83.7564752958839,81.3111796950039,78.1246800876422,75.5266271769301,74.0869594915978,71.1796677309067,69.6321577323101,66.6593441456134,65.0250783507001,65.6539443164758,60.6306358101462
FCS,Fragile and conflict affected situations,,,,,,,,,,,,,,,,,,,,,,,,,,,,,,,166.241570979623,169.015013138603,167.574202722992,161.451413396687,157.773861640445,156.362820877151,153.660002473973,150.340330030105,149.06743174137,142.622579774315,138.514947475642,134.334316366471,129.718488488325,125.403727114631,121.717242045902,117.579404518515,112.752164884908,108.821132616601,106.207122898142,104.161079735103,99.936363727727,100.097268114621,94.1877590304822,91.2516365449847,90.7803225125518,88.9564118698097,87.2188683494708,85.9687569492882,81.6099060735654,79.5477378004779,76.3315506792895,74.6706926949679,75.1253024241945,70.2148505989691
EUU,European Union,,,,,,,,,,,,,,,,,,,,,,,,,,,,,,,12.1557183695738,11.5985882879652,11.0291657818068,10.4919592353327,9.95771254343541,9.34752488297698,8.81155239586955,8.31191812843516,7.89886446569892,7.51386908755356,7.17578189006891,6.84311415590022,6.60278609720749,6.37682553370284,6.14629281226691,5.91966384952874,5.64558131228965,5.41526519573861,5.24346995343925,5.07273071144606,4.85393328195472,4.69239420848632,4.54591970840894,4.4331206518707,4.35191309588673,4.27403585722876,4.19690896609236,4.09915791531379,4.02040734466299,3.92816638265249,3.89009021533782,3.85751417020609,3.84201617680966,3.83208528546125
TEC,Europe & Central Asia (IDA & IBRD countries),,,,,,,,,,,,,,,,,,,,,,,,,,,,,,,44.6415125705721,44.4367125869046,44.7880692215773,44.8459148028022,43.570139696678,42.7657120278473,40.997161154876,39.5389020442669,37.5977480378634,35.6773564101342,33.3708133003201,31.2806530425732,29.1951714275083,27.1723334249602,25.621451569493,24.0025432023471,22.4183278497739,20.8306994949373,19.3922729923465,18.1311733916769,17.1388731571761,16.2995671076106,15.3990121244614,14.7125065269309,13.9479188934901,13.2530529492905,12.5629090365441,12.1103689644426,11.7590789714469,11.4766644998218,11.1663375864793,10.9176137396449,10.7197647383808,11.1244023932449
ECA,Europe & Central Asia (excluding high income),,,,,,,,,,,,,,,,,,,,,,,,,,,,,,,59.6908034978193,58.5932618585757,58.2448656462039,57.4607183539831,55.8176765678818,54.4601348364146,52.0569227755643,50.0301556732713,47.5276297546772,45.0031820258998,42.2347166106348,39.6877608484677,37.1869439303368,34.7059659280971,32.6690280557921,30.5183021758022,28.4940811360722,26.6704762729066,24.923254601597,23.2888384087646,21.9239889864528,20.6135916018151,19.3598917498082,18.379582127113,17.4188764707781,16.6611988505429,15.9016536943935,15.3646071316195,14.9624229710688,14.614076940985,14.2552099801291,13.9270514438021,13.741755660204,14.4086584909035
ECS,Europe & Central Asia,,,,,,,,,,,,,,,,,,,,,,,,,,,,,,,30.9,30.3,30.0,29.6,28.7,27.9,26.5,25.2,24.0,22.6,21.1,19.8,18.7,17.5,16.6,15.6,14.7,13.9,13.1,12.4,11.7,11.2,10.8,10.4,10.0,9.5,9.1,8.8,8.5,8.3,8.1,7.9,7.8,8.0
EMU,Euro area,,,,,,,,,,,,,,,,,,,,,,,,,,,,,,,9.63020899925838,9.250767304324,8.78817434664001,8.29578631846948,7.79492211948371,7.32703785757239,6.90347663547005,6.54435710765397,6.28434574459606,6.03994058525305,5.8371216938316,5.60238418982732,5.42241153907876,5.22055945179618,5.02632367598719,4.84730645111584,4.67811797184125,4.54658514652088,4.43029485118835,4.32404842630318,4.18729950473044,4.10837710345733,4.00731462233005,3.95921641290143,3.91915189923291,3.8781830373011,3.85537672880127,3.78790020455288,3.76303222771113,3.71322903523293,3.69214156602834,3.68132476092013,3.65116431990209,3.63624973445424
TEA,East Asia & Pacific (IDA & IBRD countries),,,,,,,,,,,,,,,,,,,,,,,,,,,,,,,59.3452935355259,58.7912727975568,57.3934479426426,55.6917411902066,53.9292606060309,51.990607981995,50.062517353628,48.0564418321508,45.9983304582348,43.8484091870545,41.3497009217094,39.2731720291994,36.9502088133932,34.6965659297457,33.4730824280959,30.4433956540153,28.5715940773908,26.9039422032942,26.3157478193604,23.887921107915,22.6895130806467,21.5660335261795,20.19246245915,19.3584297572702,18.2720054187699,17.7225875386618,16.720319048011,15.9476192040995,15.977098169236,15.5149636388276,15.7946133586327,15.6897885817282,15.5730696733702,15.2744885122753
EAP,East Asia & Pacific (excluding high income),,,,,,,,,,,,,,,,,,,,,,,,,,,,,,,59.1479764026826,58.5798963670917,57.1969734697413,55.5148971025277,53.7676528516008,52.8010269324307,50.8938507184555,48.8949204050164,46.8488702649361,44.7012859913201,42.1700241934069,40.107060905198,37.768369973996,34.6941019703204,33.4772071006669,30.4770595356942,28.6214161460289,26.9672356787384,26.3692133432797,23.9545321340851,22.7548891028588,21.6273101413136,20.2500809485946,19.4101698585962,18.3190484789661,17.7645924769712,16.7641746379928,15.9838572602965,16.0082966794954,15.5441445749308,15.8188837466507,15.7174293855996,15.6090830096652,15.3215491186643
EAS,East Asia & Pacific,,,,,,,,,,,,,,,,,,,,,,,,,,,,,,,56.6,55.4,54.1,52.5,50.7,49.8,47.9,46.0,44.1,42.1,39.8,37.7,35.6,32.7,31.6,28.9,27.1,25.6,25.1,22.7,21.6,20.6,19.3,18.5,17.5,16.9,16.1,15.3,15.2,14.8,14.9,14.9,14.7,14.5
EAR,Early-demographic dividend,,,,,,,,,,,,,,,,,,,,,,,,,,,,,,,109.916666984765,106.653735904986,103.769607885863,100.794574281879,98.8849068066208,94.8670900498689,91.8733664357959,88.9084945518217,85.891384580402,82.6497969709358,79.5098751317811,76.399160308434,73.2580346049249,70.324721945552,67.8005132801125,64.5167642064792,61.7265535440152,59.0212456797311,56.8350026241873,53.8912726455869,51.6383479369962,48.9901497499113,46.8076017024983,44.6687099109601,42.5945060257876,40.7712823776093,39.0664505942191,37.491424860633,36.0998213330396,34.7934689128353,33.5541596066076,32.3530751490988,31.2933196619679,30.3431165282122
CEB,Central Europe and the Baltics,,,,,,,,,,,,,,,,,,,,,,,,,,,,,,,19.4293771096001,18.7074983533259,18.1566065435473,17.5919880848795,17.0557003197221,16.3775227849735,15.6164371727053,14.796878096629,13.9569806667862,13.1336159788059,12.3604961371145,11.7138720132393,11.2855104912999,10.9999607669708,10.5626999239132,10.0262533068436,9.35171271008207,8.69177418320709,8.2294307021227,7.77843580615297,7.32474427337723,6.95384740981372,6.62399998855631,6.29635388639724,6.03557451679247,5.80488075204549,5.53964868541419,5.2781467945889,5.04990897953384,4.83220556517213,4.75440826587489,4.69874700617673,4.73328413588299,4.71798130017612
CSS,Caribbean small states,,,,,,,,,,,,,,,,,,,,,,,,,,,,,,,38.7054729081232,37.6857421548409,36.6049663915692,35.7602385685885,34.9499088188535,34.1556169844226,33.3978424479639,32.6231307640628,31.9807095095195,31.0986743299806,30.2985157699443,29.509174300173,28.8314909129193,28.1397541644277,27.5674932445342,27.0261905414292,26.5733944702984,26.065766785802,25.6092857240167,25.1358555143449,24.7530973328907,24.3176771680924,23.8657001404592,23.4334927364982,22.9417671074449,22.44548307649,21.9639091634829,21.4202478142551,20.9095700557876,21.2262180267966,20.0355771372566,19.5769586996988,19.0191508376503,18.4313958447572
ARB,Arab World,,,,,,,,,,,,,,,,,,,,,,,,,,,,,,,85.3248385425828,93.3171012858922,89.4208187020821,75.3656845386938,73.233851450619,71.2672855155214,69.2049747569563,67.1435678298185,65.0431618421872,63.0460871564588,61.018014937713,59.0888425043178,57.2544022150715,55.4107081553799,55.3732423366141,53.593428943193,49.9992694004969,48.0431179632949,46.1816413629311,44.5280921640221,44.5478729826072,53.2587906290182,42.6674264130527,39.5127635612509,38.2799244975772,37.6067990424134,36.6614741024398,37.7385335476234,36.6148037072111,34.9550715309171,33.9629421038802,33.3627219946347,34.9880873365607,31.7791999547012
AFW,Africa Western and Central,,,,,,,,,,,,,,,,,,,,,,,,,,,,,,,198.027940634512,196.342627739967,194.792107004657,193.129834521809,191.19671138224,188.879551540936,186.140991973689,182.592866554921,178.520481509666,173.95117365404,168.986796798122,163.80018403463,158.362260265767,152.865686105041,147.443086516047,142.197619492904,137.302381740468,132.792490854853,128.627647084077,129.544755083035,121.712749065176,118.528957391726,115.80657294891,113.599170995479,112.215793657169,109.224144920449,107.036377451589,105.157187178854,102.260921384481,101.440052039004,97.0265476087927,95.1061739586136,95.4174092711161,88.7263351835126
AFE,Africa Eastern and Southern,,,,,,,,,,,,,,,,,,,,,,,,,,,,,,,166.007057510392,170.996447156052,170.236634624963,162.223584245923,162.495150153186,156.295820944702,153.48902900154,150.423176735311,149.910228348787,141.589705348872,136.670373865438,131.34246895388,125.45035255452,119.924103058101,115.2940473299,109.932128047785,103.889136904351,98.8359909874724,93.769255659709,89.1969130741823,85.9415134696025,87.3579037764883,78.9054217634591,74.7071109466787,73.5860883176291,71.8244382347921,69.6722063696027,68.2390218853462,63.3576972065096,60.6580783301841,58.9116528725575,57.1405061822291,56.6449066839014,53.8062516481712
