economy,Country,YR2000,YR2001,YR2002,YR2003,YR2004,YR2005,YR2006,YR2007,YR2008,YR2009,YR2010,YR2011,YR2012,YR2013,YR2014,YR2015,YR2016,YR2017,YR2018,YR2019,YR2020,YR2021,YR2022
ZWE,Zimbabwe,555.920693046092,540.270613966905,519.581800171555,477.200797479578,449.272021527134,479.190598403953,494.383766335302,472.966456400849,416.061487434695,417.993358333389,420.028576465643,444.80696274803,454.708020211244,462.865283072286,460.332017093667,453.579542968744,423.185508873165,416.196232814442,445.175095167118,412.165419523265,373.557246170741,405.518563648677,416.586875381392
ZMB,Zambia,595.567896345718,596.349927915799,603.817790407024,611.086621828071,611.62904243083,607.942409416347,604.442195262904,597.399634418715,616.785241364652,619.989950482658,629.082900793812,646.079173071802,662.330990673445,671.712530708792,682.741627698753,686.58901801905,683.714230135287,702.724841881756,726.480224274828,741.616894830948,759.022718469978,769.932818962888,800.674873527651
YEM,"Yemen, Rep.",241.884502378759,260.291246901483,244.765880104457,264.070554409773,279.891332102562,289.030753712905,299.542924935684,283.812949035491,289.811528650795,311.080562559356,291.861999994351,240.192428627502,210.827759194461,281.953182312038,259.815942651214,119.994093431265,83.3695325901369,71.9650301584181,93.9408794935562,92.6774709704908,77.587699828637,71.3420686631943,68.9495345137687
PSE,West Bank and Gaza,,,,,,,,,,,,,,,,,,,,,,,
VIR,Virgin Islands (U.S.),,,,,,,,,,,,,,,,,,,,,,,
VNM,Viet Nam,372.486738202477,393.081627304938,424.572449525025,441.331501223992,485.432705372372,509.245126631649,515.075042472671,544.673183366382,572.099542305108,615.142147070174,670.10802910064,663.574440140704,664.347312614103,674.678165107275,745.633531778112,679.445923972947,738.879533385899,757.479979941312,885.646841787765,987.27147244039,991.281232485165,962.199524881189,1023.0571362687
VEN,"Venezuela, RB",2391.36796026802,2188.40606705914,2648.88652521803,2432.12630470112,2305.02805179379,2371.58340737061,2375.23205873567,2391.58062016859,2346.77022538359,2234.25825126867,2621.33385247062,2309.22244633281,2309.91542806381,2529.69123843792,2174.61144769649,2090.86986204943,1901.6695815311,1798.71760054216,1384.67691686277,1396.90783852331,1104.64248743922,1317.36867421741,1478.06434305688
VUT,Vanuatu,,,,,145.835662652945,142.342000379579,143.56969845732,158.173502774815,,,,,,,,,,,,,,,
UZB,Uzbekistan,1866.70954311251,1863.69950730922,1907.69659032329,1823.5423217092,1780.21898584248,1662.08972765071,1695.1035686445,1634.47696212044,1656.55650065035,1488.61678124243,1592.96476589268,1603.22239464061,1387.65012211387,1350.32249660587,1240.29664862077,1165.60752398201,1209.61523440111,1253.44940769753,1272.07621933957,1285.18444128817,1351.37520056543,1465.19908492256,1381.80448771676
URY,Uruguay,948.595701266831,831.884484463778,772.008348325172,774.971327216851,884.970363414793,916.698612830821,990.488024294237,985.905732498087,1274.16949472415,1254.7362886566,1226.9840852731,1327.77878788273,1407.51757319789,1378.79092656473,1397.55777562001,1491.04897158511,1550.98299580242,1512.8381875657,1560.97897875852,1540.78251179675,1531.60055590501,1644.69693874435,1626.06034935571
USA,United States,8055.14548852416,7824.24393877407,7840.46095949898,7791.30391526846,7878.53717143427,7843.3910574627,7694.40657948116,7756.0141894981,7484.83268900712,7053.35846690965,7162.55933024159,7009.64607964907,6820.46062064875,6888.38143742637,6915.64165280321,6789.64733291075,6663.4963294418,6590.83509745633,6738.27272433986,6700.93033990565,6141.53125755889,6445.83409243358,6511.68841394546
GBR,United Kingdom,3786.40281086309,3785.6601241847,3716.62337347063,3764.06191688174,3697.50381825103,3689.55051742336,3601.05090812166,3443.58715993443,3370.1581117517,3144.00201324492,3235.05383786127,2973.83120573757,3028.77223348044,2962.29760006424,2767.96188412765,2774.79682774608,2696.97999020896,2658.99577329303,2632.15067210726,2515.97344619501,2317.4085386833,2377.26368887082,2254.36941582721
ARE,United Arab Emirates,8956.94929901911,11703.2751045514,10866.2518811768,10102.2168560285,9441.12715739602,9535.23423153349,9239.48012400956,8929.91291284475,9426.22252523971,9485.64696621464,8944.43348137498,8558.24529408267,8614.16881429917,8858.22242582428,9633.42212114175,10146.376786057,10355.5476088804,8521.13677246594,8482.30317231137,8816.50943614681,8154.35294132635,8674.22641438132,8335.80957162683
UKR,Ukraine,2700.10061007166,2730.9849933122,2786.00498673634,2914.06696251373,2957.98499344051,2964.77701596962,2866.6234732695,2961.88351682898,2875.89657843683,2453.43957426865,2848.78160077932,2732.88427034676,2650.99861590717,2517.91132267143,2298.60778628289,2027.641681734,2007.97794185628,1967.83535233788,2068.75608372619,1987.62473314258,1932.92182292303,2096.06217562326,1479.47224953939
UGA,Uganda,386.584595406427,386.092603822015,387.324648119083,388.389226414675,388.649807194251,392.296679300675,393.870894212368,396.66304999539,402.698980928732,414.792171517828,421.142950548341,429.271141094876,436.121048102054,449.382170398049,456.037640791645,470.560471935976,473.604213435105,468.55301936099,468.502676315592,455.421313903164,475.325187025973,483.425019132137,482.821621536668
TUV,Tuvalu,,,,,,,,,,,,,,,,,,,,,,,
TCA,Turks and Caicos Islands,,,,,,,,,,,,,,,,,,,,,,,
TKM,Turkmenistan,3247.66275154073,2700.90899180476,2214.7855014736,3005.38744315825,3714.90894763692,3554.4342564154,3604.33240214602,3507.2827649472,4237.18811987589,3648.03950949321,4077.8138474231,4315.10295190096,4232.43008359245,3952.26848549516,3758.60667175271,3722.78312991377,3589.90954802381,3558.31901850361,3427.90624399814,3465.56523671972,3395.82680039957,5128.82417624964,5625.64523686666
TUR,Turkiye,1166.01412005443,1060.57071953568,1107.27991011855,1159.99665803769,1176.75430160118,1211.46561646669,1328.69230138979,1429.92300570179,1385.17801532797,1364.09730379872,1445.41016354332,1515.88033612695,1567.31606123672,1510.79118967025,1543.09095693879,1646.83631130339,1724.54363987712,1828.02986770908,1771.33742856964,1774.19625722275,1762.01062220058,1894.62719281739,1841.55630679263
TUN,Tunisia,748.273831151715,781.40012180483,783.697921952401,797.158334635846,832.55467184916,810.836929733225,845.985604662777,865.764456490386,894.304160812003,859.962925384995,955.707047372167,902.903041115908,930.16863461378,935.797099690451,939.769133002953,952.983955126789,955.176493865808,973.953481456321,973.074341333009,950.614263724593,896.515593998175,964.474882954034,956.041118887201
TTO,Trinidad and Tobago,7575.58896313876,8336.82302254039,8990.73441697741,10077.8124597532,10262.1290415816,12423.5683148853,13820.6467519783,14651.4392568831,14167.2834575522,14193.29907855,15018.9097839263,14838.9882923701,14480.1691062996,14331.4985446827,14611.6182206133,14043.9759832685,12250.992693627,12330.86332127,12397.1007399961,12540.3004394116,10738.1172587056,11220.6527801603,11038.4068472239
TON,Tonga,,,,,542.490316071989,539.410055739039,536.455441258129,543.447707212863,,,,,,,,,,,,,,,
TGO,Togo,410.709755967091,399.0750456746,403.003921585395,414.930640834631,408.681044425446,405.977841108573,394.055905016925,397.655539665075,402.378522599678,475.809640060012,462.98057269746,453.365161767995,440.167543009316,416.704251255243,423.574336787573,400.729144636073,422.806732967677,403.914387052726,411.046357385599,414.030094273623,424.622212633086,422.533121281505,425.402321106605
TLS,Timor-Leste,,,,,62.4277506420371,61.1613700568695,60.4138656989526,60.7032219478967,,,,,,,,,,,,,,,
THA,Thailand,1153.04552225626,1174.20279195013,1286.14403684353,1379.29175743715,1477.38480877104,1508.58026062719,1525.12655757667,1569.87237319879,1596.82835450256,1578.76107269732,1718.62118368043,1704.82334080525,1818.19204308684,1943.92303978228,1926.22582617648,1932.67390968815,1985.00530928348,1988.13781529099,1951.8556356188,1989.81234226863,1884.35073727402,1848.06336093307,1867.46968312053
TZA,Tanzania,393.715575942908,397.137814048139,405.812432807315,410.864949106248,414.656007754261,426.1625033481,429.313725233187,419.165766354696,414.898580843046,414.932104149828,420.666337595531,432.748223094232,424.81151927742,432.006442053335,414.591294842767,419.719594250318,416.315699078634,406.2529829944,402.924862138835,414.545616952925,405.685641474926,404.468789265296,405.146314827946
TJK,Tajikistan,341.873767516371,330.976128229369,325.679885054417,325.581474313824,345.261040280781,337.915937288384,341.863711848015,358.427683199043,334.362637299147,284.651561490729,284.331249350809,278.854522985683,294.855655829726,288.394960596269,301.614964923042,318.698277378179,326.569218788739,328.781768931872,347.711461590981,370.778875737531,375.367379182413,367.769041949913,375.197095148471
SYR,Syrian Arab Republic,928.43318140297,929.373810570742,942.482652914674,924.928080979621,943.040677936742,1105.30501136572,1101.63821463784,1084.27313710466,1066.1371934826,977.72847382215,963.588419410325,904.135064400008,703.569051687656,559.338291333188,618.190560387965,560.58265085038,530.409473294403,596.403223195594,556.886951170305,553.834989219194,509.57367220202,492.146135843866,454.532086054546
CHE,Switzerland,3466.50613217002,3658.06649907658,3537.53750331779,3524.60535957512,3513.04226751483,3469.41664326823,3600.20599088199,3391.3409304186,3480.20255913467,3460.61144395548,3323.41218501892,3181.06687778874,3175.97090168674,3274.49948136129,3031.17447656808,2927.96015319396,2819.83095943189,2809.47945669194,2806.4991558403,2857.15819180217,2690.39023280182,2619.80556120156,2591.92141040481
SWE,Sweden,5375.75151158851,5701.68206771918,5826.34189342548,5676.54834518443,5872.97554411383,5711.64214196537,5532.76265714386,5464.45613719356,5383.76479707233,4891.39219246248,5443.32366800687,5281.40096330574,5295.92806615816,5178.9349383913,4997.87990362276,4573.58907986933,4858.89940544006,4926.81117539334,4966.26111814633,4781.87568337501,4284.99805555044,4558.74420693219,4323.66572139304
SUR,Suriname,1279.91009868174,1352.00051071083,963.414526111558,1004.17207760767,1086.0286292677,1231.36166250567,1174.71907397922,1117.32432132435,1176.34643873161,1163.89303819747,1351.36214118486,1676.95221892351,1411.63824385599,1713.83746780444,1785.94876899071,1577.31172890225,1728.65071732658,1613.95464252908,1523.99899313139,1730.83708121822,1688.41378493841,1698.95174083857,1738.82345454805
SDN,Sudan,486.895648884188,494.123605509951,517.547585761207,491.363979157765,481.357152467204,485.749820750348,508.243151523165,477.508307525311,472.804911242702,481.629873791934,444.591378410567,467.4243451203,390.663141094355,474.39791148882,475.661985814283,463.361659242171,448.456631655364,443.093596413321,435.149435651597,435.397595484311,422.22104307002,426.11403674166,411.780538179181
VCT,St. Vincent and the Grenadines,,,,,584.924890326583,595.820364606492,624.921884764404,627.628193058432,,,,,,,,,,,,,,,
MAF,St. Martin (French part),,,,,,,,,,,,,,,,,,,,,,,
LCA,St. Lucia,,,,,730.642539226371,743.427017225748,714.118543678251,763.003850785059,,,,,,,,,,,,,,,
KNA,St. Kitts and Nevis,,,,,1640.93706142718,1701.22962292999,1696.40748137173,1777.07360938637,,,,,,,,,,,,,,,
LKA,Sri Lanka,431.62116957475,410.71839857146,413.944440993586,435.190736130853,438.022357631525,445.253637299827,446.303743469172,451.932624363217,437.179899601695,441.000672616531,467.291270770327,472.004070198765,481.924833084376,456.565215233171,485.842992855467,501.472734960701,542.532333545075,514.191694784091,508.499276672792,523.423393496303,511.066363818929,527.11680981294,473.920825625094
ESP,Spain,2991.49306471374,3048.84384472463,3095.99686843763,3145.4023925367,3226.28942874321,3239.54436471806,3190.72627710892,3168.95970956596,3015.00798974738,2749.85548907362,2735.18257337486,2684.34318918947,2677.18038552382,2506.25540520067,2458.57177736167,2552.40125248088,2563.00704379932,2690.49733287835,2666.26079715432,2573.90442450746,2303.51311623486,2422.46704705393,2408.92811488939
SSD,South Sudan,,,,,,,,,,,,,59.2749172998602,60.5484890514934,62.1484252216993,76.3915617802014,70.8326893678568,69.9997248691173,76.5851681637923,75.7046918043061,72.108308743408,72.6949436429603,69.0433646121056
ZAF,South Africa,2269.37063464901,2180.26593384169,2072.05766349373,2300.85052603256,2478.00378605228,2374.43550245537,2397.99082240112,2576.78503956652,2738.08467369962,2735.00618529644,2518.44190314477,2536.41417638413,2394.39798705356,2341.17923180198,2438.67891656885,2257.19467617813,2311.76901865151,2283.45815447669,2184.87777550689,2231.91074710296,2037.46194166103,2124.62297436572,1938.30644693274
SOM,"Somalia, Fed. Rep.",,,,,,,,,,,,,,,,,,,,,,,
SLB,Solomon Islands,,,,,122.205342901871,120.062929535481,120.017738214868,127.960076456146,,,,,,,,,,,,,,,
SVN,Slovenia,3281.07859342385,3484.35932286801,3484.57090522828,3539.5091236842,3638.84380821082,3763.9044579396,3735.02431343807,3757.02712910831,3952.12209658593,3514.07527225462,3589.60869535534,3580.6936485935,3428.89786152681,3334.75901290152,3236.59020668788,3195.47512285174,3296.73500361863,3390.66281580197,3341.09971545865,3267.29671944784,3068.8193959428,3144.09351642077,3045.94458555582
SVK,Slovak Republic,3292.7785560313,3456.89028050906,3484.03108632161,3468.93628503339,3416.39866050427,3504.64376060296,3469.4496050741,3321.10691268197,3406.38372204535,3107.87988439735,3441.25647593511,3339.0873887237,3220.5055262121,3260.4443972295,3013.30293850524,3131.86282925931,3159.56804668402,3316.8259702586,3269.57251976129,3128.36337933814,3032.64269516845,3305.89912789281,3089.1457459111
SXM,Sint Maarten (Dutch part),,,,,,,,,,,,,,,,,,,,,,,
SGP,Singapore,4634.81368272521,5146.02323865296,5066.19603486754,6217.05880619521,7371.02793327917,4925.75757554205,5128.30865666219,4537.4171693226,4958.46248257993,5321.08304981114,4856.84920025022,4086.3260711538,4787.02308838074,5273.75292208676,4986.32779651842,5242.6504334371,5449.41985010808,5799.39529471808,5692.66564748734,5565.91519291042,5538.12371561154,5966.32763521289,5785.04367341681
SLE,Sierra Leone,,,,,,,,,,,,,,,,,,,,,,,
SYC,Seychelles,,,,,3103.97090027281,2751.69567211374,2872.34042553192,2410.82873707855,,,,,,,,,,,,,,,
SRB,Serbia,1801.4812028674,1965.15252074554,2097.94999221022,2211.04337201789,2418.7222777969,2152.46605224195,2293.67913246219,2241.56812781607,2292.38992431852,2073.56720979204,2145.49144722672,2241.32678165321,2023.83135868927,2082.01493164812,1861.59680519425,2080.59060078258,2165.83889288491,2224.78515305498,2200.40410311437,2201.72012144367,2291.6081874127,2355.24230805463,2440.9165854049
SEN,Senegal,240.56962512208,253.79128464664,249.886211773534,235.81440136714,247.017188309568,246.435668804505,241.589611245821,253.743519677808,259.2346121475,304.736226945897,313.396782040786,317.49118236804,302.418621518753,271.06546719919,284.845981855555,296.775621300382,287.042022425235,278.019674604295,274.379032674082,298.559525125339,280.607903309744,294.173427358174,315.965932815121
SAU,Saudi Arabia,6516.00755562211,6348.58935367071,6826.99573187577,6631.81585672969,6375.54473048108,6447.07190249029,6605.44101687621,6696.94747279399,6980.05897029755,7125.05300494705,7965.26121862505,7979.3799657336,7862.42354103658,7401.17130265584,7959.81351652344,7786.91651664863,7521.58911581712,7707.05632967392,7650.66372475004,7668.22165933444,7170.88694947248,7465.87573152761,7529.60103058863
STP,Sao Tome and Principe,,,,,240.956215719223,266.024907355279,265.639527161642,259.281084266352,,,,,,,,,,,,,,,
SMR,San Marino,,,,,,,,,,,,,,,,,,,,,,,
WSM,Samoa,,,,,300.672755289961,304.848698777396,303.661518627237,307.27988429323,,,,,,,,,,,,,,,
RWA,Rwanda,405.776823991798,406.223640037907,407.829159505775,396.494966802982,387.066145752688,352.136028277729,350.903344670586,347.627010114549,347.008912213796,350.122128007432,349.056987418247,350.444162856993,354.165609155772,354.886177609396,352.158641161359,350.169173195487,347.74298432412,352.157966903596,355.698420076335,357.419084978587,358.132557033915,365.508479917565,372.991402429343
RUS,Russian Federation,4224.98951887146,4287.90829493258,4289.43957286052,4461.83176005763,4494.50152836851,4541.20863501769,4689.15108443259,4710.47452096269,4822.38136319959,4529.20319928613,4853.36753031766,5004.23439250465,5056.08323400834,4896.95029768812,4894.4255206275,4785.19572494067,4917.54083897618,4999.07990773733,5259.90837585133,5065.14820867318,5044.85366917672,5681.39248037781,5601.08435085175
ROU,Romania,1615.33488235312,1666.72400767413,1755.33108643191,1841.57433869048,1807.04208024679,1808.18761844581,1881.71766548482,1900.48321448247,1925.09359481658,1707.81228256351,1724.69848692837,1771.70358553223,1736.57620479665,1590.19381302075,1579.40659793132,1598.69179785792,1604.62335040687,1693.37364201715,1717.11748022415,1705.25777604649,1669.6382293589,1787.09564245924,1655.23818974845
QAT,Qatar,16938.7214410402,17811.9127028494,19201.3018874398,18983.9448332386,21557.4750763638,20198.1689051663,20140.3428752631,18323.3464644697,15946.7278040391,15063.2666244935,16779.9216747321,16473.4269691009,21456.0669284592,20642.1423232651,17814.5431104326,16427.7565434994,15178.8562114172,16718.237047918,16139.7708310186,15760.736902246,14869.2501075493,17100.7506118977,16683.663609726
PRI,Puerto Rico (US),,,,,,,,,,,,,,,,,,,,,,,
PRT,Portugal,2390.18870122638,2391.32113737669,2477.60275830907,2400.86139844201,2463.10248808928,2519.13901861547,2390.46374599498,2402.51066519403,2337.4925314705,2304.1784841547,2222.62833547109,2164.03219875257,2039.16999711033,2055.58816601984,2035.41142547114,2121.0872664787,2111.0971132123,2209.9813508898,2140.97558921814,2115.18570481977,1957.30550192994,1943.29269675495,1949.86496103932
POL,Poland,2321.77643337011,2338.14293839845,2312.5947846893,2375.41153801546,2383.78041134423,2414.28237185953,2538.76112384258,2529.61907810596,2563.58518489618,2463.27043395388,2642.06881241023,2652.99080592091,2563.69089214526,2567.18208491979,2473.79770713362,2498.7740659386,2614.97160490538,2734.42727608835,2865.52683144763,2761.07246212926,2710.95606232103,2920.11352538648,2798.00774623397
PHL,Philippines,487.402779547692,454.033054960371,451.284468681461,442.568789118581,430.074923261744,434.470089148121,423.356012358413,425.625019287303,439.081886950045,420.717035027758,431.460692039266,428.32978664067,437.466406247307,443.26971934561,465.625886441589,499.070776259238,520.980850770081,544.47519980766,554.498283533215,551.866549795025,518.156775784154,530.987980701231,550.793803994865
PER,Peru,506.00792489422,483.098550714887,478.085367689992,464.580789404956,499.905030452941,525.129526193377,503.243223308839,531.658944578596,581.604189028885,583.138420968196,603.455432475802,688.059834224801,731.975608324875,698.053820478867,728.635674022974,743.011209215106,764.054757957891,762.042756190787,783.890205846973,798.439603977568,666.666363333809,775.134628731113,826.705646687846
PRY,Paraguay,756.712974544407,756.521131169345,740.239930868724,747.213467666312,745.141305382425,727.726114470464,742.137810783961,748.808732851018,795.13978096029,803.842403165747,845.813455856112,846.378069858717,838.725851852828,834.864412287503,859.864131506698,925.193411629783,1072.60628446376,1116.33946333541,1130.48367815286,1105.56253694542,1056.5406299527,1094.06594460795,1044.98506765929
PNG,Papua New Guinea,,,,,,,,,,,,,,,,,,,,,,,
PAN,Panama,790.919387331221,887.107864697881,790.860132882429,774.416697085516,755.9909322211,838.635936361115,874.56606978567,858.048128734239,806.672089232316,871.526813807763,948.304837724795,1037.63156478608,1052.69925949498,1002.33596439162,1035.01293838968,1024.97759926054,1045.76582937315,1035.95086028489,1026.38990550231,1162.83608429865,936.065449427601,1033.31759264066,1062.69925631817
PLW,Palau,,,,,,,,,,,,,,,,,,,,,,,
PAK,Pakistan,411.540523296893,407.952226836099,404.292241530291,412.793730478842,431.636644125398,436.021708116643,443.865350777373,457.166653731876,437.793091427855,433.232502017003,429.290150470498,422.806783066711,419.511994101923,421.547198130113,433.41831568369,437.113254936443,446.831497143007,456.017360937059,453.513978590289,431.515757251107,454.250317980901,465.029491365502,470.723496524025
OMN,Oman,3286.26599451763,3303.97268173668,3469.43506166397,3565.24432327227,3658.50755395167,4030.08185259047,6138.77344250291,6889.71721193841,5927.85053888478,5912.23573208102,6736.89412726066,7155.54208650969,6702.98586928623,6348.55461173282,6076.17706116413,6027.44597600521,5557.31259783447,5765.1904185145,5543.48208572922,5104.14096385215,5696.16549726549,5933.45046971652,5867.32005628854
NOR,Norway,5826.12232323722,5954.81911743802,5502.08929908871,5934.59079848361,6231.94030988748,6319.92545895993,6319.15452788829,5864.30044405949,6412.35151011432,6200.50244551882,6455.3166845378,5501.9559356258,5805.46758867551,6047.18057523381,5525.57603893844,4930.48137593923,5368.57647170474,5673.5093152418,5539.19011908654,5220.68866140147,5145.72221927617,5298.87662808584,4651.48670758657
MNP,Northern Mariana Islands,,,,,,,,,,,,,,,,,,,,,,,
MKD,North Macedonia,1316.52551296742,1266.25009844181,1251.05324515581,1379.16538502756,1362.18449664398,1453.50436062578,1486.59574899626,1550.39471481413,1540.69779663479,1437.83185635895,1475.24277459969,1619.7624762799,1549.52343072076,1441.72181001724,1404.88281081687,1387.97962391811,1408.22019004476,1438.49195928251,1370.12165061411,1503.51336885666,1388.54646388838,1455.08840227388,1476.13542564094
NGA,Nigeria,273.941085543675,282.894307915676,283.671578478059,296.749514531422,286.279211558707,305.401935366383,287.950796331134,281.716032327541,287.096394760191,260.354679698436,334.66956339927,376.069864552589,356.728094431268,350.973548654032,348.505844052068,319.580854421005,330.71892495147,316.089005663683,299.750041448841,330.325537947057,323.130893205101,334.28545037693,333.060729584941
NER,Niger,127.847880422107,127.088373451422,127.275972111665,128.262478581972,129.29994058651,126.031296295518,124.905224384617,125.874974531129,127.065414057313,129.776980682561,134.74599121352,112.879803532778,128.362752529408,154.81219945793,151.6969478462,148.786532469365,147.452096053348,143.831599652126,146.101584927786,148.122869205689,147.817388244639,151.688015717016,162.045865914287
NIC,Nicaragua,500.37663075991,498.485902704745,492.648077421619,505.003838995301,526.479860068169,527.958879566356,538.914055514578,540.292720975214,533.812640193905,523.407935260916,529.008203293034,531.362815684315,566.819598589113,576.474133611862,586.817955989046,611.876331871945,626.823007449197,632.373947264069,616.516996174416,616.151129278106,584.481071467124,600.815200012964,608.245546712747
NZL,New Zealand,4467.21138613373,4399.14687852578,4326.22295420317,4180.76991429149,4224.87567596318,4074.1485914825,4034.75821834113,4057.16268229104,4100.75606551399,4073.03697683547,4147.30616096111,4108.26383266428,4280.5653723436,4298.71533674262,4476.80712476497,4422.74264118048,4265.93839527509,4200.71262692085,4109.2206852685,4170.80496267642,3862.58510163497,3907.64776650523,3764.50781429311
NCL,New Caledonia,,,,,,,,,,,,,,,,,,,,,,,
NLD,Netherlands,4695.37009641521,4783.23806405221,4804.57738217673,4959.46581521204,4985.68017725458,4893.73296113648,4840.784340365,4812.3646510682,4755.09420293282,4665.86427744867,4978.86938849852,4611.91453819796,4599.20591866701,4488.60406405713,4215.35262065709,4298.59287050144,4352.44653138733,4365.20385335267,4251.16716726453,4129.40909477343,3975.37813564997,4057.79129205731,3570.12031994399
NPL,Nepal,330.352852506274,335.751960804757,334.357159841879,338.999985252938,339.548117309365,347.14074815228,343.770753341625,347.516715150324,356.984304444032,365.025112738645,373.442181313024,384.882490354394,368.950606819553,413.994708557044,431.030290984188,426.325523071049,458.265548485248,484.157515782647,504.622833977068,482.761158642892,524.601266425712,524.354689003349,519.950604103483
NRU,Nauru,,,,,,,,,,,,,,,,,,,,,,,
NAM,Namibia,576.480242315529,664.185360192128,601.673737595586,618.781304935462,659.442648516721,702.419346432109,693.015801871712,697.014469361577,758.358730645424,775.797259491324,653.126574566651,657.483471069973,667.49179496424,671.777544627526,691.051616995773,716.980313790667,759.461668268778,714.96952269735,733.192598513029,718.386643363248,678.332492787498,680.918008419653,692.461356441068
MMR,Myanmar,283.525751035703,274.124811979368,280.52424238022,301.406139026565,314.736266036282,312.774547278866,314.353500872765,323.443459380433,309.294197701747,290.572484432835,278.483453812986,279.998295569373,303.854962936024,317.028588736041,345.059457398655,353.406826920047,376.137198590416,429.211582722245,429.032316766838,426.034236342975,420.352655494399,404.314368791505,399.521185214539
MOZ,Mozambique,396.028040920619,407.145568802881,409.455047101302,421.130474837557,426.378945530351,424.491278226506,428.692521920125,338.466191317799,338.661664169014,358.879859852038,317.88123068391,370.87053828392,364.828669567004,380.582419725311,383.322635419103,385.146567058837,380.805586001126,371.739125451598,366.241452353018,359.75326082609,342.945651556548,353.107426981973,358.637694361749
MAR,Morocco,387.674326412744,405.385733553728,406.634838346005,399.736368353388,463.894860712269,484.797908832576,486.582730066603,495.471813588118,507.932323340328,504.85859762712,526.098528303577,559.353279063147,559.656539214197,554.322076671451,555.591040302721,563.603106638362,558.062023900473,577.582098917111,577.178572918036,614.502733565635,575.699296767116,616.051393306028,602.994477750907
MNE,Montenegro,,,,,,1662.81204949987,1841.6794367328,1828.43393355741,1965.21593409043,1555.00501749061,1820.45249352265,1811.21612476135,1701.46827930736,1574.55136957284,1532.34279533634,1599.59389155142,1552.23307233486,1625.4960826549,1679.55976366983,1737.5931990158,1625.86284952725,1730.51151191493,1674.12860283285
MNG,Mongolia,979.255585329484,971.406679479206,1025.68016205691,988.432178015211,1007.3108964645,1151.95461061015,1301.09928192751,1341.95620033788,1326.19423088287,1354.68916905218,1411.62669168414,1521.09353741373,1558.69025216769,1750.80216193822,1763.80524679078,1516.3411002122,1588.34126525003,1603.82155065689,1772.47014509365,2018.31091722035,1771.64405621298,1923.6542624985,1890.63113929262
MCO,Monaco,,,,,,,,,,,,,,,,,,,,,,,
MDA,Moldova,985.928952009192,1046.10154095215,1063.47434041597,1157.57082496873,1166.2119108417,1219.63334396967,1197.85781024639,1173.38914723484,1168.16512504218,1111.42197315364,1302.53378603286,1322.40704209495,1316.76859981901,1184.75017871064,1277.13936379874,1307.99462011084,1356.31269266323,1397.59909786185,1495.57314367291,1500.03948472062,1461.47443268889,1611.52792339614,1422.63575303914
FSM,"Micronesia, Fed. Sts.",,,,,,,,,,,,,,,,,,,,,,,
MEX,Mexico,1541.32297457171,1563.12708165755,1556.55451556538,1644.23440955963,1651.99432971724,1718.63669370638,1723.71763802356,1693.77880726541,1678.23287321257,1616.79369985205,1581.82622504404,1632.53833582198,1652.16322037583,1633.00512016612,1582.66666115179,1539.13826670827,1525.3837445098,1478.43896510686,1493.47882156246,1469.65350320528,1366.42722558757,1417.70559078908,1525.73516114419
MUS,Mauritius,851.243682124642,886.792161463512,873.221713167187,909.089564102277,919.838083699622,945.754720316685,1006.02062916824,1007.59469875165,1026.70709293057,999.514481044517,1050.75767175161,1053.55801429009,1066.25424955695,1085.5501957804,1104.47535515255,1136.14919149846,1135.89802652029,1156.15517897714,1142.14424076921,1163.15179238921,1025.83744169656,1072.42945671071,1095.73879704883
MRT,Mauritania,,,,,,,,,,,,,,,,,,,,,,,
MHL,Marshall Islands,,,,,559.942847212836,558.70226948715,577.011847976612,614.970692802921,,,,,,,,,,,,,,,
MLT,Malta,1731.67515154798,2001.30094235953,1851.86412884869,2071.44952722888,2066.57163915642,2101.87985022264,2095.17873042085,2131.22296210827,2153.74903793408,1953.4340878955,2022.68894914335,2002.2597001723,2102.78419805068,1822.11290174526,1793.37877402513,1448.8722651887,1311.66732595294,1451.209231349,1407.69637134225,1440.48279152041,1336.72896034906,1363.05571036865,1456.24524810948
MLI,Mali,,,,,,,,,,,,,,,,,,,,,,,
MDV,Maldives,,,,,829.42673341893,734.264707322088,917.632889492147,921.47719883259,,,,,,,,,,,,,,,
MYS,Malaysia,2102.39212549567,2135.7884053911,2154.46190610282,2254.16675979207,2371.20028657265,2515.14872740447,2472.12683283587,2584.76582554848,2678.81949826316,2483.79273364834,2529.59168934211,2591.22470848139,2587.43170352026,2869.7691156446,2879.92352228516,2706.92696275778,2759.17228283076,2617.76462271235,2839.45244829846,2878.2988852867,2722.6031659631,2793.49953523,2867.09651939173
MWI,Malawi,,,,,,,,,,,,,,,,,,,,,,,
MDG,Madagascar,255.709986506438,254.167832334244,235.904702374408,247.053924908213,250.245993304321,250.780807193194,250.834742473721,254.441517219544,259.197265939314,253.627612930936,255.486793083651,259.293314846996,265.242059456403,268.494073877684,271.281685784756,275.43076854299,293.322517988217,299.453710205685,292.820905838727,313.77500218938,301.748644745329,308.953475191696,308.672539601401
MAC,"Macao SAR, China",,,,,,,,,,,,,,,,,,,,,,,
LUX,Luxembourg,7682.15555208276,7986.41389470608,8205.47469644344,8553.03437986234,9381.20382071321,9429.92465262134,9172.05598332149,8779.506079749,8625.43333557115,7958.76292955031,8335.83500727028,8062.97911929005,7723.78432331196,7320.72167920662,6878.68145180459,6548.75962101678,6342.68337961913,6313.35371226953,6414.36478270833,6376.86696643123,5435.81570647944,5631.08725670864,4862.94740833352
LTU,Lithuania,2040.58088590544,2388.28142241839,2578.77097536015,2714.29508589632,2784.89403569789,2668.04972447817,2669.90395839998,2927.72851407517,2978.8832571652,2771.81869908328,2276.51776090125,2412.97760145453,2468.16458396119,2352.91337348691,2376.27537817697,2420.60555053468,2504.98383829705,2653.39984329273,2711.1618678975,2707.60764686504,2674.06840356432,2774.31979458134,2453.93993260259
LIE,Liechtenstein,,,,,,,,,,,,,,,,,,,,,,,
LBY,Libya,2976.83650740397,3074.78058753118,3089.63282765671,3033.31081378459,3051.03345536709,3114.98564274947,2733.38300724871,2363.56247489929,2578.95942858435,2784.55454632999,3131.50608317262,2631.72794552167,3101.47681342856,2747.59073791604,3550.5742819662,3230.9775723301,3118.86767779323,3485.70959421231,3055.56390358683,3413.9338523206,1687.13966145733,2368.63038927902,2539.19813836223
LBR,Liberia,,,,,,,,,,,,,,,,,,,,,,,
LSO,Lesotho,,,,,14.2050571017929,16.8964238974827,9.76832112893001,9.72728780689593,,,,,,,,,,,,,,,
LBN,Lebanon,1136.87014459546,1199.71023584992,1175.25346522376,1157.2988164132,1149.06001925911,1079.47193036728,985.785471251008,823.875004803328,1061.37912293521,1336.59416990092,1272.70442631431,1257.01533623898,1383.47674048903,1238.32383382097,1192.55300583176,1284.15018153506,1356.17702319106,1475.80821027467,1431.81356091147,1486.47574871806,1249.32146308929,972.806350423412,617.482998993413
LVA,Latvia,1618.63984186997,1759.37012358937,1763.47087642626,1890.17674853578,1961.33307330101,2022.79776925294,2114.39349147162,2179.77647892811,2106.6010583897,2056.15424051112,2149.36312781374,2066.71476050433,2171.07870823934,2156.58828450936,2177.02968269444,2155.8522069549,2172.43884661611,2265.21693915892,2403.49981780927,2343.51581884881,2251.38250119088,2375.51850702838,2256.11904538867
LAO,Lao PDR,296.828433223862,305.203788340763,308.964836465676,314.0195746722,319.062906873054,324.856817488689,349.385020841441,377.457251010717,406.727596705488,420.269670847966,425.369477265063,424.226591651912,430.517609314187,446.093067662227,458.192519798491,602.339548780014,754.130255846522,811.84123029479,805.88201068311,782.690308446395,701.728790627854,727.414717441626,815.086540442856
KGZ,Kyrgyz Republic,473.380207144503,435.881289136656,485.300857386353,511.249605075318,497.875476414423,498.539409578874,485.424849059713,560.621207010433,593.947817714401,535.174330847579,503.615577108919,596.801790099001,731.356416357898,674.45237437711,691.53854362528,659.12770366868,624.353480068472,609.705598460026,707.081191051891,609.881986975567,562.289152674562,595.833222359916,645.014246171812
KWT,Kuwait,9493.79658571526,9860.50598409608,9710.55321576442,10159.9001917272,10969.8036910729,12017.9810258331,10451.2180900059,9522.59021417333,10648.7276277184,10529.4946836104,11311.9365859367,10504.8801729128,10424.3416746399,9775.19621173225,8681.35167846512,9731.54449633626,9684.89135568875,9526.71485045218,9772.0088330557,8352.78024104055,8871.9407246336,8570.59391176127,9129.59798629005
XKX,Kosovo,856.943688546918,1044.87065723301,1035.03652986506,1091.49742065686,1099.83250794257,1070.06721463477,1084.46350103884,1131.46798118969,1230.09754239368,1356.38701251086,1394.78002150113,1410.72541685059,1310.3856620955,1296.69455079673,1219.31522053323,,,,,,,,
KOR,"Korea, Rep.",3952.36285253717,3923.08094343002,4093.47640135718,4137.64649746404,4255.20021526328,4324.50929706891,4337.55103463972,4487.98132629667,4512.96932152779,4557.69756825002,4920.34159542887,5114.96282558864,5122.94213308196,5108.23633855207,5136.98533019492,5239.00345362778,5390.84042635905,5467.82224967457,5531.77957372505,5334.67385872126,5195.91011087811,5513.62830573477,5411.97477731382
PRK,"Korea, Dem. People's Rep.",833.135926035272,855.308188837363,817.139377772628,831.404593215752,845.078255840803,874.547570755458,878.701770260996,742.749190277876,814.468872858035,778.335567143127,752.365886787198,563.185425780586,549.906642052429,439.807523596631,471.17031915804,372.798087935995,409.40016933224,768.533125595482,700.51333125908,763.672802269615,726.927801005035,619.354172479083,640.514278027031
KIR,Kiribati,,,,,83.2596138835406,81.6035089508849,99.9830028895088,107.771289728416,,,,,,,,,,,,,,,
KEN,Kenya,460.259557885245,452.428455522956,445.351766080328,435.103052843273,449.67502007767,453.624918249435,459.858505198544,456.223752941816,456.15344235827,470.588388726011,469.595821222952,472.715162690229,462.749845582612,471.435474475568,497.485664126512,530.458901047223,533.407778503543,538.606903918261,546.495296692888,543.883187157453,534.753957479746,539.778643234306,541.12804988998
KAZ,Kazakhstan,2301.832950293,2217.57862083109,2538.1420196136,2737.29872977182,3204.58811216281,3186.46182049893,3763.63490829315,4065.37338873297,4253.35380920843,3819.51468551316,4105.7018942109,4532.00308919896,4270.24340373999,4645.78037421422,3698.18319229425,3050.9438545054,3389.09731833891,3404.26707460291,3814.13873379292,3753.15793323889,3388.38789091494,3540.40029844449,3506.54555005386
JOR,Jordan,903.243088042685,876.037093986667,900.964957727455,900.985989582586,1057.17652422962,1107.30679497061,1066.3573147471,1055.84777945071,1011.34553533121,1044.29967184826,973.413219547318,944.486189633114,1034.50305837685,966.849898090231,930.16049745624,903.433667037898,887.616759444148,917.041568368822,869.212005052558,811.583012032737,754.943831707803,725.458661893959,754.305503117865
JPN,Japan,4067.03534426909,3990.10602386433,3992.91998129661,3956.90048891144,4085.4919552124,4066.44200433533,4064.36044717698,4020.80546615948,3867.13557310575,3709.02326188514,3900.21212768124,3620.18019068219,3536.70253450885,3567.33780517627,3445.81632921551,3400.59271053608,3370.8877963853,3391.05041453219,3343.05412833973,3261.62024942915,3046.85480668859,3196.03970960845,3129.65861717499
JAM,Jamaica,1339.1099922275,1357.36284604569,1290.94473517758,1339.31816349938,1338.63104342676,1303.21146887141,1470.67499756086,1479.15825671767,1177.37176764598,943.351386149021,875.100676933436,923.899986298869,888.692854734165,930.085040039502,902.848499036495,903.435894725802,998.797053907958,919.667703413837,1031.75337490372,1075.71855431766,795.43607562422,880.70616769668,968.879419803617
ITA,Italy,3012.48356350836,3020.75373063924,3035.91851152815,3164.10814422149,3162.43494730256,3204.1351997897,3162.24131154867,3132.89653716264,3067.89962633863,2848.10100531328,2904.35856014464,2798.23628262725,2680.46208450702,2576.45615324387,2433.16257781775,2533.02354460955,2511.46353090755,2557.32535513975,2503.3498604998,2494.02659804115,2313.10006204514,2531.08698798735,2411.65172417311
ISR,Israel,2899.21092060716,2973.01751340231,2862.54444096904,2949.36140375621,2822.35591418715,2661.980099421,2883.01357713219,2899.35253797653,3130.72173959461,2874.86147474045,3043.56517574048,2981.37242150116,2968.58833913788,2662.60942480489,2528.01855666417,2607.84399987972,2569.21718310487,2481.51602271413,2490.06554012289,2407.97500275888,2453.62703150387,2432.5509270456,2501.42064264807
IMN,Isle of Man,,,,,,,,,,,,,,,,,,,,,,,
IRL,Ireland,3627.38542635217,3714.01794514649,3663.16912074715,3515.79431954715,3558.69801147061,3513.15701936975,3433.690849782,3407.88558886571,3311.73521178354,3173.7335600355,3149.89842034979,2875.40675480961,2858.91735604826,2802.60964399377,2726.60528005402,2825.9812059763,2932.30415263032,2854.85820468032,2820.44138030583,2747.90158131447,2633.97691248454,2689.36333693732,2600.15740643769
IRQ,Iraq,1090.52205809652,1183.92315753963,1092.98165469695,939.517629598492,980.249444124443,949.253481740859,916.179043545813,909.133658720632,962.301839872785,995.7798442565,1064.17152061051,1125.37331940921,1190.03229059907,1175.83271780348,1082.71904877674,998.349545341439,1076.62803028259,1185.88106304283,1287.12364484767,1319.43951211192,1143.12626352051,1275.01138784403,1411.58869867393
IRN,"Iran, Islamic Rep.",1852.22331549631,1978.79412795832,2029.89444244191,2074.56132136016,2214.59322138687,2404.02751143882,2459.04565215879,2559.87450273493,2710.16359978519,2671.57890823769,2639.09104238657,2658.13529591614,2740.3010468402,2758.13748400425,2883.07105746991,2736.74412885975,2860.59701763688,3028.21640684666,2911.05556416118,3188.80398470773,3252.6054710927,3336.19069126419,3266.12248660454
IDN,Indonesia,585.786495774263,591.12494475388,606.322305750967,597.275615070065,634.752388297531,637.329758271386,643.624656628862,628.600516176574,632.507070175417,674.894542379565,669.112078931141,664.807893671477,680.546536439194,696.192807739943,704.653772045539,698.660737586188,718.57953489745,755.351304203294,826.038659966956,844.870039441295,848.436766186593,896.813534898965,953.65392850686
IND,India,394.916803104241,393.38088619861,397.344252941148,399.699897139001,415.47995649887,425.369642526643,441.785886693878,461.201738250187,481.553027437162,509.446000134302,531.86706609011,546.675890208969,572.133085479526,577.254621645988,610.165371779455,622.339883988149,627.273531026365,648.014718317903,668.303370218852,666.977347524506,632.239828540427,676.814293488143,727.902200094024
ISL,Iceland,11404.9435876155,10925.4513900466,11168.371424924,11092.6178434139,10892.7840096937,10877.230192953,13184.4771597611,15188.3777309195,17341.072624835,17936.5957485126,17024.5130942471,18161.5241113303,17633.6482755645,18212.7336453087,17947.0382271585,16910.7212326475,15701.4730096728,16234.9829641811,17346.7502731224,16700.5920009676,16083.6099695089,15779.653070706,15806.7848368996
HUN,Hungary,2448.35399628198,2512.91908128888,2520.39755573852,2580.49625909654,2579.6047628527,2781.00595449852,2760.46242793694,2709.84388699596,2676.90840527171,2548.81278026798,2651.34338122621,2600.71787062735,2490.18578889625,2420.16949827793,2423.51498608604,2571.15090547951,2613.09354239281,2737.45332524366,2738.8272901507,2749.24131881139,2713.17923384455,2850.7057950255,2672.86765529203
HKG,"Hong Kong SAR, China",2121.26333389026,2078.72020108504,1934.25829611026,2027.39386284231,1823.00666629868,1864.70663999897,1899.44680195877,2045.97032642374,1985.30653602798,2043.27170232303,1922.62411959812,2037.95845611292,1944.99681879757,1907.46340816256,1904.11999210825,2030.16882885741,2081.70251975178,1868.11658156736,1916.57759637005,1876.91855569536,1655.13405911583,1671.63130147382,1566.39613487602
HND,Honduras,456.244812117242,478.946954835196,488.702609745866,517.349761686349,546.865600910087,529.297368453255,563.815954585841,589.594179013274,585.573728824361,565.847197127184,561.818507536758,607.415805872968,611.212692944522,613.620494738777,604.093043217727,659.394073401803,616.39140542774,537.592382183152,565.077916293092,583.591911432311,544.573855679284,569.966470568883,573.344445082903
HTI,Haiti,367.668711281342,354.939290686259,361.247287034171,356.879162298398,357.794531363988,363.221446517241,367.726653817866,369.82614447503,368.507033755957,377.427344980307,388.995522336097,402.476697495403,408.922012927348,415.229471165857,400.493565620537,400.138818358845,408.56544100745,410.595545177212,419.506914918994,409.8045053234,398.394138508433,406.126296523889,377.526060418635
GUY,Guyana,,,,,628.2642854707,650.533437418683,658.791039387799,660.623284856797,,,,,,,,,,,,,,,
GNB,Guinea-Bissau,,,,,63.7243315058282,62.9711526978072,63.5906233506182,65.4727199297581,,,,,,,,,,,,,,,
GIN,Guinea,,,,,,,,,,,,,,,,,,,,,,,
GTM,Guatemala,615.959274265347,617.59711543474,691.770542221836,690.150548663056,695.803562778047,696.528906315535,686.763346928881,720.41253856336,686.736367338845,721.327289373788,714.074532356674,714.303324282615,734.084473337375,738.982674301733,756.287525577607,787.263517462421,833.55203066865,817.676720672477,833.831068721414,851.576981433866,823.751784803862,924.210448799794,887.8389253262
GUM,Guam,,,,,,,,,,,,,,,,,,,,,,,
GRD,Grenada,,,,,676.893242958938,719.922722219184,735.461025105552,732.885760301117,,,,,,,,,,,,,,,
GRL,Greenland,,,,,,,,,,,,,,,,,,,,,,,
GRC,Greece,2512.02003858494,2583.56128087388,2603.6056227148,2672.75982215817,2717.47100440097,2758.67496021751,2748.70086926019,2737.50471822283,2749.77926334315,2654.84323438585,2487.52918925294,2413.16129816794,2408.75576544664,2133.12835852595,2128.79231677777,2148.04707916151,2109.41656684289,2148.0515638287,2089.36044213673,2058.5433840771,1839.48818892263,1924.00171997177,1957.79872050503
GIB,Gibraltar,4613.31422552377,4697.98487780164,4773.31348870741,4768.63933812775,5086.34044184976,5143.33995412235,5304.09958990312,5195.45146733217,5220.16464960047,5548.24845035493,5535.46461653978,5303.4954304843,5366.18399616438,5613.1402126548,5915.64502450763,6357.37503902618,6576.81314975242,6890.92556192057,7190.5950344648,7476.80384692666,6822.75357269776,6723.81850183662,6522.23499259331
GHA,Ghana,322.127334642966,313.165728366048,303.745365125789,281.217826361178,270.192103863779,261.893368449293,275.072843065691,264.071017059123,275.17472403187,274.01988137685,296.099589771501,303.487492260089,329.325111415578,323.671149524462,321.354700935333,329.310413380585,327.900376302991,321.689981223707,350.473174277428,354.248843433875,367.161102921615,361.944978890071,359.179379052306
DEU,Germany,4094.27901518469,4210.00080103251,4108.61729515583,4096.47794323132,4131.61083697,4109.8805864045,4235.93876578004,4023.73935857078,4081.87998694017,3821.62500577239,4029.83085754355,3891.87175356307,3913.43920397127,3986.18505186393,3794.44720253102,3780.85027551891,3765.21799936242,3763.19404182465,3659.22924485198,3570.88159282488,3349.19931383762,3467.03057027911,3261.8564081995
GEO,Georgia,703.790688330461,640.36762423724,639.469430603328,684.636577306364,708.052613597414,727.945648077707,781.34402083108,865.688124609239,780.788490925027,811.604883767971,824.605083052625,943.642090063012,993.847722414941,1118.86616651538,1193.781897604,1259.15997860484,1300.49894445527,1312.78610346067,1301.87728809329,1371.17934672286,1327.38644455455,1425.96785615054,1543.58379982411
GMB,"Gambia, The",,,,,66.6127185884025,64.7856046386493,66.4616460917346,75.3210773292618,,,,,,,,,,,,,,,
GAB,Gabon,1153.06155311667,1205.62017172291,1417.03968600606,1621.16641537009,1829.65618455084,2074.20458463989,2263.43017323991,2419.6346592973,2578.18479820338,2728.50138573496,2957.4674143756,2295.78142116486,1955.40804605842,2771.53824040148,2602.65376634085,2550.96047927478,2489.24179859903,2263.59335681829,2294.91220106774,2205.67182377894,2140.11585242125,2101.49682483071,2096.2456480631
PYF,French Polynesia,,,,,,,,,,,,,,,,,,,,,,,
FRA,France,4130.17270058081,4240.43326978854,4220.32024855816,4296.5464931216,4327.20397302417,4313.6963002429,4214.29234630039,4142.17819118209,4137.71989985562,3938.38637955439,4040.43918739374,3951.00450412595,3929.20601557226,3925.86545930191,3755.83244171123,3799.19260526718,3718.17053401513,3705.41111644137,3669.37065950443,3605.53190025511,3228.48915727036,3469.83398574773,3100.1897815932
FIN,Finland,6257.21912070832,6405.85272256556,6722.82613567459,7072.1791412038,7128.99567069435,6555.77647291287,7106.70978937984,6968.91134494832,6654.45363101075,6255.05051638905,6812.6019950935,6522.93869318769,6265.77228948066,6138.31405576065,6246.04153603753,5921.59681653244,6120.63301519281,6070.15750826277,6165.44402350648,6024.65366583164,5739.2544528356,5996.8929932427,5683.95102157914
FJI,Fiji,,,,,761.694759402813,655.047320935788,627.8324058111,583.628117509735,,,,,,,,,,,,,,,
FRO,Faroe Islands,,,,,,,,,,,,,,,,,,,,,,,
ETH,Ethiopia,363.603550531224,366.971780860921,366.758089028477,367.63116772625,367.777166433932,365.389330954915,366.046138985671,367.675946638422,368.664919304241,368.511855785931,368.354746710272,371.365873516346,371.835988806056,376.060890534794,380.177588735816,380.062892430497,383.623509864643,382.08010457893,384.725728343228,386.237241195762,380.656754967252,373.902183810576,377.921752731092
SWZ,Eswatini,913.698267523096,896.447007609265,895.040020351145,877.574503283173,855.867486067816,858.521707685069,900.421781084863,902.867073860652,888.920326582466,995.276783530389,835.944523913655,1001.76421858039,995.751763389746,1022.77677200785,1005.34809850195,1046.30784939115,1035.35273669945,996.714704846792,989.952755531414,1023.13885273742,991.485746872995,951.152984722388,958.916943750887
EST,Estonia,3377.645508595,3589.37747318315,3375.56515275032,3680.05850823958,3952.3382123667,4015.42832630309,4006.73962643142,4690.13970340714,4142.50947696917,3360.6644887123,4419.42268300424,4311.6949178562,3984.06344804238,4435.56686367547,4226.20121103955,3695.11919135189,4579.42111654538,4444.84667060588,4282.71513259126,3661.49925395092,3368.23730668515,3427.29968051085,3559.04893160478
ERI,Eritrea,315.395535029609,322.668541220259,299.832707809687,330.949471726041,268.667667611852,264.190146723474,245.383387133755,244.433724354807,239.25916399818,244.677921933455,248.894956494924,258.760972689353,262.063036384126,260.936166552643,265.941391175018,271.621174865657,277.263825443909,278.046653683449,282.970999568768,285.072046929144,284.944148661073,286.998662898016,289.547794683649
GNQ,Equatorial Guinea,342.94581014711,346.083765897848,450.928237072084,453.514851450604,1539.1056670147,1455.03413482451,1362.7589016065,1453.90111971209,1403.26066049911,1375.88349844257,1352.16483458066,1451.36432822459,1434.92228201116,1674.89731821487,1480.61701335792,1329.54186375437,1510.32394648061,1291.24482554605,1409.34005936781,1273.74315217578,1121.3790829434,1300.88396062046,1283.9351679017
SLV,El Salvador,537.110967454389,568.00569056859,582.453658736363,622.386657178414,627.60446428589,643.90315216252,686.957827636037,694.537311720365,702.300695812568,689.42246753204,697.036927315506,692.505312990967,701.457404594185,660.094150213557,649.043175650273,674.353996656659,686.997805008996,674.665441622059,694.567755248769,734.803208380046,669.910725026867,722.148396888114,768.683429492147
EGY,"Egypt, Arab Rep.",569.881356092312,634.095104088458,636.526193894253,647.53985335306,692.141360028845,778.769640304157,806.402489163819,844.384421346476,859.150259001023,862.435116243687,838.166707475228,860.053119855617,866.240866672303,825.189960336054,832.772090858109,810.817127279737,872.581407763809,897.218073562482,870.813573488394,844.783013447093,805.259456646637,857.821938469275,902.48842991302
ECU,Ecuador,638.756054226183,668.563680952542,709.305743944436,770.215737177298,785.591926855098,837.891418715488,811.02739152362,875.476008346416,762.824711258849,830.344069134027,867.465226710609,891.346717905666,872.14170563726,911.670139950059,983.236124319332,936.659126017204,885.602158222866,897.948107586853,869.583266013291,903.972772011095,785.425200484029,886.141180629787,904.739923624519
DOM,Dominican Republic,856.256386147598,819.653073657806,882.200793773631,783.89236996528,749.386905892802,772.037711488806,792.6097043369,812.279711429867,772.574772036856,743.587387722268,773.404254862996,780.082749539865,791.42994660033,762.355920346053,745.786212900828,797.923170664734,842.638249219176,824.396571608205,860.8644315883,938.583494670767,842.611820450654,939.195582252068,950.470105292014
DMA,Dominica,,,,,568.107328584539,596.502458754037,610.41188268465,624.573329266344,,,,,,,,,,,,,,,
DJI,Djibouti,,,,,160.992780744779,165.640450589692,167.102144983897,163.51677705002,,,,,,,,,,,,,,,
DNK,Denmark,3491.17168608231,3586.44822949877,3536.23974586372,3729.38314390985,3598.35312921664,3484.59359006274,3729.69717999863,3626.53224599977,3502.69455323849,3359.26672454922,3498.02225565498,3218.55317400981,3072.08722081193,3075.55142847176,2881.05250715935,2847.9879109495,2891.02688317679,2896.57067618882,2870.41628591658,2757.24986480703,2637.04300572344,2756.12264765988,2580.54319180783
CZE,Czechia,4021.61848184496,4141.00267465915,4201.38475973945,4387.20916861071,4486.66998957412,4431.36895897075,4519.45697588637,4485.47979116894,4360.02770432797,4077.69663054804,4308.57118358445,4144.39895277279,4109.54462324211,4110.99172821634,3984.15406100189,3982.18836315647,3927.72515918366,4089.51341285553,4081.41868670154,4002.2461173426,3764.47161158552,4056.31700066788,3895.62928915395
CYP,Cyprus,2264.91863707719,2202.31996036706,2193.91481710233,2345.28181012039,2162.85328059404,2161.54002386306,2209.33213219678,2293.75458684904,2399.21662682596,2311.55219411824,2192.46748939146,2093.44029665285,1936.16516091053,1646.32678982431,1659.57813297538,1677.40248205105,1761.87442919766,1794.01732213218,1773.61456364017,1758.05457120745,1638.57191138119,1666.21660995085,1682.70492545045
CUW,Curacao,15737.4929646986,16822.3232965303,16514.1127118309,15429.1801756291,15940.4432872767,14857.2079227624,14173.7542929601,15739.9605046222,14857.6293771313,15357.3651335183,13360.0021450019,14346.8108243342,14573.1049283609,13626.2436481406,14937.500719369,15175.8915126441,12894.4531964629,10612.5565556293,9497.71301546317,5972.17142455573,5080.24893387534,5441.31998240944,5649.73104335971
CUB,Cuba,1146.62965504967,1116.77994621466,1037.52939903133,1029.43346967314,1003.51882706152,946.329944254021,943.950122138325,896.176370398525,951.380570130012,922.433325080438,1000.18410148569,969.828922638862,989.672645686508,939.539657450213,957.502047515328,977.911020303909,960.436964626777,923.435423623599,879.967792727537,865.534592725481,854.374889761112,814.636458485932,815.615862798832
HRV,Croatia,1882.60707106679,2033.21443990495,2081.90027621886,2229.34173996566,2228.32579300293,2260.50892445087,2247.14619166641,2335.40182770311,2276.1355193129,2199.79195573117,2181.04401120231,2137.20950653716,2020.48417283556,1990.54136695236,1909.83580091578,2018.54259233172,2057.18869470229,2159.96952184034,2127.63878608554,2173.19836034448,2104.84530641676,2212.49721053261,2154.95483266747
CIV,Cote d'Ivoire,383.698511747895,359.274350379988,374.217410519231,345.063532585105,474.644512103845,479.367342054554,460.427068503443,484.162880249649,475.685968287363,426.33967683994,369.59298919728,412.202996239574,442.184553267778,446.309801337907,438.71877312695,383.892794978009,391.655583364613,392.585250514189,358.541401840133,364.149863069511,375.317183892023,468.414497630569,471.775424802239
CRI,Costa Rica,729.765643709357,721.224052506606,749.371708338678,788.059466397896,921.916666058511,908.919718136397,974.343838741737,1014.83038205,1006.22785721082,1002.15369604859,998.694530541271,992.84219730848,1017.65462461791,1060.1064484558,1064.11783400047,1024.45144520777,1001.15093508133,972.752740541664,950.307226341185,996.673606298647,948.979659241415,996.593947554107,1009.21522950084
COG,"Congo, Rep.",225.662303752435,243.309874139573,239.240008598283,274.55383829075,283.381960024439,293.789280034956,369.707983010852,316.33461657179,327.786840368286,359.405355169563,375.619909098947,484.212624823738,539.866446808636,553.991199731793,535.524998656392,552.356622008088,561.321718306384,548.018753920295,552.165155128985,582.586127914209,586.736109679603,588.291763608764,627.585966198745
COD,"Congo, Dem. Rep.",275.387991752247,275.762066091527,276.777259129011,278.852304991619,281.570244519871,283.637336009607,285.454693557021,287.041319589996,288.80618607177,288.416335052288,289.77384157959,297.445424445388,355.439956409565,357.441615003334,359.366872219799,358.542081264932,355.065446444122,342.47376862199,339.760214710945,334.541728823177,372.066377241717,394.033246290347,390.899911233015
COM,Comoros,,,,,58.5496225271395,62.4286078251729,69.4498415055403,66.4584302518775,,,,,,,,,,,,,,,
COL,Colombia,667.583045920418,656.363849955728,633.502528932254,637.730006109548,631.890053306001,652.562904286665,678.542899481449,666.0281887489,691.923098284556,714.941179061526,700.696762170174,710.261245359868,681.235570018512,881.628352144932,885.243525415168,887.262025874734,910.977529760876,859.140165402896,816.327425217962,889.78306823908,810.052298592826,872.65899160931,851.232776568033
CHN,China,898.07500446721,921.506436459842,976.159336791292,1105.13742396493,1249.04415339994,1369.79197119649,1490.18647938836,1595.46606847798,1629.97754209383,1728.61645229501,1899.79996108685,2027.46525356855,2085.21872095825,2137.32572690907,2177.55011435267,2175.1544486832,2149.2047500244,2215.91139022057,2310.87757050979,2397.96868908473,2465.96954605987,2623.79959356116,2676.48200976111
CHL,Chile,1623.48012689232,1574.84475911504,1612.43130205148,1612.22953620512,1699.73240740445,1735.08874376693,1788.47442583539,1836.95620548021,1801.2828820239,1735.83895157902,1795.6817303266,1937.32339633854,2123.49178972428,2177.50491871487,1946.21181666587,1968.30286182049,2070.46958170364,2065.97571745805,2067.9764736837,2154.35451877758,1946.16760616995,2032.98120427379,2124.6984823137
CHI,Channel Islands,,,,,,,,,,,,,,,,,,,,,,,
TCD,Chad,241.652052714378,242.464236204338,240.376196903121,237.538539726345,224.324118812548,228.51576486102,224.010107053053,218.838867716358,217.080678711419,224.07076139036,219.108373918314,208.551559825517,229.379599396786,227.279984715064,221.117166458392,217.019809756483,212.843968377387,204.267378434246,200.502145341686,190.365580148423,193.032680479683,195.892702847717,198.544774520873
CAF,Central African Republic,,,,,,,,,,,,,,,,,,,,,,,
CYM,Cayman Islands,,,,,,,,,,,,,,,,,,,,,,,
CAN,Canada,8224.74786425172,8017.16666642228,7943.44588697183,8303.4318789013,8371.02231862308,8369.95929648006,8427.44174185883,8356.30636250042,8098.35289361915,7696.33407281264,7660.75452103288,7716.24822782698,7637.78487245197,7668.79466344868,7780.1475931021,7690.40816617685,7944.50789345873,8175.19037647623,8161.77967501099,8125.58121311618,7495.07932297849,7524.86361233157,7578.02093601237
CMR,Cameroon,425.839473286279,419.668248263033,429.502648089236,435.147080636702,437.082365532497,428.539594062507,385.035153073309,352.800578879997,345.872865150161,363.548840943917,356.141255871575,363.1696926603,368.67461829541,375.371615915553,395.092656580176,402.983607731397,400.082970120892,392.776292653391,392.392157002433,387.419411707774,386.883842275205,385.081685358061,384.104863153688
KHM,Cambodia,273.111060087066,276.164207089023,272.095279032918,275.5985706572,279.272336910563,286.390391082312,289.726360027538,298.213771742013,296.389616055637,311.4624062289,323.255970747488,325.063800981871,334.025964498856,337.778887518004,359.949524640373,379.745573981888,412.747652430932,418.953616262105,440.94962587052,489.36782496618,516.116717657277,501.330977178892,501.644136152087
CPV,Cabo Verde,,,,,185.660345870622,204.075322346248,207.854452975987,207.581773111107,,,,,,,,,,,,,,,
BDI,Burundi,,,,,,,,,,,,,,,,,,,,,,,
BFA,Burkina Faso,122.87633161526,138.808404306933,140.366660183959,145.412202886927,149.202025520624,152.454065294215,160.051947053493,167.380496993818,168.80031087063,171.44988829824,227.93902505697,235.67491386243,249.069045065321,258.229706435665,264.949904576004,279.219982120516,271.615575346763,285.313799439353,299.913437292717,302.330693379864,263.88298802906,303.171853475007,312.929085804227
BGR,Bulgaria,2276.85216577279,2419.77111113907,2410.06924541046,2489.50818804189,2439.63673677668,2599.1917342682,2696.78264240444,2665.00511750437,2647.46208110447,2337.23945196707,2393.89142256038,2592.51617710519,2493.07808043547,2353.30761322829,2499.7069748767,2637.50353455494,2606.61053390992,2732.22244053467,2764.27513129547,2771.124202737,2664.55152991688,2918.91641380678,2968.65663426552
BRN,Brunei Darussalam,7306.50805505588,6624.44570244008,6344.70953602184,7227.93461469148,6509.41375687627,6180.90186134327,8644.25613377398,8703.6654696927,9379.39547102847,7906.16450304433,8261.092768512,9699.3002516897,9446.07290658886,7399.88850699904,8529.79303823974,6437.00247398227,7008.28171997556,8385.25858976533,8304.04242825767,9219.80339333238,9175.89257228992,8962.62325631033,9537.0515607056
VGB,British Virgin Islands,,,,,,,,,,,,,,,,,,,,,,,
BRA,Brazil,1081.36193393467,1086.99299318566,1103.40127916211,1107.9739157885,1157.16905577095,1173.71585743449,1202.05933940304,1259.91135986965,1317.23578420454,1262.10043812649,1384.36896688389,1390.00783643031,1433.15306444735,1487.45745839708,1522.42189026812,1482.02057858653,1414.8979311951,1431.95949698072,1403.40232453429,1415.83477031974,1379.24649914162,1430.3934661032,1432.72741132919
BWA,Botswana,1070.36119676312,1060.85132722236,1057.52604830958,1035.71768168865,1076.41144429025,1090.97560068282,1096.75774429819,1117.65874301485,1158.3591770162,1054.28611010741,1130.54992383335,1069.64525830171,1197.22154587787,1240.35333768798,1333.16636170484,1308.13445233238,1245.11570542658,1280.40747267283,1343.69847257232,1241.6779321074,1119.82959014247,1142.89798614093,1165.14968696121
BIH,Bosnia and Herzegovina,1044.83032752066,1004.95066006105,1052.10768786264,1052.76815633322,1161.36225812454,1230.32229950965,1304.39455421949,1321.60129723785,1510.20925021027,1602.5317512912,1700.48373318065,1909.67028647304,1821.21222097011,1787.39246392599,1682.31287779308,1755.04377103361,1945.25475764264,1966.74296405564,2205.40019359849,2157.71633026544,2152.73018925591,2267.26088940872,2270.72637629896
BOL,Bolivia,424.497392990293,444.570211427174,520.021917040091,524.19320800163,523.192178579792,567.496536227946,568.36995826632,570.3375548833,572.261293056089,586.284286067628,625.49842839535,660.399933602591,703.763401801031,699.363675306555,757.547132518494,748.85994552389,778.965230116872,800.888183667631,803.127890554365,795.54274549867,657.745469205531,757.863166521587,798.293220052314
BTN,Bhutan,,,,,276.691507415332,308.219954220272,314.550260212075,359.542084843091,,,,,,,,,,,,,,,
BMU,Bermuda,,,,,,,,,,,,,,,,,,,,,,,
BEN,Benin,274.581436432907,283.230273372813,294.724145806201,301.499151686105,305.279536303894,296.647429948477,339.270972775752,358.123373575729,355.191568797727,361.653717680842,363.74357481978,352.901249030589,346.220822053438,366.743087755895,367.294184971858,379.492026672934,409.038821084068,412.304352119196,423.283323822533,414.543641080217,426.185478700943,376.055295296953,375.820983649337
BLZ,Belize,,,,,570.507346662348,575.5529419335,597.475319406137,601.148260722729,,,,,,,,,,,,,,,
BEL,Belgium,5662.98174716427,5606.17298271092,5397.64817804299,5609.48271408916,5615.40613034968,5549.63760862596,5445.56547084695,5302.04532963844,5425.00683224834,5161.34227289199,5510.36842215322,5063.16739563614,4822.68880223172,5000.34617077523,4701.25771608477,4661.66376202285,4904.15770755315,4863.63280171736,4660.20692893781,4775.95747475268,4386.43050829817,4823.5834216252,4368.44562567427
BLR,Belarus,2471.64424935802,2496.01811483439,2560.5012580496,2652.43981373496,2760.11626065827,2776.99847069087,2974.24553406449,2925.85288440163,2939.40597422615,2789.00314061154,2895.6108099575,3081.68018120351,3219.42653369693,2870.32580279278,2923.57682069269,2660.14026759548,2639.09486268036,2692.58344898873,2849.29477344053,2748.96883661007,2673.86548599188,2929.27533668037,2862.48703453706
BRB,Barbados,,,,,1402.92856661853,1451.40041532381,1474.06315508774,1478.1339388399,,,,,,,,,,,,,,,
BGD,Bangladesh,135.945727032601,148.255373268618,147.979643675058,153.143093984627,154.242895346549,159.825599702335,168.32467252269,174.011519357534,180.396452212736,187.659357547152,195.590116597033,200.299626883527,208.040539602777,218.935059190067,224.107149946033,237.713163558492,255.923548835134,260.880286120411,257.873889464682,273.340023331257,272.076572071717,292.487219529267,297.118356342706
BHR,Bahrain,12833.272118279,12648.0885082095,12214.6865774264,11894.9484733033,11271.2138903395,11975.4282360997,11582.0205666291,11533.9934710843,11593.7971674415,10432.8967547383,10317.976004905,10624.3872166304,9996.52196196405,11219.433931134,10257.0253426946,10405.6390717453,9878.66504979139,9444.4239393348,9533.85538285247,10388.189018559,10832.91852134,10666.0574068433,10701.7927575092
BHS,"Bahamas, The",,,,,1954.1941597848,2023.87945122625,2026.55184786509,2006.59998754719,,,,,,,,,,,,,,,
AZE,Azerbaijan,1403.59874667104,1411.21434888717,1414.77602454642,1476.84102371293,1539.50003907972,1600.22780340266,1559.84917576741,1459.38898151201,1587.24837009442,1391.33099195543,1305.91209278641,1396.04478051641,1497.29486664714,1497.90257470252,1526.15877863995,1510.91856857889,1480.9342834589,1478.78418442924,1471.37027563956,1587.78477584687,1536.83056349558,1623.82932438235,1714.03725982832
AUT,Austria,3570.94853169443,3758.79316326234,3771.71949185232,3956.93894640762,3974.50636807099,4084.35261902051,4105.07525027388,4010.09514877294,4027.90556617748,3819.49986886808,4065.04189639106,3927.58256477323,3899.1648418957,3924.82135403554,3750.34480080041,3795.51037374619,3797.16802222945,3839.94805232106,3717.62532112148,3765.98011899602,3546.50449865153,3728.13398931398,3486.72943293763
AUS,Australia,5681.22885913159,5486.39455905443,5480.23464289818,5615.57675632995,5652.13037917952,5624.49561264785,5775.11675226564,5853.76413229662,5951.19291532561,5843.93312947132,5762.9435664152,5698.65597309349,5533.72233837943,5533.38146350965,5407.4382264583,5318.66679266228,5216.98867184459,5162.45894302308,5086.37378454852,5231.57466031316,5159.03638381788,5006.44306522882,4942.16372202842
ABW,Aruba,,,,,,,,,,,,,,,,,,,,,,,
ARM,Armenia,625.503227341883,624.555471332605,586.440648432386,622.582881402385,661.929679898088,798.544180515189,818.274997390362,918.181612522836,973.21714524559,851.338387705143,815.62798698571,896.948023835655,982.442415313472,959.801682347684,1045.97511363021,1084.52062940136,1043.09797203416,1105.96696981707,1072.33682481147,1163.09284675689,1233.30455891532,1271.52805556324,1347.59055747413
ARG,Argentina,1643.32131961789,1518.56737304195,1484.25701881625,1590.61721067918,1740.90890259945,1712.4320350003,1784.01669776279,1845.91422802344,1889.40923801554,1722.74402909882,1826.05112368849,1865.25736115683,1897.60983922809,1928.54922885127,1911.61727736839,1919.75859208058,1889.87018853289,1874.82963739464,1806.77623499039,1777.41507710553,1623.92450833523,1741.51377200597,1808.76021335553
ATG,Antigua and Barbuda,,,,,1714.96080996964,1720.86771928502,1774.10550344896,1786.93821599922,,,,,,,,,,,,,,,
AGO,Angola,428.222669261961,428.599480858479,429.424207435976,446.134132051678,433.557080102511,392.557802386847,422.909458684002,446.790005661844,472.064397001416,504.92416679274,487.281074343005,486.235365702241,531.24332255994,512.021802587495,447.160325436651,517.525209417242,462.934994006148,456.692217487614,405.179753107747,416.996507156148,397.633186643914,418.358996013843,423.122517600564
AND,Andorra,,,,,,,,,,,,,,,,,,,,,,,
ASM,American Samoa,,,,,,,,,,,,,,,,,,,,,,,
DZA,Algeria,873.657787057718,863.498325342364,911.440557642084,955.848483496115,954.298409338891,979.326457769033,1032.63866815022,1077.66189233078,1070.72807038599,1147.30600554253,1151.13889665565,1174.26806450034,1258.83718458975,1273.72242693806,1358.04787814425,1414.49702064392,1371.20207705232,1380.3468180174,1442.30211193457,1463.50985736009,1373.67832094406,1451.44517709293,1499.50999958517
ALB,Albania,581.374748988005,598.228317118281,661.11795163205,649.35788110735,716.623145884767,721.077407396492,707.890606549635,680.948166186712,712.287869024953,734.057809949862,731.053397459356,766.894617514824,699.444897699178,826.01838486232,844.590080017958,803.987448070775,840.619363568519,894.466399568989,904.739774695665,908.317252679183,855.185594249541,914.732925521475,884.57221529163
AFG,Afghanistan,,,,,,,,,,,,,,,,,,,,,,,
WLD,World,1590.53600804969,1584.48166042261,1597.42958388422,1635.68493163054,1682.91262485075,1708.55270571192,1735.35240707658,1759.58764727864,1760.65936421268,1722.83553405813,1797.33396996069,1803.96021847689,1803.79054500971,1810.81129534032,1809.84216220621,1790.2311990423,1784.72552759688,1802.79548497669,1825.73810732344,1828.43822584776,1761.47471149444,1850.99790788266,1853.66774677224
UMC,Upper middle income,1060.00600285289,1072.0639511697,1109.00706764028,1198.37209586372,1303.44244785189,1378.18603104993,1454.04250465329,1526.93600565183,1561.74380897354,1591.35674612489,1703.10053278591,1778.44033277147,1817.2633029138,1854.51243697484,1873.76985303847,1849.46535472757,1843.96771884513,1887.17860444167,1939.59022498749,1997.84431417578,1996.26167675173,2115.53205968789,2141.67912444725
TSS,Sub-Saharan Africa (IDA & IBRD countries),498.737294190481,491.383928601479,482.272048970016,498.023709129673,507.796879537306,501.971949694251,500.462860196033,505.211164070733,519.346782423372,515.141457933699,511.939011907588,525.575188815204,509.924476424412,512.634106825431,516.528105710898,502.121177358474,503.917362994577,493.635681711509,483.282695160297,491.374235856498,476.959293920172,490.243443027609,480.247369181107
SSA,Sub-Saharan Africa (excluding high income),515.564437326668,506.94345844735,496.781203566804,514.465694970531,524.981097929682,518.833559406934,517.085476181748,522.339497201273,538.608725762785,533.908719200195,530.339828965184,545.363919899593,527.406648849629,529.919700873267,533.77971653583,517.560442163178,519.143308733435,507.771862499802,495.779514710354,504.72060504801,489.205871484301,505.064777472325,493.303887825375
SSF,Sub-Saharan Africa,498.737294190482,491.383928601479,482.272048970017,498.023709129673,507.796879537306,501.971949694251,500.462860196032,505.211164070733,519.346782423372,515.141457933699,511.939011907588,525.575188815204,509.924476424412,512.634106825431,516.528105710898,502.121177358474,503.917362994577,493.635681711509,483.282695160297,491.374235856498,476.959293920172,490.243443027609,480.247369181107
TSA,South Asia (IDA & IBRD),366.024485085178,365.878495098668,369.324722598924,372.380551057126,386.203065447878,395.621422649354,410.711707987568,428.283370750911,446.469897653068,471.607677019024,492.486384151898,506.21044725876,528.985468942484,535.218154134465,565.045031303674,577.23417802909,584.646207250051,603.307632026565,620.962701769056,621.296024310812,591.698831505841,632.586219671558,676.416819508078
SAS,South Asia,366.024485085178,365.878495098668,369.324722598924,372.380551057126,386.203065447878,395.621422649354,410.711707987568,428.283370750911,446.469897653068,471.607677019024,492.486384151898,506.21044725876,528.985468942484,535.218154134465,565.045031303674,577.23417802909,584.646207250051,603.307632026565,620.962701769055,621.296024310812,591.698831505841,632.586219671558,676.416819508078
SST,Small states,,,,,2178.48629394776,2295.85886754677,2509.78820768153,2661.0334418885,,,,,,,,,,,,,,,
PRE,Pre-demographic dividend,373.339751311609,380.914113848733,378.834560165562,373.837653657661,377.80205949763,381.101721822429,376.218307882459,368.719001594213,376.09192377982,375.791857346483,395.227148928861,417.405446143204,415.836132651575,422.19431043951,416.422245043901,409.058034847693,413.965433163961,412.64379685014,410.901901257408,421.07942421913,411.285164741225,429.733080718073,437.442485972398
PST,Post-demographic dividend,5035.97556433223,4995.53432892313,5003.69798386624,5047.01240458052,5116.54018443087,5100.7995320341,5064.53202021603,5050.02748692983,4943.97297891726,4685.04058981977,4824.34493539349,4695.2764751527,4621.59690121516,4628.4455775549,4559.62711131074,4519.46724743435,4495.11941202283,4502.93559876907,4530.93386625465,4476.82601998716,4159.20661722181,4355.53718802453,4271.12163837638
PSS,Pacific island small states,,,,,453.386455781781,404.694054761991,392.885398313871,377.988501802454,,,,,,,,,,,,,,,
OSS,Other small states,,,,,1744.85371963019,1733.6785132284,1912.28354358264,2063.28166697787,,,,,,,,,,,,,,,
OED,OECD members,4437.91198252458,4389.78166418946,4389.42325202588,4421.83532345486,4473.50625969407,4470.58376769108,4449.74743878547,4436.58711141148,4341.66013637715,4123.3891097595,4230.42971411025,4130.18286896376,4067.69150989785,4077.0391729953,4012.96612255424,3987.38192220322,3972.26123507886,3976.89814334872,3989.808974529,3940.70688085627,3662.85261066522,3831.57619146132,3777.82814353815
INX,Not classified,,,,,,,,,,,,,,,,,,,,,,,
NAC,North America,8071.78094843867,7843.18324558456,7850.58535716738,7841.66901013222,7926.97342577807,7895.19125658609,7766.54965254807,7815.10354466767,7545.29931805182,7116.88141779731,7211.89642943792,7079.73753411176,6901.74380894743,6966.20151723172,7002.00670430274,6879.60383224856,6791.82630935034,6750.27278196686,6882.61849874337,6846.62557092385,6280.79723142897,6557.25058534681,6623.01242612294
MIC,Middle income,749.719883759471,755.183910766619,774.72058754863,820.949575026461,879.531591814231,920.942549846173,962.504928987902,1003.44027846657,1025.37339468336,1043.76478773814,1107.02042623374,1148.47285792574,1171.62493616574,1188.95493976593,1206.41157023155,1194.22928167944,1195.09795578421,1221.42811822726,1251.123473002,1278.98747692953,1264.95522370933,1334.31660515576,1357.58744143565
TMN,"Middle East, North Africa, Afghanistan & Pakistan (IDA & IBRD)",788.158562169186,823.496277327425,825.921688605367,828.75719127857,872.302648891386,923.876272897858,935.979945433546,956.026048157276,978.986941086556,978.157484130705,973.589835310195,968.709168855289,985.641072767857,974.134287273315,1006.53687099669,971.080844257739,1000.11076515632,1046.45024831933,1028.01113640693,1059.61667696719,1021.2116514865,1062.71458409021,1069.76511209856
MNA,"Middle East, North Africa, Afghanistan & Pakistan (excluding high income)",788.158562169186,823.496277327425,825.921688605367,828.757191278571,872.302648891386,923.876272897858,935.979945433546,956.026048157276,978.986941086556,978.157484130705,973.589835310195,968.709168855289,985.641072767856,974.134287273315,1006.53687099669,971.080844257739,1000.11076515632,1046.45024831933,1028.01113640693,1059.61667696719,1021.2116514865,1062.71458409021,1069.76511209856
MEA,"Middle East, North Africa, Afghanistan & Pakistan",1161.07179955093,1221.86988689867,1245.11886211378,1247.1475309264,1284.86299834191,1348.55274606424,1383.15239959005,1418.58460294429,1474.56284399721,1485.47236482383,1517.63524259663,1516.80920358794,1552.89349689657,1535.61541615123,1591.46899539264,1580.3068725707,1602.22035608775,1632.42756536583,1599.50335552703,1614.55707447245,1559.96648826589,1606.38075316444,1628.23219448934
LMC,Lower middle income,400.992359467152,402.71649898269,406.660701015073,409.493709042553,422.562280363479,432.470103662305,442.331415477751,455.074731566075,467.927778711227,479.744371382347,498.625764110722,510.994220600205,523.089327463055,524.941821779191,545.357649154331,550.054557611316,561.532403680681,575.59191482688,587.633697120236,591.023975670482,570.649993958195,598.937936406253,626.550285358857
LIC,Low income,405.781138419465,410.24886180049,406.773671002137,406.67042184591,404.165367670942,417.048506870822,420.448656574477,398.37964980955,407.302970739609,403.717241063814,394.537528777496,378.080271648767,356.798795001587,357.028692096325,361.147096569251,339.607108661421,335.887155953094,357.780634560418,351.75681484985,353.389029559174,352.424999523199,354.113397748394,352.454980459215
LMY,Low & middle income,731.860966216045,737.071853030025,755.171913374682,798.668755900251,853.419492550785,892.90454849026,931.906628682057,968.739293745358,989.713439751649,1006.33166547549,1064.769902193,1102.17826374772,1120.59933640034,1136.32813583705,1152.44348848933,1139.0439058687,1138.87209921458,1164.09439062255,1190.46191176904,1215.47010116271,1201.24316222936,1264.66490501532,1284.81526179955
LDC,Least developed countries: UN classification,287.375812574666,292.487537765402,294.217818062946,298.914581763976,297.977688513841,299.450087174284,305.286846665704,304.503421622961,310.460790557082,317.155737667405,317.199806716996,322.228437938469,324.801555309358,338.939380104651,340.781929781588,344.067149268728,348.934115885526,351.852893124132,351.831571250201,355.663489080734,356.282674193259,363.08354431143,365.276380642804
TLA,Latin America & the Caribbean (IDA & IBRD countries),1171.84232129386,1157.84648902858,1186.75845982195,1206.31701671154,1234.61207087584,1265.66323655308,1290.11096440141,1316.67999492344,1333.81356388124,1285.94177252289,1353.99933661826,1365.7657511768,1392.87834671228,1436.2692291267,1416.89245854316,1392.78028220718,1360.20292097194,1342.9672254292,1309.17697568945,1319.86973926516,1223.85691704459,1295.56255194643,1333.08703165238
LAC,Latin America & Caribbean (excluding high income),1080.92495534022,1075.48410746333,1078.1014322393,1107.45331160533,1140.17299371017,1162.63906579858,1182.46449503004,1205.69258436387,1228.30439333129,1183.79197515499,1234.1678513934,1258.26777212768,1282.41815983366,1315.57932642754,1321.30032741197,1300.85400884582,1276.48916349586,1263.71110497964,1248.54006768252,1255.0380370917,1178.53719381539,1239.7664335688,1270.31990096235
LCN,Latin America & Caribbean,1175.0909355958,1160.84667157871,1187.34971005353,1206.11748229524,1233.91518285675,1263.00451427939,1286.83254463612,1312.38209714846,1329.68770965656,1282.39447369677,1350.19449797758,1361.48320329842,1388.58062747204,1430.04385450086,1411.81960480812,1388.6984683666,1355.89847172152,1337.78575142073,1303.5956103502,1313.00500309655,1218.33545467473,1288.23688077704,1325.26357876772
LTE,Late-demographic dividend,1243.97244037144,1270.83653979453,1311.72213895983,1412.49383129478,1519.7498680093,1605.78494090757,1704.47241761981,1781.98279048798,1826.94779551746,1851.37147627384,2005.74933555111,2097.72304541722,2145.6924119263,2186.14679159202,2205.14162081843,2187.20540043473,2185.87057516295,2234.2364905706,2316.73175915485,2363.09070509826,2378.76994924751,2529.02041181283,2556.38938271623
IDA,IDA total,371.079065033317,372.771124516269,373.891756671103,375.737046510282,378.449741677837,382.720119086187,385.24759238799,384.06079248358,384.018733433606,377.061383428,387.717191373581,396.483347152286,386.850656790106,391.001121059941,394.092760257051,388.504204628925,395.669294058351,397.173105732974,396.334271907079,399.149525110826,401.955373599221,413.000161884933,412.359659732814
IDX,IDA only,312.713225553453,316.696667772831,318.611841661969,322.466223143664,323.137860849663,329.258662600134,334.819048613401,334.55280165849,338.300959813927,339.829244972191,341.041882127327,345.159789648829,342.073887126951,349.796258447028,354.877842370449,353.476098137845,359.184109601756,361.542720646237,364.075011560232,367.339199462521,366.823453230079,372.68266295247,372.93417690592
IDB,IDA blend,468.45325312048,466.02549808834,465.607855032395,463.906783414546,470.274762608971,471.207945962889,468.488050692194,465.491704434561,458.416300757683,437.356301239342,462.968497338917,478.954775208078,459.58850814302,457.803767106823,457.60354924689,445.12992695976,454.763869354054,454.995493846581,448.786800047905,451.006772438044,459.361839196686,479.001163039242,477.044311254525
IBT,IDA & IBRD total,860.178492978524,864.236329698762,881.998441809477,925.758718573336,975.442187416596,1013.10326446389,1053.61401325139,1088.14775234026,1108.77901886908,1112.90779756596,1178.14301151676,1215.89579731748,1232.51236815192,1243.28524178321,1254.14303640068,1238.0083348674,1239.31297263925,1262.8372748822,1291.55396374024,1308.92209195951,1290.45033313929,1366.44310804131,1381.90502735145
IBD,IBRD only,986.636770330863,992.879938763477,1016.60872680136,1073.230241303,1139.20935506176,1188.10351364712,1241.49411690316,1288.78313292297,1315.85638333612,1325.7946306504,1409.69988051208,1458.83273523479,1487.94357208736,1503.06752052428,1518.80853804086,1501.83616353311,1504.28282488356,1537.91532789002,1579.6349861714,1605.69189336106,1584.57052269637,1687.11098500716,1713.40135253771
HIC,High income,4879.53248345703,4868.02880129051,4884.79790758695,4940.49981595089,4997.9818809832,4999.5550782261,5006.4692363339,5005.35661329929,4946.192699666,4710.89202257935,4877.45977042931,4793.13178187589,4745.28268352311,4734.73216154537,4692.5063405312,4665.07983411652,4659.8301337906,4675.67372964314,4720.79726408101,4650.53362253798,4374.04499434198,4616.87110840832,4552.18488980022
HPC,Heavily indebted poor countries (HIPC),352.438705088556,353.826100167406,358.119442230013,356.860187659596,360.685332326003,361.146209912792,363.341715875629,357.030085723399,359.503966699138,362.652859595113,360.826575844498,372.298209581603,380.234814328636,389.940392315486,391.524698329173,392.044750068991,392.011720656837,387.139623860051,387.483220146225,388.902391742687,388.246103651277,398.512148598139,400.784696544082
FCS,Fragile and conflict affected situations,704.2730991504,699.461432387711,715.109951651093,705.606760050828,693.853455946867,699.1123799848,677.11278923326,666.303900251739,660.453196954025,618.706137198013,676.152008370705,658.753579902504,640.498601038809,637.266240878696,611.533221065676,569.339496775734,560.782818228885,557.905319488635,540.996219877218,542.938345185775,499.198744560237,525.477032895564,498.689646479432
EUU,European Union,3426.83308666772,3513.05434688124,3509.85008081957,3580.34477017976,3610.4237630397,3610.55848940846,3625.76732649016,3560.87699096301,3539.98406145018,3325.85401389365,3455.72012945554,3352.95444848851,3305.80724919781,3267.65397107209,3143.88823335219,3176.28838380569,3193.84744220649,3244.3990547838,3209.90930196045,3149.89746458067,2933.9871843456,3109.89331024934,2922.75771263617
TEC,Europe & Central Asia (IDA & IBRD countries),2627.7743387218,2633.31839466852,2657.3037137745,2761.42321275279,2803.20296358183,2812.87197543189,2910.70506719683,2947.80070266362,2989.71091690533,2770.35925039632,2969.27468369818,3051.84193861324,3030.67916060851,2945.74339673975,2870.06651345392,2802.25792461601,2879.29977119685,2938.96794267176,3051.92391133086,2968.83386970454,2927.52755340363,3240.7449330111,3138.85603316966
ECA,Europe & Central Asia (excluding high income),1739.58201179831,1698.52746237005,1747.49075714747,1824.02730008381,1896.99548524558,1884.32853529656,1957.46041098837,2018.38689045103,2028.01021498627,1841.12277507177,1996.44675956021,2056.25793912607,2011.17977588932,1967.30343485917,1842.43724875738,1765.59616077048,1818.06782127547,1856.16600655712,1897.61746929193,1882.47523115819,1840.34963436162,2010.99126302819,1894.86137320559
ECS,Europe & Central Asia,3177.56891913811,3220.69874223443,3221.93881128999,3308.71418407178,3342.81559241591,3344.34885706863,3388.94292501365,3360.57935230041,3368.3136250371,3147.56130692903,3308.17774181966,3270.03252552061,3246.87008513754,3187.22091308508,3072.23042170009,3046.90565440821,3083.84625360052,3128.50756796109,3159.39507943211,3082.49964985823,2943.95225753105,3176.76353101621,3028.85090151607
EMU,Euro area,3668.05008203938,3753.11801261208,3737.27049855719,3805.45107234976,3838.51072744992,3830.76203447148,3825.96668055615,3744.72423061683,3718.26498485013,3497.60303299689,3614.34111200805,3487.54301856318,3445.54958698502,3410.91663276807,3269.30548506514,3311.38867059749,3311.4342649246,3343.85875752965,3280.87151560212,3223.6339809124,2978.61449640542,3147.59414387948,2945.12300052697
TEA,East Asia & Pacific (IDA & IBRD countries),822.141112640822,839.421421362005,885.107874120636,979.679553636252,1090.20652918351,1178.6405093037,1262.3700203105,1337.27303443163,1365.79688758377,1435.20864605085,1559.42497179179,1645.09207035321,1690.21582378661,1736.35082407121,1768.17399531823,1760.80424654879,1752.09105289361,1802.63943215718,1884.14605822846,1951.15159433555,1987.21508617756,2097.12219161021,2143.54847654303
EAP,East Asia & Pacific (excluding high income),822.284813918603,839.628431846102,884.225216349308,977.758377961348,1087.03931636766,1174.71978376892,1257.43629433017,1329.64968006066,1358.73676151161,1426.82094843454,1549.14984837932,1631.3632063662,1675.80540451316,1720.02866946792,1751.89903530367,1743.43428058207,1735.33171932716,1789.76862992439,1869.44295683305,1936.42006358564,1971.59042459145,2078.78978982215,2124.8762701815
EAS,East Asia & Pacific,1196.06644605495,1205.51259685028,1249.12695234508,1335.0733671216,1444.86755507908,1516.79498463798,1593.05041314664,1659.96400745446,1677.04523871186,1727.23226972069,1856.09851451024,1914.39604814779,1947.8172550298,1989.21398792676,2010.20689117482,2000.6809777292,1994.10921872918,2044.40218763886,2113.21476021091,2164.41076445635,2177.54687180316,2289.25716877122,2321.49962014263
EAR,Early-demographic dividend,672.584750799077,668.17199326737,679.471653322007,690.830149986856,711.169510762489,728.382672749811,746.860540748836,766.146173401741,786.630139488981,793.839301652154,812.577194352047,822.220315086009,836.373756405216,836.597895456877,861.722450793759,860.92823065967,871.536606871327,891.861098441034,892.668109304478,899.45854914906,862.363351958047,910.570346376033,943.128344625501
CEB,Central Europe and the Baltics,2381.7789875388,2463.92432408414,2488.20279463695,2575.75689670154,2585.0570772537,2629.49750034566,2703.24241265251,2711.3043952263,2714.57232709977,2531.74340604357,2657.48197415251,2658.75435879536,2585.09598428927,2544.19963483215,2486.69110195474,2528.22006328076,2589.29903149768,2707.96339038787,2762.10272447413,2699.50660805025,2621.63600452965,2806.97546373865,2683.1570949953
CSS,Caribbean small states,,,,,4055.21834361878,4689.43000938639,5122.88564753561,5373.67067488637,,,,,,,,,,,,,,,
ARB,Arab World,1309.74545597546,1388.57722408896,1427.30356743639,1413.09141410784,1434.78995932043,1502.78098850234,1543.33388450494,1573.21507385738,1648.78209665742,1689.54663685973,1751.68699258111,1756.14584935149,1794.39801123927,1773.10893078631,1834.7635358316,1838.08041030076,1837.88924521527,1845.53833233154,1813.73691367158,1794.80105446141,1677.41911396716,1736.00525650969,1780.22285816424
AFW,Africa Western and Central,285.657322343808,289.237182398885,292.177320461456,296.980066862543,302.295886835961,312.334701917274,302.907262026617,300.302468319768,306.79657435129,295.423285524058,336.412979107051,359.064392844876,353.413958029407,356.913661271615,354.759851343277,336.978667905031,343.896337502189,332.429748033803,325.467766288687,341.666132517863,336.566406948633,350.102510019167,351.913061564233
AFE,Africa Eastern and Southern,635.550217773356,621.510017966009,604.936501069868,628.094857041229,641.941011775843,626.086764059889,630.049517762709,639.893343761975,658.39785740852,659.121147320855,627.156239582265,635.046810144813,610.804236639906,613.049430088923,620.948652436034,608.762824499911,607.297809226803,597.786385354869,585.044145398047,587.648036459011,566.960723229114,579.816693062829,562.060699360646
