country_code,country_name,latitude,longitude,region,incomeLevel,capitalCity,abs_latitude,hemisphere,climate_zone,is_landlocked,nearest_megacity,dist_to_megacity_km,dist_from_equator_km,gdp_per_capita,life_expectancy,population,fertility_rate,child_mortality,internet_pct,electricity_pct,literacy_rate,gini_index,urban_pct,forest_pct,renewable_pct,maternal_mortality,education_spending,primary_completion,physicians,poverty_pct,mobile_per100,trade_pct,remittances_pct,water_stress,health_expenditure,birth_rate,death_rate,continent,conflict_intensity,has_conflict,democracy_proxy
ABW,Aruba,12.5167,-70.0167,LCN,HIC,Oranjestad,12.5167,Northern,Tropical,coastline,New York,3159.0937325491695,1393.359044,41964.7711908515,76.353,107359.0,1.602,,97.17,99.9,96.8199996948242,,61.8351492675589,2.33333333333333,8.8,,3.61855755636695,93.8329391479492,,,130.648,160.634546418015,1.15159737684148,,,7.973,7.582,Other,0.0,Stable,8.0
AFG,Afghanistan,34.5228,69.1761,MEA,LIC,Kabul,34.5228,Northern,Subtropical,landlocked,Delhi,1005.1157615550635,3843.0780959999993,1983.81261992909,66.035,41454761.0,4.84,55.5,17.7089,85.3,37.2700004577637,,25.4730529631167,1.85278199408184,20.0,521.0,4.34319019317627,88.8901214599609,0.317,,55.5475,72.8854696086536,2.20731611347931,43.0159066808059,59.06770706,35.437,5.797,Other,8.0,Conflict-affected,3.0
AGO,Angola,-8.81155,13.242,SSF,LMC,Luanda,8.81155,Southern,Tropical,coastline,Lagos,2025.136224096565,980.901746,8788.26106439635,64.617,36749906.0,5.124,64.0,44.7581,48.5,66.2399978637695,51.3,69.8515032220457,52.5364972326943,52.9,183.0,2.51273663315785,47.8556786596463,0.244,39.3,70.052,55.2547732713835,0.0106739240124738,0.476824324324324,76.07118225,37.588,6.925,Other,0.0,Stable,4.0
ALB,Albania,41.3317,19.8172,ECS,UMC,Tirane,41.3317,Northern,Temperate,coastline,Istanbul,767.4206283091436,4601.044843999999,20481.0358398226,79.602,2414095.0,1.348,9.4,83.1356,100.0,97.6800003051758,29.4,58.2106086137857,28.7919708029197,41.9,7.0,3.09153008460998,95.1351520460518,1.879,0.3,92.9973,84.6980435944865,9.17717025231113,2.96282527881041,590.62799072,10.244,8.332,Other,0.0,Stable,5.5
AND,Andorra,42.5075,1.5218,ECS,HIC,Andorra la Vella,42.5075,Northern,Temperate,landlocked,Paris,709.2772416646205,4731.934899999999,64631.2963909271,84.041,80856.0,1.082,2.6,95.4456,100.0,,,88.8201609217082,34.0425531914894,18.7,11.0,1.89867997169495,69.4174757281553,5.068,,156.097,,1.31863050475322,,3605.19799805,6.859,6.076,Other,0.0,Stable,8.0
ARE,United Arab Emirates,24.4764,54.3705,MEA,HIC,Abu Dhabi,24.4764,Northern,Subtropical,coastline,Karachi,1277.4425477859454,2724.712848,70239.8552855072,82.909,10483751.0,1.2,5.0,100.0,100.0,98.0599975585938,26.4,85.6680699002526,4.46775556181357,1.0,3.0,3.89403009414673,99.1737916980463,2.992,0.0,199.424,185.741660982819,,1509.93333333333,2401.52026367,9.774,0.932,Other,0.0,Stable,8.0
ARG,Argentina,-34.6118,-58.4173,LCN,UMC,Buenos Aires,34.6118,Southern,Subtropical,coastline,Buenos Aires,3.6572473339235705,3852.985576,27230.3968496682,77.395,45538401.0,1.5,9.6,89.229,100.0,99.1399993896484,42.4,92.1945132257907,10.3610566048767,9.2,33.0,5.89754023690244,98.9436486948575,5.106,1.2,137.706,31.5801792606256,0.166635693990481,12.9075342465753,1456.98596191,11.064,7.668,Other,0.0,Stable,5.5
ARM,Armenia,40.1596,44.509,ECS,UMC,Yerevan,40.1596,Northern,Temperate,landlocked,Istanbul,1313.0321908420058,4470.566671999999,19402.7510915578,77.4658536585366,2964300.0,1.9,10.0,79.9966,100.0,99.8399963378906,27.2,65.6956882008852,11.6336717932132,9.1,19.0,2.43869996070862,94.3309098054628,3.36,1.9,134.52,103.878629213508,10.8688335174113,44.787869951888,766.95874023,12.3,8.2,Other,0.0,Stable,5.5
ASM,American Samoa,-14.2846,-170.691,EAS,HIC,Pago Pago,14.2846,Southern,Tropical,coastline,Tokyo,7619.79492703277,1590.1616719999997,,72.852,47521.0,2.286,,,,,,81.3721542708222,85.35,0.4,,,,,,,124.684270952928,,,,15.388,7.021,Other,0.0,Stable,8.0
ATG,Antigua and Barbuda,17.1175,-61.8456,LCN,HIC,Saint John's,17.1175,Northern,Tropical,coastline,New York,2871.309969412994,1905.5201,28474.0444178181,77.598,93316.0,1.578,9.3,77.5756,100.0,,,24.4500156687422,18.1615909090909,0.9,35.0,3.10505161832136,123.354735152488,2.917,,200.541,117.703527768353,1.86496707164868,8.46153846153846,841.24884033,11.848,6.893,Other,0.0,Stable,8.0
AUS,Australia,-35.282,149.129,EAS,HIC,Canberra,35.282,Southern,Temperate,coastline,Jakarta,5390.461441471156,3927.5922399999995,60684.9596204883,83.0512195121951,26659922.0,1.5,3.7,97.0631,100.0,,33.8,87.4866955653765,17.4213145571644,12.3,2.0,5.05916023254395,,4.086,1.0,112.513,45.6946418805752,0.0713213074162778,2.36178861788618,6980.38525391,10.8,6.9,Other,0.0,Stable,8.0
AUT,Austria,48.2201,16.3798,ECS,HIC,Vienna,48.2201,Northern,Temperate,landlocked,Paris,1033.8714157199804,5367.861532,64536.2981841434,81.5414634146342,9131761.0,1.32,3.1,95.3347,100.0,,31.2,69.2265358276021,47.206131846825,36.0,6.0,5.27748012542725,98.030403137207,5.515,0.5,121.746,123.579578652902,0.636214157041973,5.70909090909091,6267.93164063,8.5,9.8,Other,0.0,Stable,8.0
AZE,Azerbaijan,40.3834,49.8932,ECS,UMC,Baku,40.3834,Northern,Temperate,landlocked,Istanbul,1760.2453826372016,4495.480088,21310.7386915022,74.429,10153958.0,1.55,18.6,89.0,100.0,99.7799987792969,,58.5075350483702,13.9724815486993,1.3,18.0,3.66400003433227,96.2334128073598,3.185,,107.687,86.9822732541779,5.012251973723,160.52988293284,299.81060791,11.1,5.9,Other,0.0,Stable,5.5
BDI,Burundi,-3.3784,29.3639,SSF,LIC,Bujumbura,3.3784,Southern,Tropical,landlocked,Lagos,3087.4103012874925,376.083488,1036.16712196238,63.651,13689450.0,4.878,49.2,11.0784,10.3,71.4078166079164,37.5,23.5534768372276,10.8894080996885,83.0,392.0,4.87114173892375,47.609493213452,0.078,74.2,63.1631,,4.04924423053384,2.78429423459245,28.14028931,33.667,6.718,Other,0.0,Stable,3.0
BEL,Belgium,50.8371,4.36761,ECS,HIC,Brussels,50.8371,Northern,Temperate,coastline,Paris,263.1465893147189,5659.185971999999,63095.4017281289,82.3975609756098,11779946.0,1.47,3.6,94.6263,100.0,,26.8,87.551492636772,22.604446776415,11.7,4.0,6.27796983718872,,3.574,0.1,103.196,191.179031303786,2.37479009326131,35.833461825,5931.01464844,9.4,9.4,Other,0.0,Stable,8.0
BEN,Benin,6.4779,2.6323,SSF,LMC,Porto-Novo,6.4779,Northern,Tropical,coastline,Lagos,82.73870979451775,721.119828,3721.21254814808,60.774,14111034.0,4.556,77.9,32.2083,56.5,51.3800010681152,34.4,51.7457922964593,26.9169031571479,54.5,518.0,3.22974322056608,61.6417503356934,0.216,27.2,116.036,44.3815928877424,1.43702897358244,1.2621359223301,46.52822113,33.879,8.797,Other,0.0,Stable,4.0
BFA,Burkina Faso,12.3605,-1.53395,SSF,LIC,Ouagadougou,12.3605,Northern,Tropical,landlocked,Lagos,843.8098603087053,1375.97086,2486.20669812871,61.092,23025776.0,4.186,77.3,17.0226,19.5,41.442033530681,37.4,27.7872478365158,22.3552631578947,71.4,242.0,5.32757840997187,51.6947761170006,0.148,42.1,119.463,67.5202901331655,2.81334408479241,6.544,71.73455048,31.643,7.964,Other,5.0,Conflict-affected,3.0
BGD,Bangladesh,23.7055,90.4113,SAS,LMC,Dhaka,23.7055,Northern,Subtropical,coastline,Dhaka,11.620623011684184,2638.89626,8242.39798977242,74.672,171466990.0,2.163,30.6,44.5027,99.4,79.0,30.9,32.1578465036834,14.458774758176,25.0,115.0,2.16213826344701,98.0281882152568,0.722,5.9,114.355,33.7799672705735,4.6737649876073,34.1619047619048,53.46432495,20.353,5.01,Other,0.0,Stable,4.0
BGR,Bulgaria,42.7105,23.3238,ECS,HIC,Sofia,42.7105,Northern,Temperate,coastline,Istanbul,505.01098775505926,4754.53286,33073.8179631314,75.7073170731707,6446596.0,1.81,6.1,80.3896,100.0,98.3499984741211,39.5,73.7322671584613,36.0998526160649,20.4,6.0,4.50109004974365,94.4560775756836,4.328,1.0,117.933,138.844877241238,2.31150029458411,25.9211136285714,1257.87597656,8.9,15.7,Other,0.0,Stable,8.0
BHR,Bahrain,26.1921,50.5354,MEA,HIC,Manama,26.1921,Northern,Subtropical,coastline,Karachi,1658.58014142695,2915.7045719999996,57819.9051831242,81.284,1577059.0,1.824,8.6,100.0,100.0,97.8499984741211,,100.0,0.936708860759494,0.0,17.0,1.88778167912993,88.56187958298,0.741,,153.9,167.141241152535,,3877.5,1175.81628418,12.46,2.089,Other,0.0,Stable,8.0
BHS,"Bahamas, The",25.0661,-77.339,LCN,HIC,Nassau,25.0661,Northern,Subtropical,coastline,New York,1766.6901285192298,2790.3582519999995,35221.2696932313,74.552,399440.0,1.373,12.7,94.8186,100.0,,,81.3213799173676,50.9350649350649,1.1,76.0,2.74191570247934,87.8645014841977,1.895,,100.048,75.9829601059237,0.416556329514708,,2262.33447266,10.852,8.713,Other,0.0,Stable,8.0
BIH,Bosnia and Herzegovina,43.8607,18.4214,ECS,UMC,Sarajevo,43.8607,Northern,Temperate,coastline,Istanbul,921.8438706088073,4882.573124,19805.0002774731,77.85,3185073.0,1.486,6.0,83.3772,100.0,96.9899978637695,33.0,51.5657239834305,42.7326171875,36.6,6.0,3.24564826597779,100.520736694336,2.584,0.2,117.734,110.205284377387,10.5208784489857,0.878971830985916,772.88568115,7.714,13.457,Other,0.0,Stable,5.5
BLR,Belarus,53.9678,27.5766,ECS,UMC,Minsk,53.9678,Northern,Temperate,landlocked,Moscow,672.2104922017807,6007.695495999999,27782.4380139967,74.1837804878049,9178298.0,1.208,2.4,91.5125,100.0,99.870002746582,24.4,78.8146420666327,43.3351396620523,8.2,1.0,4.9514799118042,94.4563997400778,4.717,0.0,128.979,120.024207576094,2.01552933186967,4.15882352941177,558.22644043,7.136,13.338,Other,0.0,Stable,5.5
BLZ,Belize,17.2534,-88.7713,LCN,UMC,Belmopan,17.2534,Northern,Tropical,coastline,Mexico City,1119.5563169671468,1920.6484879999998,12371.0086545348,73.566,411106.0,2.007,12.7,72.3595,98.6,87.879997253418,39.9,41.9459437504976,55.0078912757563,30.8,67.0,4.23143005371094,96.5262582056893,1.086,1.0,67.175,107.840250086037,5.00304345845639,0.661861074705111,309.40835571,18.025,4.925,Other,0.0,Stable,5.5
BMU,Bermuda,32.3293,-64.706,NAC,HIC,Hamilton,32.3293,Northern,Subtropical,coastline,New York,1247.351532752808,3598.897676,103052.348367859,82.309,64698.0,1.401,,98.37,100.0,,,100.0,18.5185185185185,0.9,,1.86510440752276,102.194358825684,,,105.274,75.1972250263227,22.2812886343297,,,8.046,8.858,Other,0.0,Stable,8.0
BOL,Bolivia,-13.9908,-66.1936,LCN,LMC,La Paz,13.9908,Southern,Tropical,landlocked,Sao Paulo,2313.9777275534666,1557.4558559999998,11616.1575595159,68.581,12244159.0,2.547,23.1,70.2368,99.9,95.5500030517578,42.1,70.9151414044538,46.5396883596418,12.8,146.0,8.31589071412357,96.2025910226778,1.284,2.8,101.572,57.5249335789631,2.86351523412907,0.118644412191104,255.04104614,21.247,7.172,Other,0.0,Stable,4.0
BRA,Brazil,-15.7801,-47.9292,LCN,UMC,Brasilia,15.7801,Southern,Tropical,coastline,Sao Paulo,874.5955214741364,1756.6407319999998,19079.8122132253,75.848,211140729.0,1.619,14.4,84.1506,100.0,94.5839624750993,51.6,87.6159710235763,59.1275092305226,46.5,67.0,5.61922979354858,,2.357,3.8,101.02,38.8160659764321,0.254813156784915,1.20014131778838,1009.83563232,12.322,7.077,Other,0.0,Stable,5.5
BRB,Barbados,13.0935,-59.6105,LCN,HIC,Bridgetown,13.0935,Northern,Tropical,coastline,New York,3375.757976353722,1457.56842,21318.6724772626,76.178,282336.0,1.708,10.0,79.9923,100.0,,34.1,59.4235740235775,14.6511627906977,5.5,35.0,3.7754499912262,92.1521279806822,2.958,1.7,114.581,,1.23714059027727,87.5,1286.47680664,11.173,10.613,Other,0.0,Stable,8.0
BRN,Brunei Darussalam,4.94199,114.946,EAS,HIC,Bandar Seri Begawan,4.94199,Northern,Tropical,coastline,Jakarta,1531.4931772431423,550.1423268,76616.7014884981,75.327,458949.0,1.747,9.4,99.0336,100.0,96.0899963378906,,74.8199193881365,72.1062618595825,0.0,36.0,4.42539978027344,101.681320376369,1.886,,127.012,146.973965879597,,1.08235294117647,733.00543213,13.59,5.23,Other,0.0,Stable,8.0
BTN,Bhutan,27.5768,89.6177,SAS,LMC,Thimphu,27.5768,Northern,Subtropical,landlocked,Dhaka,426.30186706819296,3069.8493759999997,14610.2959119536,72.975,786385.0,1.462,23.1,88.426,100.0,64.9100036621094,28.5,41.7352457989939,71.5521761929733,82.5,47.0,5.84519004821777,90.8830619139176,0.553,0.0,95.6261,85.5712165226139,3.31086657464961,0.433205128205128,162.19680786,12.663,6.11,Other,0.0,Stable,4.0
BWA,Botswana,-24.6544,25.9201,SSF,UMC,Gaborone,24.6544,Southern,Subtropical,landlocked,Lagos,4239.781699805731,2744.527808,18932.4802712334,69.163,2480244.0,2.732,39.6,81.36,75.9,,54.9,67.0212655349864,26.4995676953752,27.4,155.0,8.05833660991541,101.532181974812,0.379,21.4,179.027,85.6117077543432,0.306272176448881,8.88565995833333,489.59677124,24.713,5.724,Other,0.0,Stable,5.5
CAF,Central African Republic,5.63056,21.6407,SSF,LIC,Bangui,5.63056,Northern,Tropical,landlocked,Lagos,2021.3965514858037,626.7939392,1132.67643369804,57.408,5152421.0,6.012,92.2,7.50916,15.7,42.439998626709,43.0,43.6983692134165,35.7041959613471,90.9,692.0,1.82995911310419,38.4804611206055,0.074,71.6,38.8218,45.23357000162,,0.0514184397163121,53.81136703,46.358,9.419,Other,6.0,Conflict-affected,3.0
CAN,Canada,45.4215,-75.6919,NAC,HIC,Ottawa,45.4215,Northern,Temperate,coastline,New York,541.3824881699285,5056.32138,57517.4431587432,81.6465853658537,40083484.0,1.26,5.1,93.9564,100.0,,31.1,82.5250564408346,39.4659199995449,23.8,12.0,4.88021993637085,,2.819,0.2,94.1497,67.3176215563989,0.039437208123801,1.26764912280702,6186.65234375,8.8,8.1,Other,0.0,Stable,8.0
CHE,Switzerland,46.948,7.44821,ECS,HIC,Bern,46.948,Northern,Temperate,landlocked,Paris,435.327560079952,5226.251359999999,82295.2993346568,84.0560975609756,8888822.0,1.33,3.9,97.3444,100.0,,33.8,85.1854212679815,32.2956707010417,27.7,5.0,4.92419004440308,96.9121017456055,4.477,0.2,128.64,138.500698753519,0.400685830735044,4.21782178217822,11783.66992188,9.0,8.1,Other,0.0,Stable,8.0
CHL,Chile,-33.475,-70.6475,LCN,HIC,Santiago,33.475,Southern,Subtropical,coastline,Buenos Aires,1136.5608251045337,3726.437,29563.6780243659,81.167,19658835.0,1.167,7.2,94.4574,100.0,96.4000015258789,43.0,88.8158617217972,24.8461772576085,24.2,10.0,4.89753007888794,100.907341003418,3.334,0.5,135.871,75.2016177425303,0.0282751450622328,3.99638418079096,1736.52038574,8.963,6.495,Other,0.0,Stable,8.0
CHN,China,40.0495,116.286,EAS,UMC,Beijing,40.0495,Northern,Temperate,coastline,Beijing,19.253824967749722,4458.31034,22687.0758723942,77.953,1410710000.0,0.999,6.2,90.6,100.0,96.7399978637695,36.0,65.5301448035523,23.8316995465589,15.2,16.0,4.00127983093262,103.455256923166,3.112,0.0,128.247,37.440719876366,0.142457651070649,20.2097479469587,763.37762451,6.39,7.87,Other,0.0,Stable,5.5
CIV,Cote d'Ivoire,5.332,-4.0305,SSF,LMC,Yamoussoukro,5.332,Northern,Tropical,coastline,Lagos,830.1628427772029,593.55824,6520.89886460031,61.944,31165654.0,4.283,67.1,40.6528,72.0,50.0,35.3,53.4075201638704,8.21049968553459,58.2,359.0,3.42617011070252,75.870809116479,0.166,20.9,171.989,52.8663910413483,1.46910313622564,1.51223321186882,87.68105316,31.99,7.66,Other,0.0,Stable,4.0
CMR,Cameroon,3.8721,11.5174,SSF,LMC,Yaounde,3.8721,Northern,Tropical,coastline,Lagos,947.9174123056299,431.042172,4875.25120768005,63.7,28372687.0,4.322,67.2,41.9088,71.0,72.5500030517578,42.2,55.1286878511388,42.7925789596158,79.2,258.0,2.83907623667935,72.2156986466489,0.136,26.7,96.4817,41.2866025594679,1.26876259890659,0.398681318681319,79.09996796,33.743,7.151,Other,4.0,Conflict-affected,4.0
COD,"Congo, Dem. Rep.",-4.325,15.3222,SSF,LIC,Kinshasa,4.325,Southern,Tropical,landlocked,Lagos,1792.1054937695983,481.459,1559.33806475859,61.895,105789731.0,6.051,73.2,30.548,21.5,65.6914486099044,44.7,44.3754734892194,54.6754592973247,96.3,427.0,2.84466514463005,75.7079315185547,0.208,85.3,53.1889,85.8221691879958,4.63187810938395,0.0759555555555556,23.43148804,41.305,8.525,Other,7.0,Conflict-affected,3.0
COG,"Congo, Rep.",-4.2767,15.2662,SSF,LMC,Brazzaville,4.2767,Southern,Tropical,coastline,Lagos,1783.8980139101454,476.08224399999995,6172.28776650683,65.772,6182885.0,4.157,40.5,38.3791,50.6,,48.9,63.6626757615625,64.1756954612006,71.4,241.0,3.34005209256916,71.1370697021484,0.173,39.2,94.8715,98.1613366922001,0.277926360104092,0.0207207207207207,75.55332184,30.627,6.288,Other,0.0,Stable,4.0
COL,Colombia,4.60987,-74.082,LCN,UMC,Bogota,4.60987,Northern,Tropical,coastline,Mexico City,3175.553314381326,513.1707283999999,18382.9976800475,77.725,52321152.0,1.645,12.0,77.3369,100.0,95.4625553716428,53.9,78.275571579544,52.9457763857593,29.7,59.0,5.26166009902954,97.1171035766602,2.535,7.7,166.98,48.2826551123359,2.7354220776326,1.13117202797203,571.15496826,13.475,5.398,Other,4.0,Conflict-affected,5.5
COM,Comoros,-11.6986,43.2418,SSF,LMC,Moroni,11.6986,Southern,Tropical,coastline,Mumbai,4718.280240509981,1302.288152,3434.40177367723,66.777,850387.0,3.878,39.8,35.6678,89.9,75.8250571350015,45.3,33.1502180946901,17.2165502418055,39.3,179.0,2.34146896682989,73.9499297350752,0.424,31.4,109.856,50.3887704814699,23.054600106625,0.833333333333333,102.23101807,28.653,7.196,Other,0.0,Stable,4.0
CPV,Cabo Verde,14.9218,-23.5087,SSF,UMC,Praia,14.9218,Northern,Tropical,coastline,Lagos,3078.971260368678,1661.094776,9228.4604533114,76.059,522331.0,1.522,11.6,73.539,97.1,86.7900009155273,42.4,75.9064245753376,11.4937965260546,21.8,40.0,4.3482854136693,99.0985576923077,0.73,14.6,113.023,96.9941368513357,14.031084297698,59.68371,290.12619019,12.33,5.059,Other,0.0,Stable,5.5
CRI,Costa Rica,9.63701,-84.0089,LCN,HIC,San Jose,9.63701,Northern,Tropical,coastline,Mexico City,1956.0337859374017,1072.7919531999999,25979.6286150717,80.799,5105525.0,1.33,10.5,85.3951,100.0,97.4100036621094,46.7,78.8819393641702,60.0785350567959,34.2,24.0,6.24841976165771,100.666328430176,2.687,1.5,145.789,82.2275325353143,0.895844948118842,3.05029203539823,1163.30224609,10.179,5.457,Other,0.0,Stable,8.0
CUB,Cuba,23.1333,-82.3667,LCN,UMC,Havana,23.1333,Northern,Tropical,coastline,Mexico City,1783.8014354710742,2575.1989559999997,,78.085,11019931.0,1.439,8.3,71.275,100.0,97.6500015258789,,77.1259872296321,31.233140655106,20.9,35.0,8.44086351669284,93.5789089043173,9.542,,69.5768,93.8607755890525,,18.2528856243442,1199.35327148,8.706,10.147,Other,0.0,Stable,5.5
CYM,Cayman Islands,19.3022,-81.3857,LCN,HIC,George Town,19.3022,Northern,Tropical,coastline,Mexico City,1860.6663773136538,2148.720904,79675.8568481808,80.358,73038.0,1.531,,81.0677,100.0,,,100.0,52.6666666666667,0.0,,1.57024002075195,102.59067357513,,,139.315,105.472790158919,0.191442641043377,,,11.838,4.801,Other,0.0,Stable,8.0
CYP,Cyprus,35.1676,33.3736,ECS,HIC,Nicosia,35.1676,Northern,Temperate,coastline,Cairo,604.1266952078441,3914.857232,51453.7265625,81.648,1344976.0,1.389,3.5,91.2211,100.0,98.6800003051758,31.8,66.6739477522639,18.6677489177489,15.6,14.0,4.73588991165161,98.4943389892578,3.556,0.0,155.696,205.753543745524,1.67385436424024,28.5897435897436,2899.36499023,10.799,7.063,Other,0.0,Stable,8.0
CZE,Czechia,50.0878,14.4205,ECS,HIC,Prague,50.0878,Northern,Temperate,landlocked,Paris,881.7548977566582,5575.773896,47558.4106763314,79.8780487804878,10864042.0,1.45,2.6,85.994,100.0,,25.7,72.7352388396817,34.7369431785448,17.2,3.0,4.30291986465454,98.7293701171875,4.352,0.0,126.005,144.011494109397,1.37578324481376,10.9885931558935,2671.08398438,8.4,10.4,Other,0.0,Stable,8.0
DEU,Germany,52.5235,13.4115,ECS,HIC,Berlin,52.5235,Northern,Temperate,coastline,Paris,877.9584492181716,5846.91602,63039.3719696432,80.5414634146342,83287273.0,1.39,3.7,92.4764,100.0,,32.4,81.9034366692129,32.685482024273,17.6,4.0,5.23916006088257,99.2837371826172,4.534,0.2,124.663,88.7857542130501,0.466478241668682,24.1052046728972,6394.62255859,8.3,12.3,Other,0.0,Stable,8.0
DJI,Djibouti,11.5806,43.1425,MEA,LMC,Djibouti,11.5806,Northern,Tropical,coastline,Cairo,2392.4716527616474,1289.152392,6510.67859061619,65.987,1152944.0,2.609,50.4,65.0248,65.0,,41.6,72.8408245988921,0.257308024158758,26.9,162.0,3.75143003463745,,0.211,25.4,48.4505,302.285409231545,1.58752439290675,6.33333333333333,77.57087708,20.769,7.456,Other,0.0,Stable,4.0
DMA,Dominica,15.2976,-61.39,LCN,UMC,Roseau,15.2976,Northern,Tropical,coastline,New York,3077.572114073952,1702.9288319999998,18278.2253401989,71.132,66510.0,1.484,35.5,83.8255,100.0,,,73.1105011438027,63.8266666666667,8.9,36.0,4.69423746286593,100.958076477051,1.158,,85.1899,,6.06413655358534,10.0,492.4524231,11.09,12.763,Other,0.0,Stable,5.5
DNK,Denmark,55.6763,12.5681,ECS,HIC,Copenhagen,55.6763,Northern,Subarctic/Arctic,coastline,London,955.5228469965905,6197.885716,69379.22000847,81.8536585365854,5946952.0,1.5,3.4,98.7756,100.0,,29.9,88.552638542867,15.758,39.5,4.0,6.35586977005005,99.2550430297852,4.498,0.4,126.919,131.995824909071,0.349819211771776,15.5725,6510.625,9.7,9.8,Other,0.0,Stable,8.0
DOM,Dominican Republic,18.479,-69.8908,LCN,UMC,Santo Domingo,18.479,Northern,Tropical,coastline,New York,2503.062543444578,2057.0822799999996,23282.4895071054,73.72,11331265.0,2.243,31.4,84.6161,98.1,94.3123758236054,38.4,72.3577991823338,44.8209283285911,14.8,124.0,3.7606477375256,91.6880720478921,2.426,1.3,91.8676,54.3781976712844,9.05734336867233,30.3702127659574,488.8727417,17.931,6.25,Other,0.0,Stable,5.5
DZA,Algeria,36.7397,3.05097,MEA,UMC,Algiers,36.7397,Northern,Temperate,coastline,Paris,1348.9125495952587,4089.8634039999997,15159.3242373415,76.261,46164219.0,2.766,22.0,76.9081,100.0,,27.6,74.732808364138,0.826286664371426,0.1,62.0,5.61015717726636,97.5415729665837,1.66,0.0,111.606,51.1900893683897,0.755694605229352,91.5088468035921,233.37947083,19.625,4.641,Other,0.0,Stable,5.5
ECU,Ecuador,-0.229498,-78.5243,LCN,UMC,Quito,0.229498,Southern,Tropical,coastline,Mexico City,3134.7037932983244,25.54771736,14343.0190134813,77.392,17980083.0,1.823,13.1,72.6943,100.0,96.2600021362305,44.6,63.1307729554263,49.8038734095668,18.9,55.0,3.89365005493164,100.199679503356,2.313,4.7,101.032,61.880792818786,4.08839477102189,2.24136528028933,509.49414063,15.033,5.128,Other,0.0,Stable,5.5
EGY,"Egypt, Arab Rep.",30.0982,31.2461,MEA,LMC,Cairo,30.0982,Northern,Subtropical,coastline,Cairo,6.49811259616555,3350.5316239999997,16691.387399222,71.633,114535772.0,2.75,17.5,72.6899,100.0,79.4565788949049,28.5,42.7098115041919,0.0451855944547692,6.1,17.0,,93.8413993972316,0.671,1.4,92.8262,36.9831048772713,5.94293350334715,7750.0,141.41111755,21.004,5.461,Other,0.0,Stable,4.0
ERI,Eritrea,15.3315,38.9183,SSF,LIC,Asmara,15.3315,Northern,Tropical,coastline,Cairo,1813.855398886171,1706.70258,,68.624,3470390.0,3.713,35.4,20.0104,53.4,,,34.696403503418,8.65617743125414,80.7,291.0,,61.2794189453125,0.088,,59.1248,47.3937901188684,,20.7857142857143,28.29782677,28.544,6.047,Other,0.0,Stable,3.0
ESP,Spain,40.4167,-3.70327,ECS,HIC,Madrid,40.4167,Northern,Temperate,coastline,Paris,1053.1348212259838,4499.187043999999,47322.5937004504,83.8829268292683,48352528.0,1.12,3.1,95.4456,100.0,99.6999969482422,33.4,80.128491001856,37.1827922798055,19.0,3.0,4.58553981781006,99.5605087280273,4.294,0.8,127.715,78.4657338703054,0.292566709394882,26.0971223021583,3106.62011719,6.7,9.0,Other,0.0,Stable,8.0
EST,Estonia,59.4392,24.7586,ECS,HIC,Tallinn,59.4392,Northern,Subarctic/Arctic,coastline,Moscow,866.6803042314797,6616.771744,41288.6165892158,78.490243902439,1370286.0,1.31,2.1,93.1834,100.0,99.8899993896484,30.7,70.6770085523126,57.0652937046572,38.0,5.0,5.20733976364136,96.8391036987305,3.469,0.3,150.196,175.68711950524,1.22967848244244,9.48447483870968,2258.4597168,8.0,11.7,Other,0.0,Stable,8.0
ETH,Ethiopia,9.02274,38.7468,SSF,INX,Addis Ababa,9.02274,Northern,Tropical,coastline,Cairo,2463.898892717177,1004.4114168,2757.95923634026,67.315,128691692.0,3.989,46.5,16.6981,55.4,60.4599990844727,31.1,23.0586471557617,14.9955852855138,90.6,195.0,2.9272447768927,55.0561499631858,0.143,38.6,56.9643,26.5954996967313,0.414325120259501,8.64598360655738,34.79846954,31.903,5.96,Other,6.0,Conflict-affected,4.0
FIN,Finland,60.1608,24.9525,ECS,HIC,Helsinki,60.1608,Northern,Subarctic/Arctic,coastline,Moscow,890.9732617590529,6697.100256,56250.8787899319,81.6853658536585,5583911.0,1.26,2.3,93.5139,100.0,,27.4,74.0062548602828,73.7264996576714,50.2,8.0,6.37603998184204,98.9240798950195,3.609,0.2,127.473,94.5625340522667,0.23606130716,2.80373831775701,5515.40478516,7.8,11.0,Other,0.0,Stable,8.0
FJI,Fiji,-18.1149,178.399,EAS,UMC,Suva,18.1149,Southern,Tropical,coastline,Tokyo,7238.421679665998,2016.5506679999996,13194.8047570404,67.316,924145.0,2.281,29.1,79.3485,92.0,,30.7,58.6069049738768,63.1297208538588,28.4,30.0,4.24679790890603,116.716614720691,0.813,4.7,111.749,,9.2173590355123,0.297373029772329,212.88697815,17.996,9.255,Other,0.0,Stable,5.5
FRA,France,48.8566,2.35097,ECS,HIC,Paris,48.8566,Northern,Temperate,coastline,Paris,0.3846650415879258,5438.7167119999995,54296.7230897731,82.9292682926829,68372286.0,1.66,4.3,86.8364,100.0,,31.8,78.7804323126547,32.32173671027,16.2,7.0,5.32435989379883,,3.281,0.1,116.688,75.9630077981996,1.17052155739918,12.2138298,5149.0546875,9.9,9.2,Other,0.0,Stable,8.0
FRO,Faroe Islands,61.8926,-6.91181,ECS,HIC,Torshavn,61.8926,Northern,Subarctic/Arctic,coastline,London,1224.8982741491243,6889.884231999999,71807.3137035442,83.1439024390244,54414.0,1.8586,,97.582,100.0,,,39.1975270123645,0.0583941605839416,7.9,,,,,,105.804,122.86334141193,6.32195310250215,,,10.6,7.6,Other,0.0,Stable,8.0
FSM,"Micronesia, Fed. Sts.",6.91771,158.185,EAS,LMC,Palikir,6.91771,Northern,Tropical,coastline,Tokyo,3712.4338313383128,770.0794771999999,3814.72009332148,67.198,112630.0,2.748,23.1,39.3833,85.3,,40.1,22.4334012451903,92.1142857142857,2.0,129.0,11.5591397849462,87.3766475464502,0.974,26.1,19.9886,90.6343902457202,5.61084573906575,,507.7762146,22.299,7.64,Other,0.0,Stable,4.0
GAB,Gabon,0.38832,9.45162,SSF,UMC,Libreville,0.38832,Northern,Tropical,coastline,Lagos,958.4246126015323,43.227782399999995,18701.4227766897,68.337,2484789.0,3.647,33.2,71.9256,93.5,88.8600006103516,38.0,91.6375962797313,91.228470524314,91.3,233.0,2.31594287726056,,0.521,3.8,122.607,92.0630888500131,0.128331390945391,0.0848170731707317,252.98246765,27.666,6.269,Other,0.0,Stable,5.5
GBR,United Kingdom,51.5002,-0.126236,ECS,HIC,London,51.5002,Northern,Temperate,coastline,London,1.1204184224783658,5733.002264,52592.6822066393,81.2380975609756,68492000.0,1.56,4.5,96.2988,100.0,,32.4,83.1601932891335,13.2554871243748,12.2,8.0,5.90682983398438,101.423362731934,3.301,0.5,122.796,69.1989264413981,0.124639359449125,5.80620689655172,5407.17041016,10.023,9.518,Other,0.0,Stable,8.0
GEO,Georgia,41.71,44.793,ECS,UMC,Tbilisi,41.71,Northern,Temperate,coastline,Istanbul,1320.1840363908582,4643.1572,22590.5293649146,74.496,3715483.0,1.81,9.2,81.8843,100.0,99.5599975585938,34.8,60.7523077799724,40.6159159591308,25.2,20.0,3.70918011665344,106.243340748079,5.642,5.8,155.25,114.695437688718,15.4242760609985,2.22497849647342,554.3248291,11.494,11.839,Other,0.0,Stable,5.5
GHA,Ghana,5.57045,-0.20795,SSF,LMC,Accra,5.57045,Northern,Tropical,coastline,Lagos,410.54735075995654,620.102494,6808.53775165029,65.498,33787914.0,3.397,37.1,69.9445,85.1,76.4899978637695,43.5,57.8074737774654,35.1604431005612,39.0,234.0,2.90963831638452,93.4155248289227,0.266,39.0,98.8059,70.1154557958907,2.87894180193646,4.78085808580858,70.25730896,26.31,7.04,Other,0.0,Stable,4.0
GIN,Guinea,9.51667,-13.7,SSF,LMC,Conakry,9.51667,Northern,Tropical,coastline,Lagos,1909.5746451369778,1059.3957043999999,3904.82395527998,60.74,14405468.0,4.217,95.0,26.5014,47.7,39.6199989318848,29.6,37.6454083954705,24.8616311248576,66.6,494.0,1.72470879088585,59.8791389465332,0.21,11.7,108.885,94.1652726931221,2.64823563849093,0.393805309734513,59.33010101,33.848,9.125,Other,0.0,Stable,4.0
GMB,"Gambia, The",13.4495,-16.5885,SSF,LIC,Banjul,13.4495,Northern,Tropical,coastline,Lagos,2316.8498075815783,1497.19834,2963.59873325179,65.86,2697845.0,4.006,44.1,45.9137,65.4,51.6399993896484,38.8,63.8020182456108,22.8459584980237,47.7,354.0,2.80838156544977,80.1995474182267,0.09,22.0,106.782,44.7219215369466,22.7621227874971,3.38666666666667,25.74407768,30.429,6.292,Other,0.0,Stable,3.0
GNB,Guinea-Bissau,11.8037,-15.1804,SSF,LIC,Bissau,11.8037,Northern,Tropical,coastline,Lagos,2119.5401456215354,1313.987884,2693.77665018683,64.085,2153339.0,3.836,69.3,32.4661,37.4,63.9300003051758,33.4,45.5923843383789,69.8125889046942,87.4,505.0,2.01027011871338,62.643440246582,0.252,39.9,128.111,45.7584952252858,10.2284557500648,1.09375,82.13543701,30.037,7.05,Other,0.0,Stable,3.0
GNQ,Equatorial Guinea,3.7523,8.7741,SSF,UMC,Malabo,3.7523,Northern,Tropical,coastline,Lagos,671.9465380803443,417.706036,15688.2384192658,63.707,1847549.0,4.081,70.6,60.3661,67.0,,38.5,71.1290664883517,86.6916221033868,4.2,174.0,,32.635799407959,0.153,8.8,49.538,81.8130161368099,,0.0761538461538462,233.68379211,29.604,7.878,Other,0.0,Stable,5.5
GRC,Greece,37.9792,23.7166,ECS,HIC,Athens,37.9792,Northern,Temperate,coastline,Istanbul,563.3386245878958,4227.844544,36700.5134631055,81.5365853658537,10407351.0,1.32,3.7,85.0102,100.0,,33.4,78.7746303842088,30.2699767261443,21.5,5.0,3.37547993659973,99.9148864746094,6.576,0.6,110.792,108.121843229922,0.275508376333916,17.3224137931035,1962.59594727,6.8,12.2,Other,0.0,Stable,8.0
GRD,Grenada,12.0653,-61.7449,LCN,UMC,Saint George's,12.0653,Northern,Tropical,coastline,New York,3403.2190541541563,1343.1091959999999,17093.1562867447,75.205,117081.0,1.487,18.3,74.1201,94.2,,43.8,36.462128238584,52.0588235294118,10.0,48.0,5.12544845968893,95.7410562180579,1.383,0.8,95.7592,,5.15147424065455,7.05,526.3918457,11.711,8.859,Other,0.0,Stable,5.5
GRL,Greenland,64.1836,-51.7214,ECS,HIC,Nuuk,64.1836,Northern,Subarctic/Arctic,coastline,New York,2980.1112344309677,7144.918352,71037.5372239623,71.549756097561,56865.0,1.769,,69.4825,100.0,,,88.0631147749908,0.0005359970763795,11.7,,,,,,118.637,93.3651328766632,,,,12.6,9.4,Other,0.0,Stable,8.0
GTM,Guatemala,14.6248,-90.5328,LCN,UMC,Guatemala City,14.6248,Northern,Tropical,coastline,Mexico City,1058.4113501597244,1628.0327359999999,12384.948508094,72.602,18124838.0,2.311,21.4,56.0535,99.1,83.0440590538501,45.2,55.6082319565539,32.7043673012318,62.1,94.0,3.10633993148804,85.8256653187583,1.281,9.7,113.709,54.4310384820058,19.0341676606447,3.04404761904762,392.01223755,20.809,4.829,Other,0.0,Stable,5.5
GUM,Guam,13.4443,144.794,EAS,HIC,Agana,13.4443,Northern,Tropical,coastline,Tokyo,2524.7138625934003,1496.6194759999998,,77.209,166506.0,2.781,,80.5055,100.0,,,94.1349341638921,51.8518518518518,6.7,,,,,,,71.8668596237337,,,,17.662,6.868,Other,0.0,Stable,8.0
GUY,Guyana,6.80461,-58.1548,LCN,HIC,Georgetown,6.80461,Northern,Tropical,coastline,Sao Paulo,3599.931260307271,757.4891852,49312.3603225444,70.18,826353.0,2.412,25.7,81.7221,93.0,85.6399993896484,,26.4651457279878,87.1314345931609,12.1,75.0,4.45058012008667,104.342664333917,1.387,,112.565,,3.66298141565721,0.599460580912863,505.03240967,20.287,7.32,Other,0.0,Stable,8.0
HKG,"Hong Kong SAR, China",22.3964,114.109,EAS,HIC,,22.3964,Northern,Tropical,coastline,Shanghai,1223.2871482977453,2493.1672479999997,64434.5576690871,85.2473170731707,7536100.0,0.751,,95.9778,100.0,,,100.0,,0.4,,3.80327010154724,105.857142857143,,,319.494,384.881143223724,0.116680816832558,,,4.4,7.3,Other,0.0,Stable,8.0
HND,Honduras,15.1333,-87.4667,LCN,LMC,Tegucigalpa,15.1333,Northern,Tropical,coastline,Mexico City,1326.7949941588677,1684.638956,6467.8800352783,72.884,10644851.0,2.5,15.5,58.2789,94.4,87.0899963378906,46.8,58.3132392705102,56.4604522298686,45.9,47.0,4.54962037172702,73.4535986087997,0.489,17.0,74.4148,112.698524913966,27.0011044721289,1.77255680564747,249.15301514,21.963,4.478,Other,0.0,Stable,4.0
HRV,Croatia,45.8069,15.9614,ECS,HIC,Zagreb,45.8069,Northern,Temperate,coastline,Paris,1078.7143284720478,5099.224107999999,41320.2032633085,78.4731707317073,3859686.0,1.46,4.6,83.2412,100.0,,30.1,57.2431560672198,34.7410650464618,34.1,3.0,4.0916600227356,100.516410827637,3.909,0.3,117.113,125.410877974694,7.52367920790561,1.80106100795756,1548.33959961,8.3,13.3,Other,0.0,Stable,8.0
HTI,Haiti,18.5392,-72.3288,LCN,LMC,Port-au-Prince,18.5392,Northern,Tropical,coastline,New York,2470.4981390895623,2063.783744,2965.94622340134,64.936,11637398.0,2.656,55.1,39.262,49.3,68.0100021362305,41.1,54.4496819335618,12.3759071117562,76.7,328.0,0.964648012977964,,0.292,40.4,65.1889,36.529550283828,18.7510455649753,11.1478434689014,54.4146843,22.2,7.817,Other,5.0,Conflict-affected,4.0
HUN,Hungary,47.4984,19.0408,ECS,HIC,Budapest,47.4984,Northern,Temperate,landlocked,Istanbul,1069.4873339429964,5287.521887999999,40333.2546888118,76.7707317073171,9592186.0,1.51,3.8,91.4501,100.0,,30.6,70.2923026891431,22.4643754109139,15.3,12.0,3.81258988380432,96.809211730957,3.456,0.9,105.054,185.000204092698,2.2424521145243,78.247,1419.87475586,9.1,13.4,Other,0.0,Stable,8.0
IDN,Indonesia,-6.19752,106.83,EAS,UMC,Jakarta,6.19752,Southern,Tropical,coastline,Jakarta,2.6103094067617496,689.9079264,13889.9749067297,71.146,281190067.0,2.127,20.6,69.2084,100.0,96.0,36.1,58.1179353397878,48.0419900717626,20.2,140.0,1.27517088245674,99.9521715181012,0.524,6.7,125.238,45.4646701959453,0.99228904198387,11.0286322881062,131.77729797,15.941,7.531,Other,0.0,Stable,5.5
IMN,Isle of Man,54.1509,-4.47928,ECS,HIC,Douglas,54.1509,Northern,Temperate,coastline,London,414.1112666593232,6028.0781879999995,,80.999,84165.0,1.548,,,100.0,,,52.1832571730182,6.07017543859649,2.7,,,,1.449,,,,,,,8.34,10.476,Other,0.0,Stable,8.0
IND,India,28.6353,77.225,SAS,LMC,New Delhi,28.6353,Northern,Subtropical,coastline,Delhi,3.171409884651964,3187.681596,9301.75603225735,72.003,1438069596.0,1.975,27.7,55.9,99.2,81.6999969482422,25.5,35.0676918424186,24.4494970049005,34.9,80.0,4.09865814174589,93.8187311671038,0.723,5.3,80.5632,50.0752701498882,3.32391537862222,44.7786998616874,84.68669891,16.146,6.611,Other,0.0,Stable,4.0
IRL,Ireland,53.3441,-6.26749,ECS,HIC,Dublin,53.3441,Northern,Temperate,coastline,London,463.22112142700416,5938.265211999999,117862.128878959,82.8609756097561,5311538.0,1.5,3.8,96.4974,100.0,,29.0,64.1152082461268,11.4678472927856,12.7,4.0,2.904629945755,96.4699478149414,3.875,0.1,110.798,237.755419559378,0.0969814080083862,3.41428571428571,6877.9375,10.3,6.6,Other,0.0,Stable,8.0
IRN,"Iran, Islamic Rep.",35.6878,51.4447,MEA,UMC,Tehran,35.6878,Northern,Temperate,coastline,Karachi,1914.9100254024136,3972.765896,17044.8173461033,77.654,90608707.0,1.695,11.8,79.6309,100.0,88.9233339833467,35.9,76.6759567260742,6.64160246533128,0.9,16.0,2.82443290958712,96.345588684082,1.811,2.5,166.28,48.9183508223052,,72.3346303501945,267.059021,12.951,4.672,Other,0.0,Stable,5.5
IRQ,Iraq,33.3302,44.394,MEA,UMC,Baghdad,33.3302,Northern,Subtropical,coastline,Cairo,1296.2232657243835,3710.3178639999996,13202.3228073875,72.324,45074049.0,3.249,22.6,81.7291,100.0,84.0588635813164,29.8,69.868278503418,1.90035242899592,1.1,66.0,,,1.022,0.5,101.389,68.75879409409,0.3822220371914,120.521875,333.29360962,25.728,4.132,Other,7.0,Conflict-affected,5.5
ISL,Iceland,64.1353,-21.8952,ECS,HIC,Reykjavik,64.1353,Northern,Subarctic/Arctic,coastline,London,1886.8261410316434,7139.541596,68118.3960312086,82.6073170731707,385663.0,1.59,2.6,99.8301,100.0,,26.8,94.1518261784801,0.522265198849549,82.4,3.0,7.28923988342285,98.6200180053711,4.373,0.1,123.382,93.0487199615013,0.667749932634084,0.170588235294118,7064.62402344,11.0,6.6,Other,0.0,Stable,8.0
ISR,Israel,31.7717,35.2035,MEA,HIC,,31.7717,Northern,Subtropical,coastline,Cairo,424.3033144375443,3536.8256439999996,47527.151024672,83.1951219512195,9849000.0,2.85,3.4,87.0384,100.0,,37.9,91.5089569794505,6.46950092421442,6.2,2.0,5.93496990203857,96.2661972045898,3.797,0.7,153.337,60.6448526742952,0.240907416807883,204.0,3927.69873047,18.6,5.2,Other,5.0,Conflict-affected,8.0
ITA,Italy,41.8955,12.4823,ECS,HIC,Rome,41.8955,Northern,Temperate,coastline,Paris,1105.4675688587758,4663.807059999999,52870.3261442897,83.7,58984216.0,1.2,2.8,87.0278,100.0,99.3499984741211,34.3,69.5381540123301,32.7125321249831,17.5,6.0,4.0698299407959,97.3619613647461,4.191,0.9,131.872,72.0165023032697,0.466821575656975,18.5112328767123,3283.47216797,6.4,11.2,Other,0.0,Stable,8.0
JAM,Jamaica,17.9927,-76.792,LCN,UMC,Kingston,17.9927,Northern,Tropical,coastline,Mexico City,2356.3801626051145,2002.9473639999999,11398.8120394641,71.479,2839786.0,1.358,19.3,89.473,100.0,,39.9,58.4510149367429,55.8320498614958,10.5,130.0,5.65453693979426,81.0696353400619,0.46,1.4,115.092,,19.6005613796812,12.3828188764668,520.15704346,11.623,8.076,Other,0.0,Stable,5.5
JOR,Jordan,31.9497,35.9263,MEA,LMC,Amman,31.9497,Northern,Subtropical,coastline,Cairo,494.52411039540056,3556.6406039999997,9381.35436036929,77.814,11439213.0,2.639,13.2,92.5344,100.0,94.8499984741211,33.7,92.682236868336,1.09804716534901,11.5,31.0,3.51486315596325,97.1706496556539,2.851,0.1,67.5457,104.095459439189,9.78565654560806,139.277126099707,342.10394287,20.611,3.049,Other,0.0,Stable,4.0
JPN,Japan,35.67,139.77,EAS,HIC,Tokyo,35.67,Northern,Temperate,coastline,Tokyo,7.311280618833792,3970.7844,45858.6595131439,84.0412195121951,124516650.0,1.2,2.4,86.9815,100.0,,32.3,92.0826903891473,68.4087791495199,8.8,3.0,3.33563995361328,,2.649,1.2,178.432,46.8129868368938,0.126874933673179,18.5348837209302,3638.19287109,6.0,13.0,Other,0.0,Stable,8.0
KAZ,Kazakhstan,51.1879,71.4382,ECS,UMC,Astana,51.1879,Northern,Temperate,landlocked,Moscow,2270.7727747671706,5698.237028,34703.2349286604,74.402,20330104.0,3.012,9.6,92.8785,100.0,,29.2,61.7560919499181,1.3013145534689,2.0,10.0,4.84984016418457,103.073237596239,3.754,0.0,127.115,68.3343147415612,0.213219830288597,38.7972027972028,489.71456909,20.138,6.709,Other,0.0,Stable,5.5
KEN,Kenya,-1.27975,36.8126,SSF,LMC,Nairobi,1.27975,Southern,Tropical,coastline,Cairo,3532.408657024589,142.46176999999997,5691.82513474417,63.646,55339003.0,3.208,39.9,35.0,76.0,,37.7,31.6330340816429,6.21662477880402,67.7,149.0,3.96229304413263,102.200240064297,0.289,46.9,120.612,40.2753238373561,3.54717907214312,19.4782608695652,84.958992,27.106,7.211,Other,0.0,Stable,4.0
KGZ,Kyrgyz Republic,42.8851,74.6057,ECS,LMC,Bishkek,42.8851,Northern,Temperate,landlocked,Delhi,1604.3947418998462,4773.969332,6575.77541290499,72.2487804878049,7099750.0,2.7,17.0,88.4701,99.7,,27.2,34.706439175362,7.04827945776851,27.6,42.0,6.82694680798777,96.1198727607567,1.568,2.7,108.591,133.786718048766,26.5775606386275,15.7510729613734,96.65081787,20.6,4.4,Other,0.0,Stable,4.0
KHM,Cambodia,11.5556,104.874,EAS,LMC,Phnom Penh,11.5556,Northern,Tropical,coastline,Jakarta,1987.5021015143689,1286.3693919999998,6695.29194763723,70.668,17423880.0,2.579,22.9,60.7171,92.3,71.9300003051758,,40.6290788072508,43.9439723544074,52.4,137.0,2.1809128340295,87.630151233724,0.211,,120.809,145.873632761406,6.54093545373445,1.81094527363184,114.56295776,20.752,6.39,Other,0.0,Stable,4.0
KIR,Kiribati,1.32905,172.979,EAS,LMC,Tarawa,1.32905,Northern,Tropical,coastline,Tokyo,5135.4084448607155,147.949846,3140.58326370439,66.473,132530.0,3.147,55.1,88.0,94.4,98.6322966077083,27.8,61.5244676194408,1.45679012345679,41.9,80.0,16.39053,105.818181818182,0.193,6.1,51.2541,107.685878015909,10.4091518739003,,238.12675476,25.813,7.046,Other,0.0,Stable,4.0
KNA,St. Kitts and Nevis,17.3,-62.7309,LCN,HIC,Basseterre,17.3,Northern,Tropical,coastline,New York,2818.8212505293186,1925.836,30616.577281386,72.145,46758.0,1.505,16.3,76.4208,100.0,,,31.7007809622822,42.3076923076923,1.5,74.0,3.49726171629099,124.306688417618,3.085,,118.893,,3.82742435449419,50.8333333333333,1294.88391113,11.745,9.963,Other,0.0,Stable,8.0
KOR,"Korea, Rep.",37.5323,126.957,EAS,HIC,Seoul,37.5323,Northern,Temperate,coastline,Osaka,829.5452017071492,4178.095636,54029.3434990785,83.4292682926829,51712619.0,0.721,2.8,97.416,100.0,,32.9,81.1645551720421,64.2110655737705,3.6,4.0,5.81446981430054,98.2711029052734,2.61,0.2,162.114,90.5851475278549,0.434292552000758,45.0223592906708,3043.87329102,4.5,6.0,Other,0.0,Stable,8.0
KWT,Kuwait,29.3721,47.9824,MEA,HIC,Kuwait City,29.3721,Northern,Subtropical,coastline,Cairo,1617.2742188432007,3269.702172,47777.4012284844,83.1878048780488,4853420.0,1.524,8.8,99.7473,100.0,96.4599990844727,,100.0,0.350729517396184,0.1,8.0,5.0262608311279,80.4330430689574,2.273,,167.684,90.9204116970196,0.012043935758368,,1679.12353516,10.3028486127809,1.53211676064858,Other,0.0,Stable,8.0
LAO,Lao PDR,18.5826,102.177,EAS,LMC,Vientiane,18.5826,Northern,Tropical,landlocked,Dhaka,1350.5043344932517,2068.6150319999997,8372.15591874407,68.964,7664993.0,2.421,39.0,63.6255,100.0,75.6399993896484,38.8,38.8070088517156,71.6052859618717,49.2,112.0,1.23375160355741,88.83898879882,0.331,15.7,64.7588,75.0918909204124,1.54993514268783,3.86029411764706,27.41773605,21.271,6.221,Other,0.0,Stable,4.0
LBN,Lebanon,33.8872,35.5134,MEA,LMC,Beirut,33.8872,Northern,Subtropical,coastline,Cairo,587.6805230072325,3772.3231039999996,11330.2687387422,77.817,5773493.0,2.239,18.3,83.4933,100.0,92.0144800114203,35.3,90.4524074197598,14.128054740958,6.8,15.0,1.50416361108086,67.2665475619853,2.68,5.9,74.0148,114.888278265666,30.6555163782975,37.75,260.8119812,16.144,5.962,Other,0.0,Stable,4.0
LBR,Liberia,6.30039,-10.7957,SSF,LIC,Monrovia,6.30039,Northern,Tropical,coastline,Lagos,1566.550456310717,701.3594148,1616.92373356695,62.163,5493031.0,3.95,72.9,23.4979,31.8,59.4035765513495,35.3,54.997863482224,78.4563953488372,92.8,628.0,2.2665256232687,57.8457350008007,0.178,33.6,32.0639,,21.9115282607278,0.07295,103.94123077,30.96,8.071,Other,0.0,Stable,3.0
LBY,Libya,32.8578,13.1072,MEA,UMC,Tripoli,32.8578,Northern,Subtropical,coastline,Istanbul,1672.8349213075767,3657.7302959999993,12476.5974944083,69.339,7305659.0,2.355,30.8,88.4989,70.0,,,87.8647197919848,0.123327687918433,3.1,59.0,,,2.042,,192.973,156.321684682347,,817.142857142857,470.4034729,17.024,6.654,Other,6.0,Conflict-affected,5.5
LCA,St. Lucia,14.0,-60.9832,LCN,UMC,Castries,14.0,Northern,Tropical,coastline,New York,3228.0041827607115,1558.48,23403.7440265988,72.697,179285.0,1.379,15.5,70.0834,100.0,,43.7,29.0976313248036,34.0491803278688,9.7,44.0,2.74212002754211,91.066276550293,4.234,0.1,98.6676,,2.64606338325431,14.3,641.07495117,11.262,8.614,Other,0.0,Stable,5.5
LIE,Liechtenstein,47.1411,9.52148,ECS,HIC,Vaduz,47.1411,Northern,Temperate,landlocked,Paris,566.5106723827058,5247.747252,,84.8414634146342,39846.0,1.45,,97.3444,100.0,,,14.6783761234077,41.875,56.9,,2.55604004859924,88.9411773681641,,,127.059,,,,11494.95898438,9.1,6.8,Other,0.0,Stable,8.0
LKA,Sri Lanka,6.92148,79.8528,SAS,LMC,Colombo,6.92148,Northern,Tropical,coastline,Mumbai,1547.9070981522916,770.4991535999999,13024.9404319855,77.483,22037000.0,1.974,6.1,51.2,100.0,92.6600036621094,37.7,20.1455348442463,34.0559327513741,48.8,18.0,1.82774571561927,94.542850980354,1.136,2.7,142.277,46.6826080196819,5.1513598897261,24.5189393939394,134.23654175,11.2,8.2,Other,0.0,Stable,4.0
LSO,Lesotho,-29.5208,27.7167,SSF,LMC,Maseru,29.5208,Southern,Subtropical,landlocked,Lagos,4777.454346392923,3286.255456,2595.82951058542,57.375,2311472.0,2.694,58.9,47.991,50.0,92.4974361965842,44.9,42.6781596804785,1.13702239789196,34.9,478.0,7.29011355590957,66.9579010009766,0.235,41.9,69.3513,142.373981074229,22.6158645366655,0.837476099426386,122.63982391,24.109,10.648,Other,0.0,Stable,4.0
LTU,Lithuania,54.6896,25.2799,ECS,HIC,Vilnius,54.6896,Northern,Temperate,coastline,Moscow,790.528183327073,6088.046272,46159.7081733083,76.9878048780488,2871585.0,1.18,3.4,88.5029,100.0,99.8199996948242,36.0,68.575454583199,35.2036435371542,33.2,8.0,4.25285005569458,105.190582275391,4.466,1.1,137.204,175.651612151093,1.03605141610571,1.94282018111255,2044.18371582,7.2,12.9,Other,0.0,Stable,8.0
LUX,Luxembourg,49.61,6.1296,ECS,HIC,Luxembourg,49.61,Northern,Temperate,landlocked,Paris,286.7756918822114,5522.5851999999995,130048.92038753,83.3585365853659,666430.0,1.25,2.3,99.3479,100.0,,33.6,94.8015300320787,34.4538272103664,20.5,11.0,3.70599007606506,77.4978485107422,2.984,0.1,144.475,412.177169924175,2.77413838196924,4.774,7510.99414063,9.5,6.6,Other,0.0,Stable,8.0
LVA,Latvia,56.9465,24.1048,ECS,HIC,Riga,56.9465,Northern,Subarctic/Arctic,coastline,Moscow,841.6200546001555,6339.28438,37277.7217221317,75.6780487804878,1883710.0,1.36,3.0,92.1879,100.0,99.9000015258789,34.0,68.3586316343061,54.933793990037,44.0,19.0,4.31920003890991,97.5514907836914,3.398,0.4,119.91,159.892778190649,3.40541390123867,1.0173199527745,1645.4152832,7.7,14.9,Other,0.0,Stable,8.0
MAC,"Macao SAR, China",22.1667,113.55,EAS,HIC,,22.1667,Northern,Tropical,coastline,Shanghai,1277.5691355872298,2467.5970439999996,104815.20003062,83.1804878048781,678800.0,0.586,,89.1806,100.0,96.5400009155273,,100.0,,11.0,,3.50183010101318,89.5238095238095,,,192.478,170.368049338506,0.358810914849254,,,5.5,4.4,Other,0.0,Stable,8.0
MAR,Morocco,33.9905,-6.8704,MEA,LMC,Rabat,33.9905,Northern,Subtropical,coastline,Paris,1820.1914713023727,3783.8224599999994,8915.3515625,75.313,37712505.0,2.23,16.6,91.0,100.0,64.2600021362305,39.5,62.673750838878,12.9136878781089,10.9,70.0,6.02096928801329,104.762394206542,0.74,3.7,148.155,100.906310201651,8.51110257085938,36.4586206896552,232.24751282,16.701,5.638,Other,0.0,Stable,4.0
MCO,Monaco,43.7325,7.41891,ECS,HIC,Monaco,43.7325,Northern,Temperate,coastline,Paris,690.1059939786917,4868.3018999999995,,86.372,38956.0,2.11,2.7,99.1497,100.0,,,100.0,0.0,,5.0,1.73223996162415,152.941177368164,8.609,,104.061,,,,8004.16845703,9.441,20.971,Other,0.0,Stable,8.0
MDA,Moldova,47.0167,28.8497,ECS,UMC,Chisinau,47.0167,Northern,Temperate,landlocked,Istanbul,667.9955572522285,5233.899044,15990.4793311152,71.198,2457783.0,1.731,14.7,80.2126,100.0,99.3600006103516,26.8,43.0011825561523,11.7548661800487,21.4,19.0,6.62547016143799,109.128332462101,4.016,0.1,130.772,112.117671579766,14.0294158168182,52.2222222222222,451.73007202,10.755,13.606,Other,0.0,Stable,5.5
MDG,Madagascar,-20.4667,45.7167,SSF,LIC,Antananarivo,20.4667,Southern,Tropical,coastline,Mumbai,5300.198494224728,2278.353044,1629.46097248642,63.632,31195932.0,3.972,64.8,20.3671,36.1,74.6900024414062,36.8,31.9799438860946,21.3189737023032,83.1,445.0,3.04770386693564,58.3078522383415,0.172,69.2,75.4563,70.5471344130961,2.5140303045849,3.9933234421365,17.44003487,32.095,7.528,Other,0.0,Stable,3.0
MDV,Maldives,4.1742,73.5109,SAS,UMC,Male,4.1742,Northern,Tropical,coastline,Mumbai,1658.8639989322085,464.67194399999994,22333.0477138175,81.041,525994.0,1.575,5.7,84.6851,100.0,98.2099990844727,29.3,41.5096832933973,2.73333333333333,1.2,32.0,5.16706374664829,94.6013185719617,2.235,0.0,141.601,162.243432933656,0.0829967046687048,15.6666666666667,1159.02819824,11.018,2.338,Other,0.0,Stable,5.5
MEX,Mexico,19.427,-99.1276,LCN,UMC,Mexico City,19.427,Northern,Tropical,coastline,Mexico City,0.4178725008595535,2162.61364,21917.24858366,75.069,129739759.0,1.91,12.5,81.1832,100.0,95.8346901734281,43.5,79.4734935748046,33.6618740193935,13.0,42.0,4.0658597946167,103.764976501465,2.588,2.3,111.562,88.7984855867186,4.18953324624702,21.9569682151589,760.98840332,15.706,6.161,Other,0.0,Stable,5.5
MHL,Marshall Islands,7.11046,171.135,EAS,UMC,Majuro,7.11046,Northern,Tropical,coastline,Tokyo,4508.714874179065,791.5364071999999,6801.61469241924,66.945,38827.0,2.919,28.2,65.7177,100.0,95.8342549583425,35.5,78.3593928884282,52.2222222222222,12.2,155.0,7.70088005065918,101.136364184382,0.467,2.1,39.7061,128.337975527291,13.3153932942448,,894.21533203,21.137,6.968,Other,0.0,Stable,5.5
MKD,North Macedonia,42.0024,21.4361,ECS,UMC,Skopje,42.0024,Northern,Temperate,landlocked,Istanbul,637.5925258667768,4675.707168,23455.319400522,75.3160975609756,1827816.0,1.5,3.3,87.1819,100.0,,33.5,62.2518322545779,39.7101506740682,19.5,3.0,,95.7642974853516,2.944,3.9,104.837,166.147357379878,3.27695424528674,40.212962962963,639.41693115,9.2,11.0,Other,0.0,Stable,5.5
MLI,Mali,13.5667,-7.50034,SSF,LIC,Bamako,13.5667,Northern,Tropical,landlocked,Lagos,1425.154824276874,1510.245044,2860.42819002278,60.439,23769127.0,5.614,91.3,35.0921,53.0,35.4700012207031,35.7,31.0031889023235,10.896663634352,71.1,367.0,4.18465094218116,48.4277284647973,0.188,36.1,112.12,61.5613274861987,4.91124884987894,8.64333333333333,33.9802475,40.029,8.627,Other,5.0,Conflict-affected,3.0
MLT,Malta,35.9042,14.5189,MEA,HIC,Valletta,35.9042,Northern,Temperate,coastline,Istanbul,1378.9737812952715,3996.855544,60418.3949311068,83.5073170731707,552747.0,1.06,5.5,92.0727,100.0,93.3099975585938,34.6,95.6272277147965,1.4375,8.6,8.0,4.71973991394043,97.1002807617188,4.513,0.1,140.594,245.160375092004,0.0652156235713647,72.6000079207921,3623.4609375,8.1,7.3,Other,0.0,Stable,8.0
MMR,Myanmar,21.914,95.9562,EAS,LMC,Naypyidaw,21.914,Northern,Tropical,coastline,Dhaka,606.0417247018705,2439.46648,5364.13797034429,66.889,54133798.0,2.115,38.7,58.5357,73.6,93.5471293315427,30.7,30.3820718069466,42.846262276495,62.9,185.0,1.99976003170013,105.356811523438,0.757,10.3,121.028,,2.02532247815274,3.313821300359,56.18909836,16.696,9.153,Other,7.0,Conflict-affected,4.0
MNE,Montenegro,42.4602,19.2595,ECS,UMC,Podgorica,42.4602,Northern,Temperate,coastline,Istanbul,822.0473738902514,4726.669464,27243.51720726,77.5878048780488,623529.0,1.74,2.6,89.8052,100.0,98.5299987792969,34.3,65.4731667624849,61.4869888475836,39.6,6.0,,106.734153747559,2.783,2.5,207.238,125.455937754994,13.2797410517214,,1147.69787598,11.2,10.1,Other,0.0,Stable,5.5
MNG,Mongolia,47.9129,106.937,EAS,UMC,Ulaanbaatar,47.9129,Northern,Temperate,landlocked,Beijing,1168.0863804135017,5333.664028,16222.8638898529,72.1224390243902,3481145.0,2.7,13.6,83.0162,100.0,98.6399993896484,31.4,70.4464492797852,9.09849695989111,3.0,41.0,3.65764999389648,94.1179581006374,4.13,0.4,141.085,136.327929944516,2.32831928767738,1.32873563218391,359.60980225,19.0,5.5,Other,0.0,Stable,5.5
MNP,Northern Mariana Islands,15.1935,145.765,EAS,HIC,Saipan,15.1935,Northern,Tropical,coastline,Tokyo,2356.8268620282033,1691.34042,,78.808,45143.0,2.348,,,100.0,,,91.9754112887573,52.9565217391304,0.5,,,,,,,93.1569343065693,,,,12.918,4.704,Other,0.0,Stable,8.0
MOZ,Mozambique,-25.9664,32.5713,SSF,LIC,Maputo,25.9664,Southern,Subtropical,coastline,Lagos,4793.31951355726,2890.579648,1512.27640791481,63.611,33635160.0,4.763,61.7,19.8434,33.2,61.6778205151772,49.6,35.7149783148407,46.1193311121849,76.9,99.0,5.97607342054314,72.3655686845574,0.175,81.4,45.8178,135.279578416991,0.880109212306658,1.46859421734796,52.96166611,37.486,7.002,Other,4.0,Conflict-affected,3.0
MRT,Mauritania,18.2367,-15.9824,SSF,LMC,Nouakchott,18.2367,Northern,Tropical,coastline,Lagos,2469.8450376352775,2030.1094439999997,6276.47521079359,68.484,5022441.0,4.697,37.8,37.3809,49.0,59.5299987792969,32.0,59.7142464747058,0.292896963228874,19.6,381.0,4.71521997451782,73.4478403637282,0.261,10.2,90.7725,102.025899125696,1.14343949600414,337.05,92.11444092,34.423,5.52,Other,0.0,Stable,4.0
MUS,Mauritius,-20.1605,57.4977,SSF,UMC,Port Louis,20.1605,Southern,Tropical,coastline,Mumbai,4674.257388861068,2244.2668599999997,26635.0124048697,73.4121951219512,1248647.0,1.39,15.2,79.5,100.0,94.3265215627,36.8,39.0039901092226,19.4541812719079,8.6,66.0,4.56763982772827,90.1701715550636,1.436,0.5,165.258,147.663795034012,2.11679538005685,22.9734641948382,616.20739746,10.2,9.4,Other,0.0,Stable,5.5
MWI,Malawi,-13.9899,33.7703,SSF,LIC,Lilongwe,13.9899,Southern,Tropical,landlocked,Lagos,4055.486571856988,1557.355668,1649.29873234551,67.353,21104482.0,3.648,38.3,17.9881,14.0,70.1500015258789,38.5,16.9748746665356,22.8860840050912,62.9,225.0,2.74888371105811,68.3633913523696,0.054,75.4,61.0866,43.616624856781,2.12676683960859,8.40644361833953,41.26664734,31.381,5.363,Other,0.0,Stable,3.0
MYS,Malaysia,3.12433,101.684,EAS,UMC,Kuala Lumpur,3.12433,Northern,Tropical,coastline,Jakarta,1185.8758627828338,347.8004156,32857.6676600774,76.657,35126298.0,1.55,8.1,97.6927,100.0,95.7699966430664,40.7,76.4434752105739,57.871678587734,7.5,26.0,3.51480007171631,91.8132677411604,2.341,0.0,142.732,146.424604753908,0.396663370541767,1.15637931034483,450.33853149,12.412,5.158,Other,0.0,Stable,5.5
NAM,Namibia,-22.5648,17.0931,SSF,LMC,Windhoek,22.5648,Southern,Tropical,coastline,Lagos,3561.8370113427363,2511.913536,10137.6726120025,67.385,2963095.0,3.212,40.7,64.4061,56.2,87.6399993896484,59.1,49.9545837830821,7.89136270330017,30.0,139.0,9.3919470845238,97.3974508909998,0.553,22.9,87.6761,99.2625547814064,0.56572462364198,1.67142008116883,397.09063721,25.89,6.169,Other,0.0,Stable,4.0
NCL,New Caledonia,-22.2677,166.464,EAS,HIC,Noum'ea,22.2677,Southern,Tropical,coastline,Jakarta,6624.924722790849,2478.840364,,78.766,289870.0,1.98,,82.0058,100.0,,,67.751522311337,45.8326039387309,9.6,,,,,,91.6764,50.4727487439639,6.45371658177669,,,14.262,6.271,Other,0.0,Stable,8.0
NER,Niger,13.514,2.1073,SSF,LIC,Niamey,13.514,Northern,Tropical,landlocked,Lagos,790.0683912853328,1504.3784799999999,1689.56425367067,61.183,26159867.0,6.061,114.8,23.1879,19.5,35.6100006103516,32.9,17.7506873295237,0.83276229572906,79.6,350.0,4.07412707618114,45.7957488996882,0.038,60.5,65.735,52.8061484327332,4.69902875888469,73.8087942857143,26.01301575,41.892,8.859,Other,4.0,Conflict-affected,3.0
NGA,Nigeria,9.05804,7.48906,SSF,LMC,Abuja,9.05804,Northern,Tropical,coastline,Lagos,533.4217645136287,1008.3410127999999,7843.83461990405,54.462,227882945.0,4.482,104.9,39.2136,60.5,63.1599998474121,33.9,62.1746763155343,23.3871888621716,80.3,993.0,0.319069049792343,70.164909362793,0.38,41.8,98.4773,,3.11115327874995,5.64343891402715,66.82009125,32.954,11.74,Other,6.0,Conflict-affected,4.0
NIC,Nicaragua,12.1475,-86.2734,LCN,LMC,Managua,12.1475,Northern,Tropical,coastline,Mexico City,1595.1188264873053,1352.2597,7496.5292687685,74.947,6823613.0,2.218,13.4,58.2314,86.5,87.3450882346125,46.2,59.1250953674316,26.6538972910088,50.4,60.0,2.86578989028931,81.7195205688477,0.682,6.6,105.843,115.454678712865,20.641434228789,0.814941425004801,216.55238342,19.376,4.586,Other,0.0,Stable,4.0
NLD,Netherlands,52.3738,4.89095,ECS,HIC,Amsterdam,52.3738,Northern,Temperate,coastline,London,357.23940628140735,5830.251416,70198.9297909022,81.9146341463415,17877117.0,1.43,4.0,97.0068,100.0,,25.7,95.3221682092129,11.0296673596674,12.2,4.0,5.17918014526367,,3.876,0.1,117.352,184.107484252682,0.363880236566379,74.8572727272727,6371.85595703,9.2,9.5,Other,0.0,Stable,8.0
NOR,Norway,59.9138,10.7387,ECS,HIC,Oslo,59.9138,Northern,Subarctic/Arctic,coastline,London,1153.0879649559135,6669.604216,90085.4382059786,83.1121951219512,5519601.0,1.4,2.4,99.0,100.0,,26.5,83.0718560702166,33.4795618634529,61.4,1.0,5.45586013793945,98.9264831542969,4.975,0.2,111.657,82.6094798361389,0.166877429076805,0.703630890052356,8296.35546875,9.4,7.9,Other,0.0,Stable,8.0
NPL,Nepal,27.6939,85.3157,SAS,LMC,Kathmandu,27.6939,Northern,Subtropical,landlocked,Dhaka,668.2929498225087,3082.884948,4861.23030387639,70.354,29694614.0,1.984,26.5,55.7716,91.3,68.7099990844727,30.0,66.5432933453944,41.5907220090687,73.7,142.0,3.95641148036706,116.979633773629,1.011,2.4,133.273,48.9734014799428,22.8532966744987,4.79167507568113,83.96018982,19.34,6.932,Other,0.0,Stable,4.0
NRU,Nauru,-0.5477,166.920867,EAS,HIC,Yaren District,0.5477,Southern,Tropical,coastline,Tokyo,4917.169397567564,60.96996399999999,12372.5209531064,62.109,11875.0,3.331,8.9,81.6554,100.0,96.5899963378906,32.4,100.0,0.0,1.9,273.0,5.67543983459473,118.296529345651,1.273,9.7,87.1706,167.338761904762,0.602937030540182,,2292.37329102,25.505,7.519,Other,0.0,Stable,8.0
NZL,New Zealand,-41.2865,174.776,EAS,HIC,Wellington,41.2865,Southern,Temperate,coastline,Jakarta,7715.139199650686,4596.013179999999,49508.2697230172,83.0048780487805,5200000.0,1.56,4.7,96.1638,100.0,,,83.8898991461229,37.719363487904,28.9,7.0,5.27568006515503,,3.611,,126.855,53.4761627655817,0.163202042580004,3.01987767584098,4997.24316406,10.86,7.23,Other,0.0,Stable,8.0
OMN,Oman,23.6105,58.5874,MEA,HIC,Muscat,23.6105,Northern,Subtropical,coastline,Karachi,865.0831479249036,2628.32086,37793.6164427762,80.031,5049269.0,2.525,10.4,95.2517,100.0,97.3399963378906,,79.5702973228932,0.0077903069466882,0.1,13.0,4.30123996734619,86.5904581737646,1.992,,135.218,105.745009280655,0.0355127088147278,116.714285714286,732.04089355,16.847,1.901,Other,0.0,Stable,8.0
PAK,Pakistan,30.5167,72.8,MEA,LMC,Islamabad,30.5167,Northern,Subtropical,coastline,Delhi,476.2587731888988,3397.119044,5418.7693189297,67.649,247504495.0,3.605,58.5,27.3759,95.0,58.8600006103516,29.6,38.8191861872791,4.72605334163553,41.6,155.0,1.94658005237579,68.6482822316824,1.16,16.5,76.5398,33.031353478032,8.04928811142895,326.0,30.48608398,27.806,6.466,Other,5.0,Conflict-affected,4.0
PAN,Panama,8.99427,-79.5188,LCN,HIC,Panama City,8.99427,Northern,Tropical,coastline,Mexico City,2407.854023854304,1001.2421363999999,35872.9506479276,79.594,4458759.0,2.119,13.3,68.5485,95.0,96.1092282909577,48.9,65.8601271176084,56.4978579131842,28.0,37.0,2.47225999832153,93.2789665970772,1.625,3.7,156.587,93.4752688168442,0.688288624434384,0.886822840409956,1557.81286621,16.029,4.771,Other,0.0,Stable,8.0
PER,Peru,-12.0931,-77.0465,LCN,UMC,Lima,12.0931,Southern,Tropical,coastline,Buenos Aires,3133.1088882685526,1346.203892,15327.5819994558,77.74,33845617.0,1.98,15.8,79.4848,96.2,94.5,40.7,84.7810255849745,56.238047734375,30.6,51.0,4.23516988754272,94.9881591796875,1.688,5.9,121.975,57.2969759649721,1.50805544629239,1.57946374162096,445.52667236,15.944,5.491,Other,0.0,Stable,5.5
PHL,Philippines,14.5515,121.035,EAS,LMC,Manila,14.5515,Northern,Tropical,coastline,Shanghai,1855.0940264998603,1619.87298,9898.53294588746,69.833,114891199.0,1.916,26.9,83.7661,94.8,98.4700012207031,39.3,55.1242716168851,24.3430593285709,28.0,84.0,3.6236863467978,77.2485372465695,0.792,5.3,117.276,72.4296836107599,9.40977059288243,19.0056142943633,194.05484009,16.019,6.236,Other,0.0,Stable,4.0
PLW,Palau,7.34194,134.479,EAS,HIC,Koror,7.34194,Northern,Tropical,coastline,Shanghai,2980.2179283098535,817.3047607999999,16425.9722714446,69.269,17727.0,1.907,22.3,,100.0,100.0,,79.1531991438847,90.3695652173913,0.9,89.0,3.52595777106229,93.8271604938272,1.808,,135.387,105.200935152021,0.867008831476758,,1683.8458252,10.897,11.495,Other,0.0,Stable,8.0
PNG,Papua New Guinea,-9.47357,147.194,EAS,LMC,Port Moresby,9.47357,Southern,Tropical,coastline,Jakarta,4456.459715928651,1054.5978124,4205.84773981096,66.134,10389635.0,3.099,40.3,24.0667,19.0,87.144148905762,,15.0581017891206,79.0281764783818,54.6,189.0,0.782122804685732,82.7478003932096,0.061,,34.0589,,0.0461891584363272,0.0489513108614232,85.15021515,24.576,6.516,Other,0.0,Stable,4.0
POL,Poland,52.26,21.02,ECS,HIC,Warsaw,52.26,Northern,Temperate,coastline,Moscow,1148.9950767784073,5817.583199999999,43672.7668014946,78.5073170731707,36687353.0,1.158,4.4,86.4147,100.0,,28.5,59.8859561370214,31.0594923061845,15.2,2.0,4.31372976303101,103.98380279541,4.031,0.2,135.146,123.021332860345,1.08739487666547,17.509328358209,1577.98168945,7.4,11.1,Other,0.0,Stable,8.0
PRI,Puerto Rico (US),18.23,-66.0,LCN,HIC,San Juan,18.23,Northern,Tropical,coastline,New York,2614.2190241600942,2029.3636,42837.8994791262,81.69,3203792.0,0.92,,87.2918,100.0,92.3899993896484,,94.1774359275881,56.0665163472379,2.5,11.0,4.26898753959873,70.1681594848633,,,124.513,98.2564691765992,,12.3239436619718,,5.8,10.7,Other,0.0,Stable,8.0
PRK,"Korea, Dem. People's Rep.",39.0319,125.754,EAS,LIC,Pyongyang,39.0319,Northern,Temperate,coastline,Beijing,808.3729800795776,4345.031108,,73.642,26418204.0,1.78,18.0,0.0,54.7,,,63.5382165423021,49.7300888630512,14.7,67.0,,,3.628,,24.1311,,,12.9220895522388,,12.947,9.684,Other,0.0,Stable,3.0
PRT,Portugal,38.7072,-9.13552,ECS,HIC,Lisbon,38.7072,Northern,Temperate,coastline,Paris,1454.2765216676953,4308.885504,41768.2549192626,82.2804878048781,10578174.0,1.44,3.2,85.7901,100.0,94.4800033569336,33.9,61.2048652633664,36.154994891142,32.3,15.0,4.55159997940063,104.516647338867,5.851,0.4,123.002,101.364146479435,0.631570715588484,16.1303421052632,2762.26293945,8.1,11.2,Other,0.0,Stable,8.0
PRY,Paraguay,-25.3005,-57.6362,LCN,UMC,Asuncion,25.3005,Southern,Subtropical,landlocked,Buenos Aires,1036.5265241719442,2816.4516599999997,15826.087501295,73.844,6844146.0,2.422,17.0,78.0948,100.0,94.5400009155273,44.2,69.3466081733694,39.2502935554672,58.8,58.0,3.40649008750915,90.271367469734,3.893,2.4,126.605,73.7379050218566,2.0705208418379,2.06239316239316,526.5098877,19.985,5.703,Other,0.0,Stable,5.5
PYF,French Polynesia,-17.535,-149.57,EAS,HIC,Papeete,17.535,Southern,Tropical,coastline,Los Angeles,6626.334986967812,1951.9961999999998,,84.07,281118.0,1.501,,72.7039,100.0,,,61.6967135028569,43.0596369922213,7.0,,,,,,118.778,69.5264023221442,10.3430967396847,,,10.907,3.649,Other,0.0,Stable,8.0
QAT,Qatar,25.2948,51.5082,MEA,HIC,Doha,25.2948,Northern,Subtropical,coastline,Karachi,1561.118880918508,2815.8171359999997,116563.992526162,82.368,2656032.0,1.729,6.0,99.6528,100.0,97.75,35.1,99.2835325193835,0.0,0.0,4.0,3.2336699962616,94.6478447950479,3.022,0.0,157.821,100.213640845612,0.437654869216368,446.428571428571,1804.35424805,9.908,0.93,Other,0.0,Stable,8.0
ROU,Romania,44.4479,26.0979,ECS,HIC,Bucharest,44.4479,Northern,Temperate,coastline,Istanbul,448.87624752273985,4947.9402279999995,40116.8555054263,76.6073170731707,19061062.0,1.71,6.6,89.2034,100.0,99.1600036621094,29.8,52.1645747011867,30.1158292767733,23.6,12.0,3.2788200378418,80.9689483642578,3.625,0.7,123.252,93.9496509383447,2.97350172599786,19.2331288343558,1050.99755859,8.0,12.7,Other,0.0,Stable,8.0
RUS,Russian Federation,55.7558,37.6176,ECS,HIC,Moscow,55.7558,Northern,Subarctic/Arctic,coastline,Moscow,0.490566731815567,6206.735656,39887.33984375,73.2546341463415,143826130.0,1.41,4.5,92.245,100.0,99.9300003051758,33.0,74.9805047873279,49.7843605035639,3.5,9.0,4.16454853394225,100.024342021158,5.111,0.1,180.842,42.7827864294811,0.141610832659861,1.50324675324675,1003.33166504,8.6,12.1,Other,0.0,Stable,8.0
RWA,Rwanda,-1.95325,30.0587,SSF,LIC,Kigali,1.95325,Southern,Tropical,landlocked,Lagos,3107.6779746881753,217.43578999999997,3062.99909649442,67.785,13954471.0,3.698,40.0,34.2005,50.6,78.7600021362305,39.4,28.8555310645477,11.2687474665586,79.9,229.0,4.92004013061523,59.3042433145261,0.09,38.6,91.4623,61.1450795033651,3.56076089404595,6.42105263157895,52.65630722,28.348,5.935,Other,0.0,Stable,3.0
SAU,Saudi Arabia,24.6748,46.6977,MEA,HIC,Riyadh,24.6748,Northern,Subtropical,coastline,Cairo,1637.1569570738977,2746.798736,64481.8441927288,78.732,33702731.0,2.28,6.2,100.0,100.0,97.5899963378906,,84.2962388315415,0.454484134921779,0.1,7.0,5.11466979980469,119.840624867605,3.406,,157.775,56.8241647749332,0.0231657002868662,974.166666666667,1825.2545166,16.415,2.34,Other,0.0,Stable,8.0
SDN,Sudan,15.5932,32.5363,SSF,LIC,Khartoum,15.5932,Northern,Tropical,coastline,Cairo,1611.8513531005142,1735.8350239999997,2181.0791015625,66.331,50042791.0,4.323,50.1,26.4383,63.2,,34.2,34.7960076976764,9.64400428265525,61.0,256.0,,60.1234397888184,0.25,10.1,70.2084,2.69883443585856,2.90211266882246,673.375,21.0830822,33.612,6.404,Other,7.0,Conflict-affected,3.0
SEN,Senegal,14.7247,-17.4734,SSF,LMC,Dakar,14.7247,Northern,Tropical,coastline,Lagos,2452.4705473996264,1639.1536039999999,4304.76148720232,68.683,18077573.0,3.818,38.5,60.6122,67.9,50.3600006103516,36.2,54.6992276190794,41.4904690178154,35.4,237.0,6.16277045366329,61.5314165000969,0.109,17.9,123.912,79.5998216515832,10.4760303181811,11.8666666666667,73.22670746,29.423,5.581,Other,0.0,Stable,4.0
SGP,Singapore,1.28941,103.85,EAS,HIC,Singapore,1.28941,Northern,Tropical,coastline,Jakarta,897.940591999138,143.53712119999997,129555.245509242,82.8951219512195,5917648.0,0.97,2.1,94.2852,100.0,97.6500015258789,,100.0,21.1838440111421,1.1,6.0,2.14826011657715,96.8465629805147,2.834,,173.2,332.34956775484,,33.2552226666667,3921.60253906,7.4,6.2,Other,0.0,Stable,8.0
SLB,Solomon Islands,-9.42676,159.949,EAS,LMC,Honiara,9.42676,Southern,Tropical,coastline,Tokyo,5447.225928077646,1049.3869232,2339.57493302805,70.528,800005.0,3.557,20.6,42.4597,76.0,,37.1,30.0088821088389,90.0861021793498,50.1,123.0,8.29349080062944,66.4970071601133,0.238,40.3,62.0735,74.8355405329858,5.53259070949236,,111.35532379,26.935,5.141,Other,0.0,Stable,4.0
SLE,Sierra Leone,8.4821,-13.2134,SSF,LIC,Freetown,8.4821,Northern,Tropical,coastline,Lagos,1842.074343903134,944.2273720000001,3034.94608285625,61.786,8460512.0,3.791,94.3,20.635,29.4,43.5800018310547,35.7,44.809324991151,34.5721806594625,71.6,354.0,2.62455277942046,100.377198108697,0.134,41.5,107.882,45.0542127390319,4.08881666012583,0.132625,35.76205063,30.601,8.287,Other,0.0,Stable,3.0
SLV,El Salvador,13.7034,-89.2073,LCN,UMC,San Salvador,13.7034,Northern,Tropical,coastline,Mexico City,1233.8896028122426,1525.462488,11424.6459176917,72.099,6309624.0,1.775,10.4,67.6558,100.0,89.8499984741211,39.8,74.6080675149903,27.7451737451737,21.9,39.0,3.17218995094299,80.8345580048987,1.616,4.6,179.706,88.7011093776867,24.6343666305956,12.4025761356366,500.69497681,15.758,7.519,Other,0.0,Stable,5.5
SMR,San Marino,43.9322,12.4486,ECS,HIC,San Marino,43.9322,Northern,Temperate,landlocked,Paris,947.4133997418904,4890.532504,70951.7895931976,85.706,33860.0,1.149,1.4,87.0278,100.0,99.9100036621094,,97.1317310361655,16.6666666666667,,8.0,2.89753007888794,96.1165048543689,4.629,,120.27,370.436071813414,1.1948481186404,,3923.5234375,5.6,8.3,Other,0.0,Stable,8.0
SOM,"Somalia, Fed. Rep.",2.07515,45.3254,SSF,LIC,Mogadishu,2.07515,Northern,Tropical,coastline,Karachi,3439.243635218437,231.00569799999997,1401.64735228455,58.816,18358615.0,6.132,104.0,27.6,48.9,54.1199989318848,,54.0714435506882,9.28762712404757,95.4,563.0,8.14262404011e-06,,0.048,,53.958,90.7576203077526,20.9908850338136,54.9666666666667,22.37065506,42.964,9.835,Other,7.0,Conflict-affected,3.0
SRB,Serbia,44.8024,20.4656,ECS,UMC,Belgrade,44.8024,Northern,Temperate,landlocked,Istanbul,810.979787832948,4987.403168,25735.2402009063,76.2209756097561,6623183.0,1.61,5.2,85.3575,100.0,99.3399963378906,32.8,62.1434649229738,32.3858163872042,27.2,11.0,3.40377998352051,96.0487213134766,3.099,2.0,128.471,131.913292283516,8.53793327986465,60.5566789580112,983.69372559,9.2,14.7,Other,0.0,Stable,5.5
SSD,South Sudan,4.85,31.6,SSF,LIC,Juba,4.85,Northern,Tropical,landlocked,Cairo,2801.255056304343,539.9019999999999,,57.617,11483374.0,3.864,98.7,9.27123,8.4,,44.0,21.0737755279692,11.3256215087114,32.4,692.0,1.56539228959694,28.6641292572021,0.041,76.5,46.6152,65.5513491845003,9.49107276206113,2.53076923076923,72.75582886,28.59,9.609,Other,0.0,Stable,3.0
STP,Sao Tome and Principe,0.20618,6.6071,SSF,LMC,Sao Tome,0.20618,Northern,Tropical,coastline,Lagos,788.0891681671347,22.9519576,5541.3016760535,69.718,230871.0,3.644,13.9,61.4607,78.0,87.4400024414062,40.7,68.6043921103568,52.7708333333333,42.5,75.0,5.0288576428727,85.1492385864258,0.464,13.0,63.4541,,18.869112414756,1.87614678899083,171.05166626,28.185,5.572,Other,0.0,Stable,4.0
SUR,Suriname,5.8232,-55.1679,LCN,UMC,Paramaribo,5.8232,Northern,Tropical,coastline,Sao Paulo,3395.115351573368,648.238624,19020.8663908707,73.631,628886.0,2.249,16.2,78.3958,99.0,92.870002746582,39.2,65.7562408447266,94.5238739770656,14.5,84.0,2.86623341491363,75.2395629882812,1.355,2.2,157.246,90.9613941465855,3.90785134019277,0.622121212121212,297.04589844,17.298,6.649,Other,0.0,Stable,5.5
SVK,Slovak Republic,48.1484,17.1073,ECS,HIC,Bratislava,48.1484,Northern,Temperate,landlocked,Paris,1088.383791749074,5359.8798879999995,39518.2209359245,78.0170731707317,5426740.0,1.49,6.1,87.2131,100.0,,23.8,53.190805019646,40.05615640599,17.9,4.0,4.65508985519409,100.707176208496,3.697,0.5,138.233,204.056318531151,2.00029336003364,4.47320253968254,1813.46618652,9.0,10.0,Other,0.0,Stable,8.0
SVN,Slovenia,46.0546,14.5044,ECS,HIC,Ljubljana,46.0546,Northern,Temperate,coastline,Paris,964.3091563860784,5126.798072,47977.4268117652,81.9780487804878,2120461.0,1.51,2.2,90.3779,100.0,,24.7,55.5378927789875,61.2701922885918,23.4,3.0,5.28065013885498,97.4238586425781,3.367,0.0,129.228,186.647076274632,1.30050005654386,4.42956614890198,3037.7644043,8.0,10.2,Other,0.0,Stable,8.0
SWE,Sweden,59.3327,18.0645,ECS,HIC,Stockholm,59.3327,Northern,Subarctic/Arctic,coastline,Moscow,1227.300068167318,6604.916164,62662.7652797761,83.309756097561,10536632.0,1.45,2.5,95.7033,100.0,,29.3,88.631216160938,68.6996660773915,57.9,4.0,7.31909990310669,99.6335906982422,4.408,0.8,140.266,107.111751826512,0.643140850059057,1.45204678362573,6206.23046875,9.5,9.0,Other,0.0,Stable,8.0
SWZ,Eswatini,-26.5225,31.4659,SSF,LMC,Mbabane,26.5225,Southern,Subtropical,landlocked,Lagos,4760.515660654049,2952.4847,10181.5040730397,64.123,1230506.0,2.753,45.0,57.62,82.3,90.75,54.6,25.8081878500755,29.0686046511628,64.7,118.0,5.00431592836751,93.6081152424768,0.557,44.5,128.399,92.5715871298334,2.66466521696542,40.4545454545455,296.04562378,24.073,7.7,Other,0.0,Stable,4.0
SYC,Seychelles,-4.6309,55.4466,SSF,HIC,Victoria,4.6309,Southern,Tropical,coastline,Mumbai,3254.7829159464727,515.5117879999999,28635.3563581744,74.9585365853659,119773.0,2.02,14.3,87.4009,100.0,93.9499969482422,32.1,45.0971081321658,73.2608695652174,1.9,42.0,4.45409960547034,94.0462427745665,6.598,0.7,184.904,189.826835436591,0.540942315591985,,766.28778076,13.0,7.3,Other,0.0,Stable,8.0
SYR,Syrian Arab Republic,33.5146,36.3119,MEA,LIC,Damascus,33.5146,Northern,Subtropical,coastline,Cairo,615.5757970886707,3730.845272,4454.85373271464,72.12,23594623.0,2.712,20.6,34.65,89.0,94.4199981689453,26.6,72.1673803143204,2.84267276588793,1.1,20.0,,60.1276588439941,1.521,16.5,72.4406,35.6094680799956,2.64296593950914,195.799214806506,33.34017944,22.107,5.039,Other,9.0,Conflict-affected,3.0
TCA,Turks and Caicos Islands,21.4602778,-71.141389,LCN,HIC,Grand Turk,21.4602778,Northern,Tropical,coastline,New York,2157.4892862722854,2388.9581246959997,31839.3705381969,78.008,46198.0,1.463,5.6,,99.9,,,93.9324513656818,11.0736842105263,0.8,,2.68765461969981,111.400001525879,,,,,0.569257773358117,,,10.738,7.401,Other,0.0,Stable,8.0
TCD,Chad,12.1048,15.0445,SSF,LIC,N'Djamena,12.1048,Northern,Tropical,landlocked,Lagos,1422.0883988845762,1347.506336,2433.09879153397,55.069,19319064.0,6.12,101.1,13.1832,11.7,30.6299991607666,37.4,26.3305395171046,3.24924110546379,70.0,748.0,3.20149725837724,41.849262823527,0.085,39.5,70.1874,47.9883784319429,,5.864,47.43893051,42.396,11.032,Other,5.0,Conflict-affected,3.0
TGO,Togo,6.1228,1.2255,SSF,LIC,Lome,6.1228,Northern,Tropical,coastline,Lagos,242.17371850156042,681.5900959999999,2842.23076240747,62.739,9304337.0,4.192,58.3,37.0223,57.2,72.5999984741211,37.9,43.2496853032436,22.1244714101857,75.1,349.0,4.14281885166484,87.3158245775118,0.08,34.4,75.7907,61.575092396894,8.68798915490316,1.93913043478261,59.60503769,31.142,7.702,Other,0.0,Stable,3.0
THA,Thailand,13.7308,100.521,EAS,UMC,Bangkok,13.7308,Northern,Tropical,coastline,Dhaka,1544.3448745203293,1528.5126559999999,21191.4540309274,76.412,71702435.0,1.212,9.2,89.5353,99.9,91.0999984741211,33.5,60.9341926574707,38.7578539411615,19.0,34.0,2.52122219628772,102.096899824548,0.541,0.0,168.643,132.858712082871,1.80546752206825,25.5253663533918,326.50482178,8.245,8.888,Other,0.0,Stable,5.5
TJK,Tajikistan,38.5878,68.7864,ECS,LMC,Dushanbe,38.5878,Northern,Temperate,landlocked,Delhi,1354.8810925641255,4295.593896,4472.3241378777,71.79,10389799.0,3.072,27.3,56.791,100.0,,38.0,26.1890127571429,3.06794437639599,34.9,14.0,5.43682120015444,91.5831604003906,1.87,7.3,126.161,65.4355115893577,49.8953124537059,16.7065868263473,85.14702606,26.124,4.581,Other,0.0,Stable,4.0
TKM,Turkmenistan,37.9509,58.3794,ECS,UMC,Ashgabat,37.9509,Northern,Temperate,landlocked,Karachi,1668.307597904662,4224.6941879999995,17866.4041809169,70.073,7364438.0,2.69,40.0,21.251,100.0,99.9000015258789,,47.0678875054171,8.78215904496414,0.1,5.0,2.71291995048523,97.7541266259286,1.93,,88.1929,37.3609509597775,,1867.97153024911,581.38220215,21.74,5.781,Other,0.0,Stable,5.5
TLS,Timor-Leste,-8.56667,125.567,EAS,LMC,Dili,8.56667,Southern,Tropical,coastline,Jakarta,2080.2206673907986,953.6417044,4331.07806144305,67.689,1384286.0,2.707,50.0,34.0207,99.7,72.4700012207031,28.7,28.595471832952,61.7552118359112,11.4,192.0,5.24052834781801,93.210472040185,0.752,43.9,112.647,97.6211103607359,4.54948220642564,14.2665855143031,144.21452332,22.077,7.271,Other,0.0,Stable,4.0
TON,Tonga,-21.136,-175.216,EAS,UMC,Nuku'alofa,21.136,Southern,Tropical,coastline,Tokyo,7901.755602129065,2352.85952,7030.41917439715,72.895,104597.0,3.129,9.9,58.5334,100.0,91.0500030517578,27.1,21.147944541337,12.4305555555556,2.3,67.0,5.31016278046634,102.558139534884,1.014,0.4,61.7258,70.1272756617234,38.6793403513808,,357.54415894,23.117,6.442,Other,0.0,Stable,5.5
TTO,Trinidad and Tobago,10.6596,-61.4789,LCN,HIC,Port-of-Spain,10.6596,Northern,Tropical,coastline,New York,3560.743821114004,1186.6266719999999,31196.603554718,73.49,1367510.0,1.532,19.1,84.6994,100.0,,,53.9536842104572,44.317738791423,0.5,54.0,3.01114988327026,91.5974807739258,4.157,,134.231,,0.721089455082734,8.75520833333333,1276.33862305,10.708,8.368,Other,0.0,Stable,8.0
TUN,Tunisia,36.7899,10.21,MEA,LMC,Tunis,36.7899,Northern,Temperate,coastline,Paris,1485.4209346831665,4095.451668,12650.9615158166,76.508,12200431.0,1.832,12.9,72.3542,100.0,86.25,33.7,70.0266686486584,4.54293254376931,11.6,36.0,6.73398856321206,93.6258392333984,1.315,0.7,134.136,116.095794384146,6.24650668661797,92.1096543504172,317.70983887,13.748,6.071,Other,0.0,Stable,4.0
TUR,Turkiye,39.7153,32.3606,ECS,UMC,Ankara,39.7153,Northern,Temperate,coastline,Istanbul,320.5371063497273,4421.107196,35069.1701714685,77.156,85325965.0,1.51,12.8,85.9607,100.0,97.2600021362305,44.5,89.0218446796121,29.2768733027559,12.0,15.0,3.09572005271912,101.500511169434,2.236,0.5,105.684,79.8982722314341,0.0751540758235723,28.4007224669604,547.8145752,11.2,6.2,Other,0.0,Stable,5.5
TUV,Tuvalu,-8.6314877,179.089567,EAS,UMC,Funafuti,8.6314877,Southern,Tropical,coastline,Tokyo,6425.820668697776,960.8572107639999,5812.39924537753,67.105,9816.0,3.208,19.9,74.3146,100.0,100.0,39.1,64.0117206689787,33.3333333333333,5.2,170.0,12.8456897735596,106.930693069307,1.346,9.0,98.8591,,4.18355781840829,,1723.56542969,23.075,9.138,Other,0.0,Stable,5.5
TZA,Tanzania,-6.17486,35.7382,SSF,LMC,Dodoma,6.17486,Southern,Tropical,coastline,Lagos,3858.14805651076,687.3854151999999,3620.79345703125,66.995,66617606.0,4.606,38.9,29.0638,45.8,78.2099990844727,40.5,35.4748019434954,50.5836531948521,78.3,276.0,3.25853222146531,89.3124694824219,0.134,51.3,105.4,35.0034517101994,0.929057337699634,6.17142857142857,36.25619888,35.222,5.791,Other,0.0,Stable,4.0
UGA,Uganda,0.314269,32.5729,SSF,LIC,Kampala,0.314269,Northern,Tropical,landlocked,Cairo,3308.358826107096,34.98442508,2791.05576885861,68.252,48656601.0,4.283,38.8,15.2524,47.1,79.0582329588683,42.7,30.6059359395495,11.2477114502294,90.9,170.0,2.56105027176925,53.3121795654297,0.191,59.8,76.2967,34.5053019270937,2.74413888269122,1.63333333333333,45.21318436,35.201,4.842,Other,0.0,Stable,3.0
UKR,Ukraine,50.4536,30.5038,ECS,UMC,Kiev,50.4536,Northern,Temperate,coastline,Moscow,756.7028208558809,5616.494752,15916.9580078125,73.422,37732836.0,0.977,8.1,82.3755,100.0,,25.6,69.4754455027606,16.7449085260614,8.9,15.0,5.14011001586914,89.2898788802165,3.531,0.0,122.758,87.3965139907244,10.360546734925,8.82196007259528,369.90487671,5.625,13.13,Other,8.0,Conflict-affected,5.5
URY,Uruguay,-34.8941,-56.0675,LCN,HIC,Montevideo,34.8941,Southern,Subtropical,coastline,Buenos Aires,213.7951009610031,3884.411212,31059.2537072459,78.138,3388081.0,1.409,6.7,89.896,100.0,98.8671517186373,40.9,95.5439605712891,11.8443606444978,57.8,15.0,4.81125020980835,101.1690082913,4.674,0.2,141.719,61.0307951043821,0.177304603447649,4.88877806399132,2076.09423828,9.871,9.783,Other,0.0,Stable,8.0
USA,United States,38.8895,-77.032,NAC,HIC,Washington D.C.,38.8895,Northern,Temperate,coastline,New York,328.03229711062244,4329.179139999999,74158.7164155605,78.3853658536585,336806231.0,1.6165,6.5,93.1444,100.0,,41.8,80.071561119178,33.8669264120375,10.9,17.0,5.42038011550903,95.743522644043,3.681,1.2,112.411,27.3139397355363,0.0299279250881351,15.7661462029808,13473.19335938,10.7,9.2,Other,0.0,Stable,8.0
UZB,Uzbekistan,41.3052,69.269,ECS,LMC,Tashkent,41.3052,Northern,Temperate,landlocked,Delhi,1584.574722736129,4598.094864,10007.685502618,72.388,35652307.0,3.5,13.3,89.0136,100.0,100.0,34.5,50.9964841114568,8.49046413042492,1.0,26.0,5.47287597270024,96.0921933647617,2.805,4.1,106.885,62.8412525378517,17.2173418207715,262.545899632803,192.11869812,26.465,6.206,Other,0.0,Stable,4.0
VCT,St. Vincent and the Grenadines,13.2035,-61.2653,LCN,UMC,Kingstown,13.2035,Northern,Tropical,coastline,New York,3300.6235004145724,1469.81362,17858.2446468702,71.23,101323.0,1.775,10.6,75.9927,100.0,,,47.7169922340041,73.1794871794872,5.1,56.0,6.4582691706334,109.648559570312,0.938,,101.631,,8.9600494606505,7.9,469.20709229,12.158,11.499,Other,0.0,Stable,5.5
VEN,"Venezuela, RB",9.08165,-69.8371,LCN,INX,Caracas,9.08165,Northern,Tropical,coastline,Mexico City,3353.233641147553,1010.9692779999999,,72.514,28300854.0,2.079,24.3,61.6,100.0,97.1867494381301,,89.249627620225,52.2949719403662,33.7,227.0,0.0031300000846386,102.23681640625,1.664,,70.2197,27.8982770650022,0.24708844293653,2.81007453416149,185.99124146,15.087,7.56,Other,0.0,Stable,4.0
VGB,British Virgin Islands,18.431389,-64.623056,LCN,HIC,Road Town,18.431389,Northern,Tropical,coastline,New York,2634.3842042697047,2051.7822234799996,,77.276,38985.0,1.045,12.7,77.7043,100.0,,,55.6407774494219,24.1333333333333,1.3,,3.1728401184082,80.8411214953271,,,92.8913,,,,,8.332,5.972,Other,0.0,Stable,8.0
VIR,Virgin Islands (U.S.),18.3358,-64.8963,LCN,HIC,Charlotte Amalie,18.3358,Northern,Tropical,coastline,New York,2635.7714383836524,2041.1412559999997,46479.2996685326,80.519512195122,104917.0,1.98,,64.3775,100.0,,,95.2740790945924,57.7428571428571,5.9,,,,,,91.462,205.629280821918,,,,11.4,9.0,Other,0.0,Stable,8.0
VNM,Viet Nam,21.0069,105.825,EAS,LMC,Hanoi,21.0069,Northern,Tropical,coastline,Dhaka,1614.0828812039183,2338.488108,13545.9346616752,74.588,100352192.0,1.913,20.0,78.08,100.0,96.129997253418,36.1,38.1298904418945,47.203321964464,24.2,48.0,2.88738689372749,100.779516746248,1.107,1.6,130.991,183.153619147836,3.19268406571154,22.7761393355962,197.19210815,13.831,6.577,Other,0.0,Stable,4.0
VUT,Vanuatu,-17.7404,168.321,EAS,LMC,Port-Vila,17.7404,Southern,Tropical,coastline,Tokyo,6661.842298021439,1974.861328,3214.70244012121,71.477,320409.0,3.596,16.8,45.7313,71.6,87.9599990844727,32.3,22.2651966823901,36.2838392124692,25.0,100.0,7.58135986328125,116.128610667961,0.164,19.5,89.2943,63.5996121674253,18.7509602200776,,143.43753052,28.05,5.083,Other,0.0,Stable,4.0
WSM,Samoa,-13.8314,-171.752,EAS,UMC,Apia,13.8314,Southern,Tropical,coastline,Tokyo,7506.263386649347,1539.711448,7383.74570300182,71.698,216663.0,3.829,15.7,58.1386,98.3,97.9899978637695,38.7,17.5012799804602,57.8093525179856,35.9,101.0,6.1096302676416,98.8477625324381,0.561,4.5,62.3987,60.8477796541449,31.4726825614257,,292.81085205,25.401,6.157,Other,0.0,Stable,5.5
XKX,Kosovo,42.565,20.926,ECS,UMC,Pristina,42.565,Northern,Temperate,coastline,Istanbul,689.4709686634137,4738.3358,14240.2030320365,78.033,1682668.0,1.545,9.1,89.443,,,38.3,49.1105579101515,,,,,,,10.0,34.5402,110.012031619226,17.240729008068,,,12.067,5.871,Other,0.0,Stable,5.5
YEM,"Yemen, Rep.",15.352,44.2075,MEA,LIC,Sana'a,15.352,Northern,Tropical,coastline,Cairo,2102.638511870992,1708.98464,,69.295,39390799.0,4.59,39.3,13.8152,76.0,,36.7,36.5707979836506,1.03983180862549,3.7,118.0,,60.1439094543457,0.098,33.3,50.8938,56.0778227215077,15.88906448277,169.761904761905,47.78109741,35.209,4.792,Other,8.0,Conflict-affected,3.0
ZAF,South Africa,-25.746,28.1871,SSF,UMC,Pretoria,25.746,Southern,Subtropical,coastline,Lagos,4477.867320244292,2866.04472,13695.3755694076,66.139,63212384.0,2.216,34.7,75.6592,86.5,90.0,63.0,63.5823705163545,13.9950786833623,9.7,118.0,6.12346982955933,95.3327484577974,0.794,31.2,171.509,64.94713440234,0.214147215380552,47.1205357142857,536.58843994,18.775,9.239,Other,0.0,Stable,5.5
ZMB,Zambia,-15.3982,28.2937,SSF,LMC,Lusaka,15.3982,Southern,Tropical,landlocked,Lagos,3670.4721322179303,1714.1276239999997,3673.4841969922,66.349,20723965.0,4.101,44.7,33.0,47.8,82.0418064991238,51.5,45.0285853521585,59.7769691548178,83.0,85.0,4.07374933049157,81.8270884471825,0.324,71.7,102.062,69.2973154193203,0.834891790615501,1.96009975062344,79.55635071,33.081,5.207,Other,0.0,Stable,4.0
ZWE,Zimbabwe,-17.8312,31.0672,SSF,LMC,Harare,17.8312,Southern,Tropical,landlocked,Lagos,4070.583377735764,1984.9691839999998,5218.02266462129,62.775,16340822.0,3.724,44.2,38.4266,50.1,93.2300033569336,50.3,39.2919370795795,44.8557321959416,82.4,358.0,0.384771297211919,85.2029321232507,0.136,49.2,91.6344,55.0673522476036,7.56925412522426,40.0463245921697,62.92946243,30.41,7.614,Other,0.0,Stable,4.0
